ISO-10303-21;
HEADER;
FILE_DESCRIPTION (( 'STEP AP214' ),
    '1' );
FILE_NAME ('1. FrontPiece (v2).STEP',
    '2026-08-17T14:45:42',
    ( '' ),
    ( '' ),
    'SwSTEP 2.0',
    'SolidWorks 2026',
    '' );
FILE_SCHEMA (( 'AUTOMOTIVE_DESIGN' ));
ENDSEC;

DATA;
#1 = ORIENTED_EDGE ( 'NONE', *, *, #838, .F. ) ;
#2 = FACE_OUTER_BOUND ( 'NONE', #1495, .T. ) ;
#3 = ADVANCED_FACE ( 'NONE', ( #743 ), #1471, .F. ) ;
#4 = CARTESIAN_POINT ( 'NONE',  ( -734.1881233438608660, 962.8151604516614270, -137.0459854098271819 ) ) ;
#5 = APPLICATION_CONTEXT ( 'automotive_design' ) ;
#6 = LINE ( 'NONE', #1086, #1431 ) ;
#7 = ADVANCED_FACE ( 'NONE', ( #1324 ), #74, .F. ) ;
#8 = DIRECTION ( 'NONE',  ( -1.000000000000000000, 2.871266442996097725E-15, -7.888609052210095283E-31 ) ) ;
#9 = VERTEX_POINT ( 'NONE', #1200 ) ;
#10 = VERTEX_POINT ( 'NONE', #1067 ) ;
#11 = CYLINDRICAL_SURFACE ( 'NONE', #1167, 2.550000000000052225 ) ;
#12 = ORIENTED_EDGE ( 'NONE', *, *, #1390, .T. ) ;
#13 = FACE_OUTER_BOUND ( 'NONE', #716, .T. ) ;
#14 = EDGE_CURVE ( 'NONE', #1239, #10, #1624, .T. ) ;
#15 = CARTESIAN_POINT ( 'NONE',  ( -641.6881233438613208, 924.2151604516615180, 0.2999999999999669598 ) ) ;
#16 = ORIENTED_EDGE ( 'NONE', *, *, #1701, .F. ) ;
#17 = VERTEX_POINT ( 'NONE', #1349 ) ;
#18 = CARTESIAN_POINT ( 'NONE',  ( -752.3417919911629497, 847.8375698014356203, -281.7294101747089030 ) ) ;
#19 = ORIENTED_EDGE ( 'NONE', *, *, #1522, .T. ) ;
#20 = LINE ( 'NONE', #451, #551 ) ;
#21 = AXIS2_PLACEMENT_3D ( 'NONE', #1263, #606, #148 ) ;
#22 = CLOSED_SHELL ( 'NONE', ( #829, #1710, #1639, #1198, #1465, #1587, #857, #3, #628, #238, #890, #690, #1610, #1408, #896, #850, #423, #267, #146, #62, #1354, #1091, #1405, #1120, #920, #579, #1309, #1688, #1678, #1134, #1517, #634, #1563, #1764, #810, #1680, #973, #1555, #1155, #1080, #603, #777, #372, #1015, #431, #1480, #38, #82, #984, #277, #566, #7, #1740, #317, #994, #1347, #215, #28 ) ) ;
#23 = AXIS2_PLACEMENT_3D ( 'NONE', #539, #1078, #1217 ) ;
#24 = AXIS2_PLACEMENT_3D ( 'NONE', #1084, #1496, #1111 ) ;
#25 = PLANE ( 'NONE',  #1331 ) ;
#26 = VECTOR ( 'NONE', #1303, 1000.000000000000000 ) ;
#27 = ORIENTED_EDGE ( 'NONE', *, *, #1450, .F. ) ;
#28 = ADVANCED_FACE ( 'NONE', ( #928 ), #1489, .F. ) ;
#29 = EDGE_LOOP ( 'NONE', ( #16, #754, #1295, #891 ) ) ;
#30 = DIRECTION ( 'NONE',  ( -1.000000000000000000, 0.000000000000000000, 0.000000000000000000 ) ) ;
#31 = EDGE_LOOP ( 'NONE', ( #505, #1540, #1045, #507 ) ) ;
#32 = DIRECTION ( 'NONE',  ( -0.000000000000000000, -0.000000000000000000, -1.000000000000000000 ) ) ;
#33 = CARTESIAN_POINT ( 'NONE',  ( -796.6881233438613208, 924.2151604516609495, 0.2999999999999669598 ) ) ;
#34 = LINE ( 'NONE', #1499, #1664 ) ;
#35 = ORIENTED_EDGE ( 'NONE', *, *, #1597, .F. ) ;
#36 = ORIENTED_EDGE ( 'NONE', *, *, #1754, .F. ) ;
#37 = FACE_OUTER_BOUND ( 'NONE', #1608, .T. ) ;
#38 = ADVANCED_FACE ( 'NONE', ( #1497 ), #1804, .T. ) ;
#39 = ORIENTED_EDGE ( 'NONE', *, *, #1733, .F. ) ;
#40 = CARTESIAN_POINT ( 'NONE',  ( -641.6881233438617755, 829.2151604516614043, 0.2999999999999669598 ) ) ;
#41 = FACE_OUTER_BOUND ( 'NONE', #1628, .T. ) ;
#42 = CARTESIAN_POINT ( 'NONE',  ( -756.6881233438610934, 904.3151604516611997, 5.000000000000000000 ) ) ;
#43 = ORIENTED_EDGE ( 'NONE', *, *, #543, .F. ) ;
#44 = VERTEX_POINT ( 'NONE', #547 ) ;
#45 = CARTESIAN_POINT ( 'NONE',  ( -639.1881233438608660, 948.3151604516614270, 1.900000000000012790 ) ) ;
#46 = VERTEX_POINT ( 'NONE', #687 ) ;
#47 = EDGE_CURVE ( 'NONE', #1363, #1729, #100, .T. ) ;
#48 = DIRECTION ( 'NONE',  ( 7.888609052210118054E-31, 1.577721810442023611E-30, -1.000000000000000000 ) ) ;
#49 = CARTESIAN_POINT ( 'NONE',  ( -744.6881233438608660, 839.2151604516614043, -9.700000000000041922 ) ) ;
#50 = EDGE_CURVE ( 'NONE', #203, #232, #1662, .T. ) ;
#51 = VECTOR ( 'NONE', #75, 1000.000000000000000 ) ;
#52 = CARTESIAN_POINT ( 'NONE',  ( -752.3417919911629497, 943.7927511018870064, 5.000000000000000000 ) ) ;
#53 = AXIS2_PLACEMENT_3D ( 'NONE', #1010, #1085, #1357 ) ;
#54 = DIRECTION ( 'NONE',  ( 1.000000000000000000, 0.000000000000000000, 7.888609052210118054E-31 ) ) ;
#55 = CIRCLE ( 'NONE', #169, 54.99999999999993605 ) ;
#56 = AXIS2_PLACEMENT_3D ( 'NONE', #1554, #294, #1004 ) ;
#57 = VERTEX_POINT ( 'NONE', #1667 ) ;
#58 = CARTESIAN_POINT ( 'NONE',  ( -775.8959167827790679, 884.3151604516569932, 19.15685424949245430 ) ) ;
#59 = ORIENTED_EDGE ( 'NONE', *, *, #520, .F. ) ;
#60 = DIRECTION ( 'NONE',  ( 0.000000000000000000, -1.000000000000000000, 0.000000000000000000 ) ) ;
#61 = EDGE_CURVE ( 'NONE', #1598, #1742, #1049, .T. ) ;
#62 = ADVANCED_FACE ( 'NONE', ( #1215 ), #1519, .T. ) ;
#63 = FACE_BOUND ( 'NONE', #924, .T. ) ;
#64 = VERTEX_POINT ( 'NONE', #241 ) ;
#65 = DIRECTION ( 'NONE',  ( 0.000000000000000000, 0.000000000000000000, 1.000000000000000000 ) ) ;
#66 = VERTEX_POINT ( 'NONE', #1783 ) ;
#67 = DIRECTION ( 'NONE',  ( 0.000000000000000000, 0.000000000000000000, 1.000000000000000000 ) ) ;
#68 = DIRECTION ( 'NONE',  ( 1.110223024625155594E-14, 1.000000000000000000, 0.000000000000000000 ) ) ;
#69 = EDGE_CURVE ( 'NONE', #1353, #1683, #195, .T. ) ;
#70 = ORIENTED_EDGE ( 'NONE', *, *, #1627, .F. ) ;
#71 = CARTESIAN_POINT ( 'NONE',  ( -621.0344546965593509, 847.8375698014351656, 0.000000000000000000 ) ) ;
#72 = VERTEX_POINT ( 'NONE', #272 ) ;
#73 = CARTESIAN_POINT ( 'NONE',  ( -752.3417919911629497, 847.8375698014356203, 5.000000000000000000 ) ) ;
#74 = CYLINDRICAL_SURFACE ( 'NONE', #1424, 2.000000000000001776 ) ;
#75 = DIRECTION ( 'NONE',  ( -0.000000000000000000, -0.000000000000000000, 1.000000000000000000 ) ) ;
#76 = VECTOR ( 'NONE', #679, 1000.000000000000000 ) ;
#77 = AXIS2_PLACEMENT_3D ( 'NONE', #15, #886, #318 ) ;
#78 = VECTOR ( 'NONE', #717, 1000.000000000000000 ) ;
#79 = VERTEX_POINT ( 'NONE', #115 ) ;
#80 = CARTESIAN_POINT ( 'NONE',  ( -639.1881233438608660, 962.8151604516614270, -9.700000000000041922 ) ) ;
#81 = CIRCLE ( 'NONE', #441, 2.000000000000001776 ) ;
#82 = ADVANCED_FACE ( 'NONE', ( #1772 ), #1545, .T. ) ;
#83 = AXIS2_PLACEMENT_3D ( 'NONE', #741, #1000, #156 ) ;
#84 = VERTEX_POINT ( 'NONE', #693 ) ;
#85 = CARTESIAN_POINT ( 'NONE',  ( -796.6881233438613208, 924.2151604516609495, 13.50000000000006750 ) ) ;
#86 = LINE ( 'NONE', #1645, #1753 ) ;
#87 = CARTESIAN_POINT ( 'NONE',  ( -756.6881233438610934, 884.3151604516610860, 5.000000000000000000 ) ) ;
#88 = LINE ( 'NONE', #904, #1129 ) ;
#89 = ORIENTED_EDGE ( 'NONE', *, *, #50, .F. ) ;
#90 = FACE_OUTER_BOUND ( 'NONE', #1319, .T. ) ;
#91 = VERTEX_POINT ( 'NONE', #528 ) ;
#92 = CARTESIAN_POINT ( 'NONE',  ( -599.1643969440773390, 904.3151604516564248, 13.50000000000006750 ) ) ;
#93 = EDGE_CURVE ( 'NONE', #831, #1061, #559, .T. ) ;
#94 = EDGE_LOOP ( 'NONE', ( #915, #276, #533, #808 ) ) ;
#95 = FACE_BOUND ( 'NONE', #1775, .T. ) ;
#96 = VERTEX_POINT ( 'NONE', #1113 ) ;
#97 = DIRECTION ( 'NONE',  ( 1.000000000000000000, 0.000000000000000000, 0.000000000000000000 ) ) ;
#98 = ORIENTED_EDGE ( 'NONE', *, *, #543, .T. ) ;
#99 = EDGE_CURVE ( 'NONE', #654, #1708, #802, .T. ) ;
#100 = LINE ( 'NONE', #826, #135 ) ;
#101 = CARTESIAN_POINT ( 'NONE',  ( -597.4803299049431189, 884.3151604516563111, 13.50000000000006750 ) ) ;
#102 = EDGE_CURVE ( 'NONE', #513, #249, #1777, .T. ) ;
#103 = DIRECTION ( 'NONE',  ( 1.000000000000000000, 0.000000000000000000, 7.888609052210118054E-31 ) ) ;
#104 = CARTESIAN_POINT ( 'NONE',  ( -744.6881233438608660, 925.3151604516613133, 0.000000000000000000 ) ) ;
#105 = ORIENTED_EDGE ( 'NONE', *, *, #901, .F. ) ;
#106 = CARTESIAN_POINT ( 'NONE',  ( -774.2118497436447342, 904.3151604516571069, 19.15685424949245430 ) ) ;
#107 = VECTOR ( 'NONE', #688, 1000.000000000000000 ) ;
#108 = CIRCLE ( 'NONE', #962, 2.550000000000052225 ) ;
#109 = AXIS2_PLACEMENT_3D ( 'NONE', #1479, #336, #893 ) ;
#110 = AXIS2_PLACEMENT_3D ( 'NONE', #92, #412, #935 ) ;
#111 = ORIENTED_EDGE ( 'NONE', *, *, #295, .T. ) ;
#112 = LINE ( 'NONE', #127, #287 ) ;
#113 = VECTOR ( 'NONE', #1375, 1000.000000000000000 ) ;
#114 = AXIS2_PLACEMENT_3D ( 'NONE', #429, #801, #1414 ) ;
#115 = CARTESIAN_POINT ( 'NONE',  ( -734.1881233438608660, 948.3151604516614270, 13.50000000000006750 ) ) ;
#116 = EDGE_CURVE ( 'NONE', #419, #425, #1394, .T. ) ;
#117 = DIRECTION ( 'NONE',  ( -1.000000000000000000, 0.000000000000000000, 0.000000000000000000 ) ) ;
#118 = ORIENTED_EDGE ( 'NONE', *, *, #131, .T. ) ;
#119 = CARTESIAN_POINT ( 'NONE',  ( -752.3417919911629497, 943.7927511018870064, 0.000000000000000000 ) ) ;
#120 = ORIENTED_EDGE ( 'NONE', *, *, #136, .T. ) ;
#121 = DIRECTION ( 'NONE',  ( 0.000000000000000000, 0.000000000000000000, 1.000000000000000000 ) ) ;
#122 = CARTESIAN_POINT ( 'NONE',  ( -764.6881233438609797, 925.3151604516613133, 0.000000000000000000 ) ) ;
#123 = CARTESIAN_POINT ( 'NONE',  ( -628.6881233438609797, 925.3151604516609723, -281.7294101747089030 ) ) ;
#124 = EDGE_CURVE ( 'NONE', #578, #160, #371, .T. ) ;
#125 = ORIENTED_EDGE ( 'NONE', *, *, #1494, .F. ) ;
#126 = ORIENTED_EDGE ( 'NONE', *, *, #1654, .T. ) ;
#127 = CARTESIAN_POINT ( 'NONE',  ( -731.6881233438607524, 989.2151604516615180, -281.7294101747089030 ) ) ;
#128 = CARTESIAN_POINT ( 'NONE',  ( -734.1881233438608660, 977.3151604516610860, 13.50000000000006750 ) ) ;
#129 = CARTESIAN_POINT ( 'NONE',  ( -639.1881233438608660, 948.3151604516614270, 13.50000000000006750 ) ) ;
#130 = EDGE_LOOP ( 'NONE', ( #1689, #1660, #1510, #1406 ) ) ;
#131 = EDGE_CURVE ( 'NONE', #84, #855, #1274, .T. ) ;
#132 = VECTOR ( 'NONE', #835, 1000.000000000000000 ) ;
#133 = VERTEX_POINT ( 'NONE', #1207 ) ;
#134 = CARTESIAN_POINT ( 'NONE',  ( -756.6881233438610934, 904.3151604516611997, 5.000000000000000000 ) ) ;
#135 = VECTOR ( 'NONE', #414, 1000.000000000000000 ) ;
#136 = EDGE_CURVE ( 'NONE', #236, #1576, #1368, .T. ) ;
#137 = VECTOR ( 'NONE', #1247, 1000.000000000000000 ) ;
#138 = AXIS2_PLACEMENT_3D ( 'NONE', #1197, #1470, #900 ) ;
#139 = CARTESIAN_POINT ( 'NONE',  ( -756.6881233438610934, 904.3151604516611997, 5.000000000000000000 ) ) ;
#140 = VECTOR ( 'NONE', #65, 1000.000000000000000 ) ;
#141 = LINE ( 'NONE', #129, #194 ) ;
#142 = ORIENTED_EDGE ( 'NONE', *, *, #1006, .T. ) ;
#143 = ORIENTED_EDGE ( 'NONE', *, *, #1343, .T. ) ;
#144 = DIRECTION ( 'NONE',  ( 0.000000000000000000, 0.000000000000000000, 1.000000000000000000 ) ) ;
#145 = ORIENTED_EDGE ( 'NONE', *, *, #719, .F. ) ;
#146 = ADVANCED_FACE ( 'NONE', ( #1226 ), #1795, .T. ) ;
#147 = DIRECTION ( 'NONE',  ( -0.000000000000000000, -1.000000000000000000, -7.888609052210118054E-31 ) ) ;
#148 = DIRECTION ( 'NONE',  ( 1.000000000000000000, 0.000000000000000000, 0.000000000000000000 ) ) ;
#149 = CARTESIAN_POINT ( 'NONE',  ( -641.6881233438613208, 924.2151604516615180, 5.000000000000000000 ) ) ;
#150 = ORIENTED_EDGE ( 'NONE', *, *, #1505, .T. ) ;
#151 = LINE ( 'NONE', #246, #284 ) ;
#152 = ORIENTED_EDGE ( 'NONE', *, *, #69, .F. ) ;
#153 = DIRECTION ( 'NONE',  ( 7.888609052210118054E-31, 7.888609052210118054E-31, -1.000000000000000000 ) ) ;
#154 = CARTESIAN_POINT ( 'NONE',  ( -601.4803299049431189, 884.3151604516563111, -9.700000000000041922 ) ) ;
#155 = CARTESIAN_POINT ( 'NONE',  ( -641.6881233438617755, 989.2151604516615180, 13.50000000000006750 ) ) ;
#156 = DIRECTION ( 'NONE',  ( 1.000000000000000000, 0.000000000000000000, 0.000000000000000000 ) ) ;
#157 = EDGE_CURVE ( 'NONE', #1598, #165, #586, .T. ) ;
#158 = LINE ( 'NONE', #495, #51 ) ;
#159 = CARTESIAN_POINT ( 'NONE',  ( -734.1881233438608660, 948.3151604516614270, 1.900000000000012790 ) ) ;
#160 = VERTEX_POINT ( 'NONE', #852 ) ;
#161 = CARTESIAN_POINT ( 'NONE',  ( -639.1881233438608660, 945.3151604516609723, 1.900000000000012790 ) ) ;
#162 = ORIENTED_EDGE ( 'NONE', *, *, #445, .T. ) ;
#163 = CARTESIAN_POINT ( 'NONE',  ( -639.1881233438608660, 945.3151604516609723, 13.50000000000006750 ) ) ;
#164 = VECTOR ( 'NONE', #147, 1000.000000000000000 ) ;
#165 = VERTEX_POINT ( 'NONE', #154 ) ;
#166 = CARTESIAN_POINT ( 'NONE',  ( 0.000000000000000000, 948.3151604516614270, -137.0459854098271819 ) ) ;
#167 = PLANE ( 'NONE',  #1305 ) ;
#168 = AXIS2_PLACEMENT_3D ( 'NONE', #620, #471, #1706 ) ;
#169 = AXIS2_PLACEMENT_3D ( 'NONE', #849, #153, #302 ) ;
#170 = CIRCLE ( 'NONE', #1549, 2.550000000000052225 ) ;
#171 = DIRECTION ( 'NONE',  ( 7.888609052210118054E-31, 1.577721810442023611E-30, -1.000000000000000000 ) ) ;
#172 = AXIS2_PLACEMENT_3D ( 'NONE', #985, #1311, #733 ) ;
#173 = ORIENTED_EDGE ( 'NONE', *, *, #746, .T. ) ;
#174 = EDGE_CURVE ( 'NONE', #72, #1525, #1396, .T. ) ;
#175 = ORIENTED_EDGE ( 'NONE', *, *, #102, .T. ) ;
#176 = DIRECTION ( 'NONE',  ( -1.000000000000000000, 0.000000000000000000, 0.000000000000000000 ) ) ;
#177 = DIRECTION ( 'NONE',  ( -7.888609052210118054E-31, -7.888609052210118054E-31, 1.000000000000000000 ) ) ;
#178 = CARTESIAN_POINT ( 'NONE',  ( -641.6881233438617755, 989.2151604516615180, 13.50000000000006750 ) ) ;
#179 = CYLINDRICAL_SURFACE ( 'NONE', #1213, 2.550000000000052225 ) ;
#180 = ORIENTED_EDGE ( 'NONE', *, *, #401, .T. ) ;
#181 = EDGE_CURVE ( 'NONE', #293, #562, #108, .T. ) ;
#182 = EDGE_LOOP ( 'NONE', ( #1403, #682 ) ) ;
#183 = DIRECTION ( 'NONE',  ( 0.000000000000000000, 0.000000000000000000, 1.000000000000000000 ) ) ;
#184 = EDGE_LOOP ( 'NONE', ( #708, #498, #1070, #585, #806, #1580, #432, #839 ) ) ;
#185 = DIRECTION ( 'NONE',  ( -0.000000000000000000, -0.000000000000000000, -1.000000000000000000 ) ) ;
#186 = FACE_OUTER_BOUND ( 'NONE', #1759, .T. ) ;
#187 = CARTESIAN_POINT ( 'NONE',  ( -621.0344546965593509, 943.7927511018867790, 13.50000000000006750 ) ) ;
#188 = ORIENTED_EDGE ( 'NONE', *, *, #814, .F. ) ;
#189 = LINE ( 'NONE', #58, #349 ) ;
#190 = EDGE_CURVE ( 'NONE', #66, #1612, #1366, .T. ) ;
#191 = ORIENTED_EDGE ( 'NONE', *, *, #14, .F. ) ;
#192 = DIRECTION ( 'NONE',  ( 0.000000000000000000, -1.000000000000000000, -1.577721810442023611E-30 ) ) ;
#193 = EDGE_CURVE ( 'NONE', #598, #1196, #1581, .T. ) ;
#194 = VECTOR ( 'NONE', #707, 1000.000000000000000 ) ;
#195 = CIRCLE ( 'NONE', #1162, 2.000000000000001776 ) ;
#196 = DIRECTION ( 'NONE',  ( -7.888609052210118054E-31, -1.577721810442023611E-30, 1.000000000000000000 ) ) ;
#197 = AXIS2_PLACEMENT_3D ( 'NONE', #1529, #422, #1638 ) ;
#198 = CIRCLE ( 'NONE', #727, 20.00000000000001776 ) ;
#199 = AXIS2_PLACEMENT_3D ( 'NONE', #1148, #618, #1108 ) ;
#200 = CIRCLE ( 'NONE', #676, 10.00000000000000000 ) ;
#201 = CYLINDRICAL_SURFACE ( 'NONE', #243, 2.000000000000001776 ) ;
#202 = AXIS2_PLACEMENT_3D ( 'NONE', #222, #1044, #1326 ) ;
#203 = VERTEX_POINT ( 'NONE', #1261 ) ;
#204 = CARTESIAN_POINT ( 'NONE',  ( -744.6881233438608660, 925.3151604516613133, -9.700000000000041922 ) ) ;
#205 = VERTEX_POINT ( 'NONE', #1705 ) ;
#206 = DIRECTION ( 'NONE',  ( 7.888609052210118054E-31, 1.577721810442023611E-30, -1.000000000000000000 ) ) ;
#207 = EDGE_CURVE ( 'NONE', #1674, #674, #1557, .T. ) ;
#208 = LINE ( 'NONE', #768, #1781 ) ;
#209 = DIRECTION ( 'NONE',  ( -0.000000000000000000, -0.000000000000000000, -1.000000000000000000 ) ) ;
#210 = ORIENTED_EDGE ( 'NONE', *, *, #1100, .T. ) ;
#211 = DIRECTION ( 'NONE',  ( 1.110223024625156540E-14, 0.000000000000000000, -1.000000000000000000 ) ) ;
#212 = EDGE_LOOP ( 'NONE', ( #1391, #1586, #483, #1002 ) ) ;
#213 = FACE_OUTER_BOUND ( 'NONE', #212, .T. ) ;
#214 = DIRECTION ( 'NONE',  ( -0.000000000000000000, -0.000000000000000000, -1.000000000000000000 ) ) ;
#215 = ADVANCED_FACE ( 'NONE', ( #13 ), #884, .F. ) ;
#216 = LINE ( 'NONE', #224, #347 ) ;
#217 = EDGE_CURVE ( 'NONE', #820, #1474, #312, .T. ) ;
#218 = ORIENTED_EDGE ( 'NONE', *, *, #509, .F. ) ;
#219 = FACE_BOUND ( 'NONE', #1265, .T. ) ;
#220 = VERTEX_POINT ( 'NONE', #1719 ) ;
#221 = CARTESIAN_POINT ( 'NONE',  ( -639.1881233438608660, 962.8151604516614270, 13.50000000000006750 ) ) ;
#222 = CARTESIAN_POINT ( 'NONE',  ( -773.8959167827790679, 884.3151604516569932, 13.50000000000006750 ) ) ;
#223 = EDGE_LOOP ( 'NONE', ( #485, #1711, #1614, #1257 ) ) ;
#224 = CARTESIAN_POINT ( 'NONE',  ( -796.6881233438613208, 924.2151604516609495, -281.7294101747089030 ) ) ;
#225 = AXIS2_PLACEMENT_3D ( 'NONE', #538, #1282, #288 ) ;
#226 = VECTOR ( 'NONE', #1437, 1000.000000000000000 ) ;
#227 = VECTOR ( 'NONE', #144, 1000.000000000000000 ) ;
#228 = EDGE_CURVE ( 'NONE', #513, #84, #20, .T. ) ;
#229 = ORIENTED_EDGE ( 'NONE', *, *, #1216, .T. ) ;
#230 = PLANE ( 'NONE',  #1401 ) ;
#231 = AXIS2_PLACEMENT_3D ( 'NONE', #351, #183, #1296 ) ;
#232 = VERTEX_POINT ( 'NONE', #865 ) ;
#233 = CARTESIAN_POINT ( 'NONE',  ( -775.8959167827790679, 884.3151604516569932, -9.700000000000041922 ) ) ;
#234 = EDGE_LOOP ( 'NONE', ( #1682, #639 ) ) ;
#235 = FACE_BOUND ( 'NONE', #992, .T. ) ;
#236 = VERTEX_POINT ( 'NONE', #303 ) ;
#237 = DIRECTION ( 'NONE',  ( 0.000000000000000000, 0.000000000000000000, 1.000000000000000000 ) ) ;
#238 = ADVANCED_FACE ( 'NONE', ( #1126 ), #1119, .F. ) ;
#239 = VERTEX_POINT ( 'NONE', #731 ) ;
#240 = EDGE_CURVE ( 'NONE', #1612, #239, #1444, .T. ) ;
#241 = CARTESIAN_POINT ( 'NONE',  ( -731.6881233438607524, 839.2151604516614043, -9.700000000000041922 ) ) ;
#242 = LINE ( 'NONE', #155, #310 ) ;
#243 = AXIS2_PLACEMENT_3D ( 'NONE', #722, #330, #1160 ) ;
#244 = CARTESIAN_POINT ( 'NONE',  ( -759.2381233438610479, 884.3151604516610860, 5.000000000000000000 ) ) ;
#245 = FACE_OUTER_BOUND ( 'NONE', #751, .T. ) ;
#246 = CARTESIAN_POINT ( 'NONE',  ( -1.004582693266579969E-28, 948.3151604516614270, -9.700000000000041922 ) ) ;
#247 = ORIENTED_EDGE ( 'NONE', *, *, #417, .F. ) ;
#248 = LINE ( 'NONE', #1362, #1218 ) ;
#249 = VERTEX_POINT ( 'NONE', #440 ) ;
#250 = EDGE_CURVE ( 'NONE', #1393, #832, #1290, .T. ) ;
#251 = CARTESIAN_POINT ( 'NONE',  ( -608.6881233438608660, 925.3151604516607449, 0.000000000000000000 ) ) ;
#252 = EDGE_CURVE ( 'NONE', #9, #66, #988, .T. ) ;
#253 = DIRECTION ( 'NONE',  ( 7.888609052210118054E-31, 7.888609052210118054E-31, -1.000000000000000000 ) ) ;
#254 = DIRECTION ( 'NONE',  ( 0.000000000000000000, -1.110223024625156540E-14, -1.000000000000000000 ) ) ;
#255 = CARTESIAN_POINT ( 'NONE',  ( -796.6881233438613208, 894.2151604516619727, -281.7294101747089030 ) ) ;
#256 = DIRECTION ( 'NONE',  ( -1.000000000000000000, 0.000000000000000000, 0.000000000000000000 ) ) ;
#257 = ORIENTED_EDGE ( 'NONE', *, *, #50, .T. ) ;
#258 = DIRECTION ( 'NONE',  ( -1.000000000000000000, 0.000000000000000000, 0.000000000000000000 ) ) ;
#259 = AXIS2_PLACEMENT_3D ( 'NONE', #104, #1679, #344 ) ;
#260 = AXIS2_PLACEMENT_3D ( 'NONE', #139, #1536, #403 ) ;
#261 = AXIS2_PLACEMENT_3D ( 'NONE', #827, #1087, #549 ) ;
#262 = CIRCLE ( 'NONE', #1696, 20.00000000000001776 ) ;
#263 = ORIENTED_EDGE ( 'NONE', *, *, #755, .F. ) ;
#264 = CARTESIAN_POINT ( 'NONE',  ( -734.1881233438608660, 977.3151604516610860, -9.700000000000041922 ) ) ;
#265 = VECTOR ( 'NONE', #1657, 1000.000000000000000 ) ;
#266 = CARTESIAN_POINT ( 'NONE',  ( -628.6881233438609797, 945.3151604516609723, 13.50000000000006750 ) ) ;
#267 = ADVANCED_FACE ( 'NONE', ( #705 ), #1146, .T. ) ;
#268 = CARTESIAN_POINT ( 'NONE',  ( -734.1881233438608660, 849.6095702283100763, 1.900000000000012790 ) ) ;
#269 = ORIENTED_EDGE ( 'NONE', *, *, #931, .T. ) ;
#270 = ORIENTED_EDGE ( 'NONE', *, *, #636, .F. ) ;
#271 = CARTESIAN_POINT ( 'NONE',  ( -641.6881233438613208, 924.2151604516615180, 0.2999999999999669598 ) ) ;
#272 = CARTESIAN_POINT ( 'NONE',  ( -614.1381233438610252, 884.3151604516609723, 5.000000000000000000 ) ) ;
#273 = FACE_OUTER_BOUND ( 'NONE', #851, .T. ) ;
#274 = DIRECTION ( 'NONE',  ( -0.000000000000000000, 0.000000000000000000, 1.000000000000000000 ) ) ;
#275 = CARTESIAN_POINT ( 'NONE',  ( -641.6881233438617755, 989.2151604516615180, -281.7294101747089030 ) ) ;
#276 = ORIENTED_EDGE ( 'NONE', *, *, #1461, .F. ) ;
#277 = ADVANCED_FACE ( 'NONE', ( #1156 ), #1254, .F. ) ;
#278 = ORIENTED_EDGE ( 'NONE', *, *, #704, .F. ) ;
#279 = CARTESIAN_POINT ( 'NONE',  ( -641.6881233438613208, 924.2151604516615180, -9.700000000000041922 ) ) ;
#280 = CARTESIAN_POINT ( 'NONE',  ( -639.1881233438608660, 962.8151604516614270, -9.700000000000041922 ) ) ;
#281 = CARTESIAN_POINT ( 'NONE',  ( -734.1881233438608660, 945.3151604516613133, 1.900000000000012790 ) ) ;
#282 = ORIENTED_EDGE ( 'NONE', *, *, #1145, .F. ) ;
#283 = EDGE_CURVE ( 'NONE', #1302, #203, #1181, .T. ) ;
#284 = VECTOR ( 'NONE', #696, 1000.000000000000000 ) ;
#285 = ORIENTED_EDGE ( 'NONE', *, *, #1597, .T. ) ;
#286 = AXIS2_PLACEMENT_3D ( 'NONE', #930, #196, #486 ) ;
#287 = VECTOR ( 'NONE', #1794, 1000.000000000000000 ) ;
#288 = DIRECTION ( 'NONE',  ( 0.000000000000000000, 0.000000000000000000, 1.000000000000000000 ) ) ;
#289 = AXIS2_PLACEMENT_3D ( 'NONE', #1488, #537, #937 ) ;
#290 = CARTESIAN_POINT ( 'NONE',  ( -764.6881233438610934, 866.3151604516615407, -9.700000000000041922 ) ) ;
#291 = CARTESIAN_POINT ( 'NONE',  ( -641.6881233438613208, 924.2151604516615180, 5.000000000000000000 ) ) ;
#292 = ORIENTED_EDGE ( 'NONE', *, *, #1370, .F. ) ;
#293 = VERTEX_POINT ( 'NONE', #1745 ) ;
#294 = DIRECTION ( 'NONE',  ( 7.888609052210118054E-31, 1.577721810442023611E-30, -1.000000000000000000 ) ) ;
#295 = EDGE_CURVE ( 'NONE', #332, #730, #1074, .T. ) ;
#296 = ORIENTED_EDGE ( 'NONE', *, *, #1741, .F. ) ;
#297 = DIRECTION ( 'NONE',  ( 1.000000000000000000, 0.000000000000000000, 0.000000000000000000 ) ) ;
#298 = EDGE_CURVE ( 'NONE', #1239, #79, #343, .T. ) ;
#299 = CARTESIAN_POINT ( 'NONE',  ( -616.6881233438609797, 884.3151604516609723, 5.000000000000000000 ) ) ;
#300 = EDGE_LOOP ( 'NONE', ( #118, #1513, #581, #1338 ) ) ;
#301 = ORIENTED_EDGE ( 'NONE', *, *, #445, .F. ) ;
#302 = DIRECTION ( 'NONE',  ( -1.000000000000000000, 0.000000000000000000, 0.000000000000000000 ) ) ;
#303 = CARTESIAN_POINT ( 'NONE',  ( -628.6881233438609797, 945.3151604516609723, 13.50000000000006750 ) ) ;
#304 = CARTESIAN_POINT ( 'NONE',  ( -731.6881233438613208, 894.2151604516614043, 0.2999999999999669598 ) ) ;
#305 = EDGE_CURVE ( 'NONE', #977, #921, #1189, .T. ) ;
#306 = DIRECTION ( 'NONE',  ( 0.000000000000000000, 0.000000000000000000, 1.000000000000000000 ) ) ;
#307 = ORIENTED_EDGE ( 'NONE', *, *, #1229, .T. ) ;
#308 = VERTEX_POINT ( 'NONE', #1462 ) ;
#309 = DIRECTION ( 'NONE',  ( 0.000000000000000000, 1.000000000000000000, 1.577721810442023611E-30 ) ) ;
#310 = VECTOR ( 'NONE', #1449, 1000.000000000000000 ) ;
#311 = FACE_OUTER_BOUND ( 'NONE', #1761, .T. ) ;
#312 = CIRCLE ( 'NONE', #1330, 20.00000000000001776 ) ;
#313 = DIRECTION ( 'NONE',  ( 0.000000000000000000, 0.000000000000000000, 1.000000000000000000 ) ) ;
#314 = AXIS2_PLACEMENT_3D ( 'NONE', #1149, #1027, #714 ) ;
#315 = CIRCLE ( 'NONE', #1333, 2.000000000000001776 ) ;
#316 = CIRCLE ( 'NONE', #1607, 2.550000000000052225 ) ;
#317 = ADVANCED_FACE ( 'NONE', ( #213 ), #1322, .F. ) ;
#318 = DIRECTION ( 'NONE',  ( -1.000000000000000000, -1.708035422500242257E-15, 0.000000000000000000 ) ) ;
#319 = AXIS2_PLACEMENT_3D ( 'NONE', #304, #764, #1512 ) ;
#320 = ORIENTED_EDGE ( 'NONE', *, *, #1216, .F. ) ;
#321 = LINE ( 'NONE', #482, #1789 ) ;
#322 = ORIENTED_EDGE ( 'NONE', *, *, #1721, .T. ) ;
#323 = DIRECTION ( 'NONE',  ( 1.000000000000000000, 0.000000000000000000, 0.000000000000000000 ) ) ;
#324 = ORIENTED_EDGE ( 'NONE', *, *, #1773, .F. ) ;
#325 = CARTESIAN_POINT ( 'NONE',  ( -639.1881233438608660, 948.3151604516614270, -137.0459854098271819 ) ) ;
#326 = DIRECTION ( 'NONE',  ( 7.888609052210118054E-31, 7.888609052210118054E-31, -1.000000000000000000 ) ) ;
#327 = LINE ( 'NONE', #735, #1018 ) ;
#328 = EDGE_CURVE ( 'NONE', #709, #789, #757, .T. ) ;
#329 = DIRECTION ( 'NONE',  ( 1.000000000000000000, 0.000000000000000000, -0.000000000000000000 ) ) ;
#330 = DIRECTION ( 'NONE',  ( 7.888609052210118054E-31, 7.888609052210118054E-31, -1.000000000000000000 ) ) ;
#331 = EDGE_CURVE ( 'NONE', #66, #1420, #1032, .T. ) ;
#332 = VERTEX_POINT ( 'NONE', #908 ) ;
#333 = DIRECTION ( 'NONE',  ( 0.000000000000000000, -1.000000000000000000, -7.888609052210118054E-31 ) ) ;
#334 = EDGE_LOOP ( 'NONE', ( #1481, #1767 ) ) ;
#335 = CARTESIAN_POINT ( 'NONE',  ( -786.6881233438613208, 924.2151604516609495, -9.700000000000041922 ) ) ;
#336 = DIRECTION ( 'NONE',  ( -1.000000000000000000, 1.881733940042647390E-15, 0.000000000000000000 ) ) ;
#337 = UNCERTAINTY_MEASURE_WITH_UNIT (LENGTH_MEASURE( 1.000000000000000082E-05 ), #664, 'distance_accuracy_value', 'NONE');
#338 = ORIENTED_EDGE ( 'NONE', *, *, #1177, .F. ) ;
#339 = DIRECTION ( 'NONE',  ( -0.000000000000000000, -1.000000000000000000, -0.000000000000000000 ) ) ;
#340 = EDGE_CURVE ( 'NONE', #10, #355, #262, .T. ) ;
#341 = DIRECTION ( 'NONE',  ( 0.000000000000000000, 0.000000000000000000, 1.000000000000000000 ) ) ;
#342 = VERTEX_POINT ( 'NONE', #335 ) ;
#343 = LINE ( 'NONE', #1298, #926 ) ;
#344 = DIRECTION ( 'NONE',  ( 1.000000000000000000, 0.000000000000000000, 0.000000000000000000 ) ) ;
#345 = VECTOR ( 'NONE', #393, 1000.000000000000000 ) ;
#346 = CARTESIAN_POINT ( 'NONE',  ( -744.6881233438607524, 945.3151604516613133, -9.700000000000041922 ) ) ;
#347 = VECTOR ( 'NONE', #761, 1000.000000000000000 ) ;
#348 =( GEOMETRIC_REPRESENTATION_CONTEXT ( 3 ) GLOBAL_UNCERTAINTY_ASSIGNED_CONTEXT ( ( #337 ) ) GLOBAL_UNIT_ASSIGNED_CONTEXT ( ( #664, #678, #379 ) ) REPRESENTATION_CONTEXT ( 'NONE', 'WORKASPACE' ) );
#349 = VECTOR ( 'NONE', #763, 1000.000000000000000 ) ;
#350 = EDGE_LOOP ( 'NONE', ( #125, #150, #378, #1590 ) ) ;
#351 = CARTESIAN_POINT ( 'NONE',  ( -756.6881233438610934, 884.3151604516610860, 5.000000000000000000 ) ) ;
#352 = ORIENTED_EDGE ( 'NONE', *, *, #433, .F. ) ;
#353 = EDGE_CURVE ( 'NONE', #46, #744, #846, .T. ) ;
#354 = DIRECTION ( 'NONE',  ( 0.000000000000000000, 0.000000000000000000, 1.000000000000000000 ) ) ;
#355 = VERTEX_POINT ( 'NONE', #1335 ) ;
#356 = FACE_OUTER_BOUND ( 'NONE', #1731, .T. ) ;
#357 = ORIENTED_EDGE ( 'NONE', *, *, #93, .F. ) ;
#358 = DIRECTION ( 'NONE',  ( 7.888609052210174106E-31, 2.366582715663032614E-30, -1.000000000000000000 ) ) ;
#359 = ORIENTED_EDGE ( 'NONE', *, *, #1026, .F. ) ;
#360 = CARTESIAN_POINT ( 'NONE',  ( -764.6881233438610934, 866.3151604516615407, -281.7294101747089030 ) ) ;
#361 = EDGE_LOOP ( 'NONE', ( #1233, #879 ) ) ;
#362 = EDGE_CURVE ( 'NONE', #921, #91, #373, .T. ) ;
#363 = CARTESIAN_POINT ( 'NONE',  ( -616.6881233438609797, 884.3151604516609723, 5.000000000000000000 ) ) ;
#364 = ORIENTED_EDGE ( 'NONE', *, *, #136, .F. ) ;
#365 = CARTESIAN_POINT ( 'NONE',  ( -772.2118497436447342, 904.3151604516571069, 19.15685424949245430 ) ) ;
#366 = ORIENTED_EDGE ( 'NONE', *, *, #1531, .T. ) ;
#367 = DIRECTION ( 'NONE',  ( 0.000000000000000000, 0.000000000000000000, 1.000000000000000000 ) ) ;
#368 = DIRECTION ( 'NONE',  ( -1.000000000000000000, 2.871266442996097725E-15, -7.888609052210072512E-31 ) ) ;
#369 = FACE_OUTER_BOUND ( 'NONE', #771, .T. ) ;
#370 = CIRCLE ( 'NONE', #990, 2.000000000000001776 ) ;
#371 = CIRCLE ( 'NONE', #260, 2.550000000000052225 ) ;
#372 = ADVANCED_FACE ( 'NONE', ( #1059 ), #766, .T. ) ;
#373 = CIRCLE ( 'NONE', #138, 64.99999999999994316 ) ;
#374 = ORIENTED_EDGE ( 'NONE', *, *, #190, .T. ) ;
#375 = EDGE_CURVE ( 'NONE', #1249, #232, #1315, .T. ) ;
#376 = DIRECTION ( 'NONE',  ( -1.000000000000000000, 0.000000000000000000, 0.000000000000000000 ) ) ;
#377 = CIRCLE ( 'NONE', #968, 14.49999999999984723 ) ;
#378 = ORIENTED_EDGE ( 'NONE', *, *, #713, .T. ) ;
#379 =( NAMED_UNIT ( * ) SI_UNIT ( $, .STERADIAN. ) SOLID_ANGLE_UNIT ( ) );
#380 = APPLICATION_CONTEXT ( 'automotive_design' ) ;
#381 = DIRECTION ( 'NONE',  ( -1.000000000000000000, 6.223015277861141707E-61, -7.888609052210118054E-31 ) ) ;
#382 = CARTESIAN_POINT ( 'NONE',  ( -786.6881233438613208, 894.2151604516619727, 0.2999999999999669598 ) ) ;
#383 =( NAMED_UNIT ( * ) PLANE_ANGLE_UNIT ( ) SI_UNIT ( $, .RADIAN. ) );
#384 = FACE_OUTER_BOUND ( 'NONE', #555, .T. ) ;
#385 = PLANE ( 'NONE',  #1758 ) ;
#386 = EDGE_LOOP ( 'NONE', ( #698, #544, #780, #1031 ) ) ;
#387 = ADVANCED_BREP_SHAPE_REPRESENTATION ( '1. FrontPiece (v2)', ( #446, #613 ), #1456 ) ;
#388 = DIRECTION ( 'NONE',  ( -0.000000000000000000, 0.000000000000000000, -1.000000000000000000 ) ) ;
#389 = EDGE_CURVE ( 'NONE', #96, #133, #1615, .T. ) ;
#390 = EDGE_LOOP ( 'NONE', ( #1769, #1143, #794, #1289 ) ) ;
#391 = LINE ( 'NONE', #949, #1053 ) ;
#392 = DIRECTION ( 'NONE',  ( 0.000000000000000000, 0.000000000000000000, 1.000000000000000000 ) ) ;
#393 = DIRECTION ( 'NONE',  ( -0.000000000000000000, -0.000000000000000000, -1.000000000000000000 ) ) ;
#394 = CARTESIAN_POINT ( 'NONE',  ( -641.6881233438613208, 924.2151604516615180, 5.000000000000000000 ) ) ;
#395 = LINE ( 'NONE', #1387, #902 ) ;
#396 = LINE ( 'NONE', #1221, #137 ) ;
#397 = VERTEX_POINT ( 'NONE', #612 ) ;
#398 = DIRECTION ( 'NONE',  ( 7.888609052210118054E-31, 7.888609052210118054E-31, -1.000000000000000000 ) ) ;
#399 = ORIENTED_EDGE ( 'NONE', *, *, #61, .F. ) ;
#400 = DIRECTION ( 'NONE',  ( 1.000000000000000000, -3.382059365454163880E-15, 7.888609052210091780E-31 ) ) ;
#401 = EDGE_CURVE ( 'NONE', #397, #342, #508, .T. ) ;
#402 = LINE ( 'NONE', #1112, #966 ) ;
#403 = DIRECTION ( 'NONE',  ( 1.000000000000000000, 0.000000000000000000, 0.000000000000000000 ) ) ;
#404 = CARTESIAN_POINT ( 'NONE',  ( -734.1881233438608660, 962.8151604516614270, 13.50000000000006750 ) ) ;
#405 = CARTESIAN_POINT ( 'NONE',  ( -744.6881233438607524, 945.3151604516613133, -9.700000000000041922 ) ) ;
#406 = AXIS2_PLACEMENT_3D ( 'NONE', #574, #718, #1269 ) ;
#407 = ORIENTED_EDGE ( 'NONE', *, *, #190, .F. ) ;
#408 = AXIS2_PLACEMENT_3D ( 'NONE', #268, #531, #1400 ) ;
#409 = CIRCLE ( 'NONE', #1633, 2.000000000000001776 ) ;
#410 = AXIS2_PLACEMENT_3D ( 'NONE', #204, #358, #1046 ) ;
#411 = EDGE_LOOP ( 'NONE', ( #1142, #1224, #1164, #912 ) ) ;
#412 = DIRECTION ( 'NONE',  ( 7.888609052210118054E-31, 1.577721810442023611E-30, -1.000000000000000000 ) ) ;
#413 = TOROIDAL_SURFACE ( 'NONE', #319, 54.99999999999994316, 10.00000000000000000 ) ;
#414 = DIRECTION ( 'NONE',  ( 1.000000000000000000, -0.000000000000000000, 7.888609052210118054E-31 ) ) ;
#415 = DIRECTION ( 'NONE',  ( 0.000000000000000000, 0.000000000000000000, 1.000000000000000000 ) ) ;
#416 = FACE_OUTER_BOUND ( 'NONE', #1622, .T. ) ;
#417 = EDGE_CURVE ( 'NONE', #1003, #510, #1623, .T. ) ;
#418 = CYLINDRICAL_SURFACE ( 'NONE', #1163, 64.99999999999994316 ) ;
#419 = VERTEX_POINT ( 'NONE', #1169 ) ;
#420 = ORIENTED_EDGE ( 'NONE', *, *, #947, .T. ) ;
#421 = DIRECTION ( 'NONE',  ( -0.000000000000000000, -0.000000000000000000, -1.000000000000000000 ) ) ;
#422 = DIRECTION ( 'NONE',  ( -0.000000000000000000, -0.000000000000000000, -1.000000000000000000 ) ) ;
#423 = ADVANCED_FACE ( 'NONE', ( #925 ), #1732, .T. ) ;
#424 = DIRECTION ( 'NONE',  ( -0.000000000000000000, 1.000000000000000000, -0.000000000000000000 ) ) ;
#425 = VERTEX_POINT ( 'NONE', #1175 ) ;
#426 = ORIENTED_EDGE ( 'NONE', *, *, #791, .F. ) ;
#427 = LINE ( 'NONE', #1562, #78 ) ;
#428 = CARTESIAN_POINT ( 'NONE',  ( -576.6881233438613208, 894.2151604516619727, -281.7294101747089030 ) ) ;
#429 = CARTESIAN_POINT ( 'NONE',  ( -608.6881233438608660, 925.3151604516607449, -281.7294101747089030 ) ) ;
#430 = DIRECTION ( 'NONE',  ( -1.000000000000000000, 0.000000000000000000, 0.000000000000000000 ) ) ;
#431 = ADVANCED_FACE ( 'NONE', ( #1738 ), #903, .T. ) ;
#432 = ORIENTED_EDGE ( 'NONE', *, *, #1425, .T. ) ;
#433 = EDGE_CURVE ( 'NONE', #308, #1384, #198, .T. ) ;
#434 = AXIS2_PLACEMENT_3D ( 'NONE', #275, #1122, #1115 ) ;
#435 = EDGE_LOOP ( 'NONE', ( #1790, #98, #142, #1567, #180, #535, #1312, #1334 ) ) ;
#436 = DIRECTION ( 'NONE',  ( 7.888609052210118054E-31, 1.577721810442023611E-30, -1.000000000000000000 ) ) ;
#437 = AXIS2_PLACEMENT_3D ( 'NONE', #1637, #833, #665 ) ;
#438 = CIRCLE ( 'NONE', #110, 2.000000000000001776 ) ;
#439 = ORIENTED_EDGE ( 'NONE', *, *, #512, .F. ) ;
#440 = CARTESIAN_POINT ( 'NONE',  ( -734.1881233438608660, 948.3151604516614270, -9.700000000000096989 ) ) ;
#441 = AXIS2_PLACEMENT_3D ( 'NONE', #476, #462, #323 ) ;
#442 = CARTESIAN_POINT ( 'NONE',  ( -586.6881233438613208, 894.2151604516618590, -9.700000000000041922 ) ) ;
#443 = FACE_OUTER_BOUND ( 'NONE', #1063, .T. ) ;
#444 = ORIENTED_EDGE ( 'NONE', *, *, #706, .F. ) ;
#445 = EDGE_CURVE ( 'NONE', #1196, #1612, #874, .T. ) ;
#446 = MANIFOLD_SOLID_BREP ( 'Cut-Extrude3', #22 ) ;
#447 = CARTESIAN_POINT ( 'NONE',  ( -752.3417919911629497, 847.8375698014356203, 13.50000000000006750 ) ) ;
#448 = ORIENTED_EDGE ( 'NONE', *, *, #509, .T. ) ;
#449 = CARTESIAN_POINT ( 'NONE',  ( -619.2381233438610479, 904.3151604516609723, 5.000000000000000000 ) ) ;
#450 = EDGE_CURVE ( 'NONE', #419, #490, #438, .T. ) ;
#451 = CARTESIAN_POINT ( 'NONE',  ( -1.004582693266579969E-28, 977.3151604516610860, -9.700000000000041922 ) ) ;
#452 = CARTESIAN_POINT ( 'NONE',  ( -639.1881233438608660, 962.8151604516614270, 13.50000000000006750 ) ) ;
#453 = CARTESIAN_POINT ( 'NONE',  ( -628.6881233438609797, 945.3151604516609723, 13.50000000000006750 ) ) ;
#454 = ORIENTED_EDGE ( 'NONE', *, *, #193, .F. ) ;
#455 = DIRECTION ( 'NONE',  ( 1.000000000000000000, 0.000000000000000000, 0.000000000000000000 ) ) ;
#456 = EDGE_CURVE ( 'NONE', #1058, #831, #1750, .T. ) ;
#457 = DIRECTION ( 'NONE',  ( 0.000000000000000000, -1.000000000000000000, 0.000000000000000000 ) ) ;
#458 = DIRECTION ( 'NONE',  ( 7.888609052210118054E-31, 7.888609052210118054E-31, -1.000000000000000000 ) ) ;
#459 = EDGE_LOOP ( 'NONE', ( #19, #1389 ) ) ;
#460 = CARTESIAN_POINT ( 'NONE',  ( -616.6881233438609797, 904.3151604516609723, 0.000000000000000000 ) ) ;
#461 = ORIENTED_EDGE ( 'NONE', *, *, #1327, .F. ) ;
#462 = DIRECTION ( 'NONE',  ( 7.888609052210118054E-31, 7.888609052210118054E-31, -1.000000000000000000 ) ) ;
#463 = VECTOR ( 'NONE', #774, 1000.000000000000000 ) ;
#464 = VERTEX_POINT ( 'NONE', #233 ) ;
#465 = DIRECTION ( 'NONE',  ( -0.000000000000000000, -0.000000000000000000, 1.000000000000000000 ) ) ;
#466 = CIRCLE ( 'NONE', #314, 2.550000000000052225 ) ;
#467 = VECTOR ( 'NONE', #632, 1000.000000000000000 ) ;
#468 = EDGE_CURVE ( 'NONE', #133, #308, #1653, .T. ) ;
#469 = AXIS2_PLACEMENT_3D ( 'NONE', #1651, #398, #1082 ) ;
#470 = EDGE_CURVE ( 'NONE', #1478, #1384, #799, .T. ) ;
#471 = DIRECTION ( 'NONE',  ( 1.000000000000000000, 0.000000000000000000, 0.000000000000000000 ) ) ;
#472 = LINE ( 'NONE', #159, #474 ) ;
#473 = ORIENTED_EDGE ( 'NONE', *, *, #174, .F. ) ;
#474 = VECTOR ( 'NONE', #1009, 1000.000000000000000 ) ;
#475 = ORIENTED_EDGE ( 'NONE', *, *, #1801, .T. ) ;
#476 = CARTESIAN_POINT ( 'NONE',  ( -773.8959167827790679, 884.3151604516569932, -9.700000000000041922 ) ) ;
#477 = ORIENTED_EDGE ( 'NONE', *, *, #546, .F. ) ;
#478 = DIRECTION ( 'NONE',  ( 0.000000000000000000, 0.000000000000000000, 1.000000000000000000 ) ) ;
#479 = CARTESIAN_POINT ( 'NONE',  ( -641.6881233438617755, 829.2151604516614043, -281.7294101747089030 ) ) ;
#480 = DIRECTION ( 'NONE',  ( -1.000000000000000000, 0.000000000000000000, 0.000000000000000000 ) ) ;
#481 = EDGE_CURVE ( 'NONE', #1691, #10, #1644, .T. ) ;
#482 = CARTESIAN_POINT ( 'NONE',  ( -608.6881233438608660, 925.3151604516607449, -281.7294101747089030 ) ) ;
#483 = ORIENTED_EDGE ( 'NONE', *, *, #788, .T. ) ;
#484 = CARTESIAN_POINT ( 'NONE',  ( -786.6881233438613208, 924.2151604516609495, 0.2999999999999669598 ) ) ;
#485 = ORIENTED_EDGE ( 'NONE', *, *, #1229, .F. ) ;
#486 = DIRECTION ( 'NONE',  ( 0.000000000000000000, -1.000000000000000000, 0.000000000000000000 ) ) ;
#487 = ORIENTED_EDGE ( 'NONE', *, *, #468, .T. ) ;
#488 = DIRECTION ( 'NONE',  ( 7.888609052210118054E-31, 7.888609052210118054E-31, -1.000000000000000000 ) ) ;
#489 = EDGE_CURVE ( 'NONE', #689, #1256, #657, .T. ) ;
#490 = VERTEX_POINT ( 'NONE', #527 ) ;
#491 = DIRECTION ( 'NONE',  ( 0.000000000000000000, -1.000000000000000000, 0.000000000000000000 ) ) ;
#492 = VECTOR ( 'NONE', #465, 1000.000000000000000 ) ;
#493 = AXIS2_PLACEMENT_3D ( 'NONE', #1734, #1033, #1193 ) ;
#494 = AXIS2_PLACEMENT_3D ( 'NONE', #280, #842, #811 ) ;
#495 = CARTESIAN_POINT ( 'NONE',  ( -639.1881233438608660, 977.3151604516610860, -137.0459854098271819 ) ) ;
#496 = CIRCLE ( 'NONE', #1077, 64.99999999999994316 ) ;
#497 = AXIS2_PLACEMENT_3D ( 'NONE', #1629, #534, #1770 ) ;
#498 = ORIENTED_EDGE ( 'NONE', *, *, #512, .T. ) ;
#499 = DIRECTION ( 'NONE',  ( 1.000000000000000000, 0.000000000000000000, 0.000000000000000000 ) ) ;
#500 = ORIENTED_EDGE ( 'NONE', *, *, #1754, .T. ) ;
#501 = DIRECTION ( 'NONE',  ( 0.000000000000000000, -0.000000000000000000, -1.000000000000000000 ) ) ;
#502 = EDGE_CURVE ( 'NONE', #789, #17, #391, .T. ) ;
#503 = DIRECTION ( 'NONE',  ( -1.000000000000000000, 0.000000000000000000, 0.000000000000000000 ) ) ;
#504 = FACE_BOUND ( 'NONE', #1275, .T. ) ;
#505 = ORIENTED_EDGE ( 'NONE', *, *, #1616, .F. ) ;
#506 = LINE ( 'NONE', #1502, #1336 ) ;
#507 = ORIENTED_EDGE ( 'NONE', *, *, #1206, .F. ) ;
#508 = LINE ( 'NONE', #1452, #467 ) ;
#509 = EDGE_CURVE ( 'NONE', #1578, #1017, #112, .T. ) ;
#510 = VERTEX_POINT ( 'NONE', #536 ) ;
#511 = DIRECTION ( 'NONE',  ( 1.000000000000000000, -1.110223024625155594E-14, 0.000000000000000000 ) ) ;
#512 = EDGE_CURVE ( 'NONE', #510, #907, #1606, .T. ) ;
#513 = VERTEX_POINT ( 'NONE', #264 ) ;
#514 = CARTESIAN_POINT ( 'NONE',  ( -576.6881233438613208, 924.2151604516609495, -281.7294101747089030 ) ) ;
#515 = ORIENTED_EDGE ( 'NONE', *, *, #468, .F. ) ;
#516 = DIRECTION ( 'NONE',  ( 1.000000000000000000, 1.110223024625155594E-14, 0.000000000000000000 ) ) ;
#517 = DIRECTION ( 'NONE',  ( 7.888609052210118054E-31, 1.577721810442023611E-30, -1.000000000000000000 ) ) ;
#518 = CYLINDRICAL_SURFACE ( 'NONE', #197, 2.550000000000052225 ) ;
#519 = VECTOR ( 'NONE', #1532, 1000.000000000000000 ) ;
#520 = EDGE_CURVE ( 'NONE', #1420, #239, #496, .T. ) ;
#521 = VECTOR ( 'NONE', #1227, 1000.000000000000000 ) ;
#522 = PRESENTATION_LAYER_ASSIGNMENT (  '', '', ( #1485 ) ) ;
#523 = EDGE_LOOP ( 'NONE', ( #500, #883 ) ) ;
#524 = CARTESIAN_POINT ( 'NONE',  ( -744.6881233438607524, 945.3151604516613133, -281.7294101747089030 ) ) ;
#525 = CIRCLE ( 'NONE', #56, 2.000000000000001776 ) ;
#526 = ORIENTED_EDGE ( 'NONE', *, *, #228, .F. ) ;
#527 = CARTESIAN_POINT ( 'NONE',  ( -597.1643969440773390, 904.3151604516564248, 13.50000000000006750 ) ) ;
#528 = CARTESIAN_POINT ( 'NONE',  ( -731.6881233438607524, 829.2151604516614043, 13.50000000000006750 ) ) ;
#529 = PLANE ( 'NONE',  #619 ) ;
#530 = DIRECTION ( 'NONE',  ( 7.888609052210118054E-31, 7.888609052210118054E-31, -1.000000000000000000 ) ) ;
#531 = DIRECTION ( 'NONE',  ( -1.000000000000000000, 0.000000000000000000, 0.000000000000000000 ) ) ;
#532 = EDGE_CURVE ( 'NONE', #66, #1266, #729, .T. ) ;
#533 = ORIENTED_EDGE ( 'NONE', *, *, #909, .F. ) ;
#534 = DIRECTION ( 'NONE',  ( -0.000000000000000000, -0.000000000000000000, -1.000000000000000000 ) ) ;
#535 = ORIENTED_EDGE ( 'NONE', *, *, #1791, .T. ) ;
#536 = CARTESIAN_POINT ( 'NONE',  ( -576.6881233438613208, 924.2151604516609495, 13.50000000000006750 ) ) ;
#537 = DIRECTION ( 'NONE',  ( 0.000000000000000000, 0.000000000000000000, 1.000000000000000000 ) ) ;
#538 = CARTESIAN_POINT ( 'NONE',  ( -796.6881233438613208, 924.2151604516609495, -281.7294101747089030 ) ) ;
#539 = CARTESIAN_POINT ( 'NONE',  ( -599.4803299049431189, 884.3151604516563111, 19.15685424949245430 ) ) ;
#540 = CARTESIAN_POINT ( 'NONE',  ( -731.6881233438607524, 829.2151604516614043, 13.50000000000006750 ) ) ;
#541 = ORIENTED_EDGE ( 'NONE', *, *, #950, .F. ) ;
#542 = DIRECTION ( 'NONE',  ( 7.888609052210118054E-31, 7.888609052210118054E-31, -1.000000000000000000 ) ) ;
#543 = EDGE_CURVE ( 'NONE', #1196, #1266, #55, .T. ) ;
#544 = ORIENTED_EDGE ( 'NONE', *, *, #1036, .T. ) ;
#545 = DIRECTION ( 'NONE',  ( 1.000000000000000000, 0.000000000000000000, 1.110223024625155436E-14 ) ) ;
#546 = EDGE_CURVE ( 'NONE', #1742, #1598, #409, .T. ) ;
#547 = CARTESIAN_POINT ( 'NONE',  ( -614.1381233438610252, 904.3151604516609723, 5.000000000000000000 ) ) ;
#548 = CARTESIAN_POINT ( 'NONE',  ( -759.2381233438610479, 904.3151604516611997, 5.000000000000000000 ) ) ;
#549 = DIRECTION ( 'NONE',  ( 1.000000000000000000, 0.000000000000000000, 0.000000000000000000 ) ) ;
#550 = FACE_OUTER_BOUND ( 'NONE', #1287, .T. ) ;
#551 = VECTOR ( 'NONE', #1564, 1000.000000000000000 ) ;
#552 = ORIENTED_EDGE ( 'NONE', *, *, #558, .T. ) ;
#553 = VECTOR ( 'NONE', #309, 1000.000000000000000 ) ;
#554 = VECTOR ( 'NONE', #1442, 1000.000000000000000 ) ;
#555 = EDGE_LOOP ( 'NONE', ( #629, #661, #881, #1184, #285, #659 ) ) ;
#556 = DIRECTION ( 'NONE',  ( 1.110223024625155594E-14, -1.000000000000000000, 0.000000000000000000 ) ) ;
#557 = VECTOR ( 'NONE', #1140, 1000.000000000000000 ) ;
#558 = EDGE_CURVE ( 'NONE', #1249, #1393, #427, .T. ) ;
#559 = LINE ( 'NONE', #1094, #345 ) ;
#560 =( NAMED_UNIT ( * ) SI_UNIT ( $, .STERADIAN. ) SOLID_ANGLE_UNIT ( ) );
#561 = CARTESIAN_POINT ( 'NONE',  ( -621.0344546965593509, 943.7927511018867790, 0.000000000000000000 ) ) ;
#562 = VERTEX_POINT ( 'NONE', #1542 ) ;
#563 = ORIENTED_EDGE ( 'NONE', *, *, #887, .T. ) ;
#564 = CARTESIAN_POINT ( 'NONE',  ( -731.6881233438613208, 924.2151604516615180, 0.2999999999999669598 ) ) ;
#565 = DIRECTION ( 'NONE',  ( -7.888609052210118054E-31, -7.888609052210118054E-31, 1.000000000000000000 ) ) ;
#566 = ADVANCED_FACE ( 'NONE', ( #2 ), #1288, .T. ) ;
#567 = DIRECTION ( 'NONE',  ( 1.000000000000000000, 0.000000000000000000, 0.000000000000000000 ) ) ;
#568 = EDGE_CURVE ( 'NONE', #464, #17, #315, .T. ) ;
#569 = CARTESIAN_POINT ( 'NONE',  ( -731.6881233438608660, 979.2151604516614043, -9.700000000000041922 ) ) ;
#570 = ORIENTED_EDGE ( 'NONE', *, *, #14, .T. ) ;
#571 = ORIENTED_EDGE ( 'NONE', *, *, #1741, .T. ) ;
#572 = DIRECTION ( 'NONE',  ( -0.000000000000000000, -0.000000000000000000, -1.000000000000000000 ) ) ;
#573 = ORIENTED_EDGE ( 'NONE', *, *, #1616, .T. ) ;
#574 = CARTESIAN_POINT ( 'NONE',  ( -734.1881233438608660, 849.6095702283100763, 1.900000000000012790 ) ) ;
#575 = DIRECTION ( 'NONE',  ( 1.000000000000000000, 0.000000000000000000, 0.000000000000000000 ) ) ;
#576 = EDGE_CURVE ( 'NONE', #239, #510, #1433, .T. ) ;
#577 = DIRECTION ( 'NONE',  ( 0.000000000000000000, -0.000000000000000000, -1.000000000000000000 ) ) ;
#578 = VERTEX_POINT ( 'NONE', #1281 ) ;
#579 = ADVANCED_FACE ( 'NONE', ( #37 ), #600, .F. ) ;
#580 = AXIS2_PLACEMENT_3D ( 'NONE', #1788, #1798, #1388 ) ;
#581 = ORIENTED_EDGE ( 'NONE', *, *, #353, .F. ) ;
#582 = DIRECTION ( 'NONE',  ( 0.000000000000000000, -0.000000000000000000, -1.000000000000000000 ) ) ;
#583 = CIRCLE ( 'NONE', #1518, 14.49999999999984723 ) ;
#584 = DIRECTION ( 'NONE',  ( 0.000000000000000000, 1.000000000000000000, 1.577721810442023611E-30 ) ) ;
#585 = ORIENTED_EDGE ( 'NONE', *, *, #1666, .T. ) ;
#586 = LINE ( 'NONE', #1139, #1271 ) ;
#587 = VECTOR ( 'NONE', #1703, 1000.000000000000000 ) ;
#588 = SHAPE_DEFINITION_REPRESENTATION ( #1537, #387 ) ;
#589 = DIRECTION ( 'NONE',  ( 7.888609052210118054E-31, 7.888609052210118054E-31, -1.000000000000000000 ) ) ;
#590 = ORIENTED_EDGE ( 'NONE', *, *, #649, .F. ) ;
#591 = EDGE_CURVE ( 'NONE', #165, #1673, #1812, .T. ) ;
#592 = ORIENTED_EDGE ( 'NONE', *, *, #456, .T. ) ;
#593 = DIRECTION ( 'NONE',  ( -1.000000000000000000, 0.000000000000000000, 0.000000000000000000 ) ) ;
#594 = EDGE_LOOP ( 'NONE', ( #844, #1756 ) ) ;
#595 = CARTESIAN_POINT ( 'NONE',  ( -586.6881233438613208, 925.3151604516613133, -9.700000000000041922 ) ) ;
#596 = CARTESIAN_POINT ( 'NONE',  ( -796.6881233438613208, 924.2151604516609495, 13.50000000000006750 ) ) ;
#597 = PLANE ( 'NONE',  #168 ) ;
#598 = VERTEX_POINT ( 'NONE', #1153 ) ;
#599 = VERTEX_POINT ( 'NONE', #978 ) ;
#600 = PLANE ( 'NONE',  #785 ) ;
#601 = CARTESIAN_POINT ( 'NONE',  ( -641.6881233438613208, 924.2151604516615180, 0.000000000000000000 ) ) ;
#602 = DIRECTION ( 'NONE',  ( 7.888609052210118054E-31, 7.888609052210118054E-31, -1.000000000000000000 ) ) ;
#603 = ADVANCED_FACE ( 'NONE', ( #710 ), #1166, .T. ) ;
#604 = FACE_OUTER_BOUND ( 'NONE', #1595, .T. ) ;
#605 = PRODUCT_CONTEXT ( 'NONE', #5, 'mechanical' ) ;
#606 = DIRECTION ( 'NONE',  ( -0.000000000000000000, -0.000000000000000000, 1.000000000000000000 ) ) ;
#607 = ORIENTED_EDGE ( 'NONE', *, *, #93, .T. ) ;
#608 = ORIENTED_EDGE ( 'NONE', *, *, #1572, .T. ) ;
#609 = FACE_BOUND ( 'NONE', #182, .T. ) ;
#610 = VECTOR ( 'NONE', #876, 1000.000000000000000 ) ;
#611 = ORIENTED_EDGE ( 'NONE', *, *, #558, .F. ) ;
#612 = CARTESIAN_POINT ( 'NONE',  ( -786.6881233438613208, 894.2151604516618590, -9.700000000000041922 ) ) ;
#613 = AXIS2_PLACEMENT_3D ( 'NONE', #1583, #1291, #567 ) ;
#614 = COLOUR_RGB ( '',0.7921568627450980005, 0.8196078431372548767, 0.9333333333333333481 ) ;
#615 = EDGE_CURVE ( 'NONE', #1089, #907, #1535, .T. ) ;
#616 = DIRECTION ( 'NONE',  ( -0.000000000000000000, -0.000000000000000000, -1.000000000000000000 ) ) ;
#617 = CIRCLE ( 'NONE', #1135, 2.000000000000001776 ) ;
#618 = DIRECTION ( 'NONE',  ( 0.000000000000000000, 0.000000000000000000, 1.000000000000000000 ) ) ;
#619 = AXIS2_PLACEMENT_3D ( 'NONE', #394, #415, #953 ) ;
#620 = CARTESIAN_POINT ( 'NONE',  ( -752.3417919911629497, 847.8375698014356203, 5.000000000000000000 ) ) ;
#621 = ORIENTED_EDGE ( 'NONE', *, *, #99, .T. ) ;
#622 = CARTESIAN_POINT ( 'NONE',  ( -731.6881233438608660, 839.2151604516614043, 0.2999999999999669598 ) ) ;
#623 = ORIENTED_EDGE ( 'NONE', *, *, #838, .T. ) ;
#624 = DIRECTION ( 'NONE',  ( 0.000000000000000000, -0.000000000000000000, -1.000000000000000000 ) ) ;
#625 = DIRECTION ( 'NONE',  ( 0.000000000000000000, -1.000000000000000000, -7.888609052210118054E-31 ) ) ;
#626 = EDGE_CURVE ( 'NONE', #1729, #598, #1246, .T. ) ;
#627 = DIRECTION ( 'NONE',  ( -7.888609052210118054E-31, -1.577721810442020808E-30, 1.000000000000000000 ) ) ;
#628 = ADVANCED_FACE ( 'NONE', ( #840 ), #11, .F. ) ;
#629 = ORIENTED_EDGE ( 'NONE', *, *, #217, .F. ) ;
#630 = FACE_BOUND ( 'NONE', #796, .T. ) ;
#631 = ORIENTED_EDGE ( 'NONE', *, *, #667, .F. ) ;
#632 = DIRECTION ( 'NONE',  ( -0.000000000000000000, 1.000000000000000000, 7.888609052210118054E-31 ) ) ;
#633 = DIRECTION ( 'NONE',  ( 0.000000000000000000, -1.000000000000000000, 0.000000000000000000 ) ) ;
#634 = ADVANCED_FACE ( 'NONE', ( #1125 ), #1137, .T. ) ;
#635 = PRODUCT_DEFINITION_CONTEXT ( 'detailed design', #380, 'design' ) ;
#636 = EDGE_CURVE ( 'NONE', #730, #332, #525, .T. ) ;
#637 = EDGE_LOOP ( 'NONE', ( #1808, #1178, #1737, #1476, #1081, #677 ) ) ;
#638 = FACE_BOUND ( 'NONE', #334, .T. ) ;
#639 = ORIENTED_EDGE ( 'NONE', *, *, #124, .F. ) ;
#640 = DIRECTION ( 'NONE',  ( 7.888609052210118054E-31, 7.888609052210118054E-31, -1.000000000000000000 ) ) ;
#641 = AXIS2_PLACEMENT_3D ( 'NONE', #971, #1386, #1813 ) ;
#642 = DIRECTION ( 'NONE',  ( 7.888609052210118054E-31, 7.888609052210118054E-31, -1.000000000000000000 ) ) ;
#643 = AXIS2_PLACEMENT_3D ( 'NONE', #795, #1768, #633 ) ;
#644 = ORIENTED_EDGE ( 'NONE', *, *, #767, .F. ) ;
#645 = VECTOR ( 'NONE', #1212, 1000.000000000000000 ) ;
#646 = DIRECTION ( 'NONE',  ( -1.881733940042647390E-15, -1.000000000000000000, -0.000000000000000000 ) ) ;
#647 = ORIENTED_EDGE ( 'NONE', *, *, #1356, .F. ) ;
#648 = CARTESIAN_POINT ( 'NONE',  ( -775.8959167827790679, 884.3151604516569932, 13.50000000000006750 ) ) ;
#649 = EDGE_CURVE ( 'NONE', #44, #205, #856, .T. ) ;
#650 = ORIENTED_EDGE ( 'NONE', *, *, #1425, .F. ) ;
#651 = CARTESIAN_POINT ( 'NONE',  ( -641.6881233438617755, 829.2151604516614043, -281.7294101747089030 ) ) ;
#652 = DIRECTION ( 'NONE',  ( -1.000000000000000000, 0.000000000000000000, 0.000000000000000000 ) ) ;
#653 = FACE_BOUND ( 'NONE', #996, .T. ) ;
#654 = VERTEX_POINT ( 'NONE', #449 ) ;
#655 = CARTESIAN_POINT ( 'NONE',  ( -754.1381233438610252, 884.3151604516610860, 5.000000000000000000 ) ) ;
#656 = EDGE_LOOP ( 'NONE', ( #352, #515, #145, #1124 ) ) ;
#657 = LINE ( 'NONE', #1205, #1133 ) ;
#658 = EDGE_CURVE ( 'NONE', #1250, #1576, #726, .T. ) ;
#659 = ORIENTED_EDGE ( 'NONE', *, *, #1219, .F. ) ;
#660 = CARTESIAN_POINT ( 'NONE',  ( -731.6881233438613208, 924.2151604516615180, -9.700000000000041922 ) ) ;
#661 = ORIENTED_EDGE ( 'NONE', *, *, #1253, .T. ) ;
#662 = CARTESIAN_POINT ( 'NONE',  ( -621.0344546965593509, 847.8375698014351656, 0.000000000000000000 ) ) ;
#663 = ORIENTED_EDGE ( 'NONE', *, *, #706, .T. ) ;
#664 =( LENGTH_UNIT ( ) NAMED_UNIT ( * ) SI_UNIT ( .MILLI., .METRE. ) );
#665 = DIRECTION ( 'NONE',  ( 0.000000000000000000, 0.000000000000000000, 1.000000000000000000 ) ) ;
#666 = LINE ( 'NONE', #803, #1192 ) ;
#667 = EDGE_CURVE ( 'NONE', #654, #44, #995, .T. ) ;
#668 = CARTESIAN_POINT ( 'NONE',  ( -773.8959167827790679, 884.3151604516569932, 19.15685424949245430 ) ) ;
#669 = AXIS2_PLACEMENT_3D ( 'NONE', #1739, #511, #68 ) ;
#670 = VECTOR ( 'NONE', #421, 1000.000000000000000 ) ;
#671 = PRODUCT_DEFINITION_FORMATION_WITH_SPECIFIED_SOURCE ( 'ANY', '', #1818, .NOT_KNOWN. ) ;
#672 = CARTESIAN_POINT ( 'NONE',  ( -731.6881233438613208, 894.2151604516614043, 0.2999999999999669598 ) ) ;
#673 = VECTOR ( 'NONE', #916, 1000.000000000000000 ) ;
#674 = VERTEX_POINT ( 'NONE', #45 ) ;
#675 = CYLINDRICAL_SURFACE ( 'NONE', #1372, 64.99999999999994316 ) ;
#676 = AXIS2_PLACEMENT_3D ( 'NONE', #622, #1038, #211 ) ;
#677 = ORIENTED_EDGE ( 'NONE', *, *, #1416, .F. ) ;
#678 =( NAMED_UNIT ( * ) PLANE_ANGLE_UNIT ( ) SI_UNIT ( $, .RADIAN. ) );
#679 = DIRECTION ( 'NONE',  ( -1.000000000000000000, 2.871266442996097725E-15, -7.888609052210072512E-31 ) ) ;
#680 = DIRECTION ( 'NONE',  ( -7.888609052210118054E-31, -7.888609052210118054E-31, 1.000000000000000000 ) ) ;
#681 = LINE ( 'NONE', #1228, #107 ) ;
#682 = ORIENTED_EDGE ( 'NONE', *, *, #1299, .F. ) ;
#683 = EDGE_CURVE ( 'NONE', #832, #1384, #779, .T. ) ;
#684 = CARTESIAN_POINT ( 'NONE',  ( -734.1881233438606387, 945.3151604516613133, 1.900000000000012790 ) ) ;
#685 = ORIENTED_EDGE ( 'NONE', *, *, #328, .T. ) ;
#686 = DIRECTION ( 'NONE',  ( 0.000000000000000000, -1.000000000000000000, 0.000000000000000000 ) ) ;
#687 = CARTESIAN_POINT ( 'NONE',  ( -639.1881233438608660, 977.3151604516610860, 13.50000000000006750 ) ) ;
#688 = DIRECTION ( 'NONE',  ( -0.000000000000000000, -0.000000000000000000, 1.000000000000000000 ) ) ;
#689 = VERTEX_POINT ( 'NONE', #1579 ) ;
#690 = ADVANCED_FACE ( 'NONE', ( #913, #638, #609, #630, #1185, #1057, #219 ), #1329, .T. ) ;
#691 = ORIENTED_EDGE ( 'NONE', *, *, #1327, .T. ) ;
#692 = CARTESIAN_POINT ( 'NONE',  ( -628.6881233438609797, 925.3151604516609723, 0.000000000000000000 ) ) ;
#693 = CARTESIAN_POINT ( 'NONE',  ( -639.1881233438608660, 977.3151604516610860, -9.700000000000041922 ) ) ;
#694 = CARTESIAN_POINT ( 'NONE',  ( -744.6881233438610934, 866.3151604516613133, -9.700000000000041922 ) ) ;
#695 = LINE ( 'NONE', #1360, #699 ) ;
#696 = DIRECTION ( 'NONE',  ( 1.000000000000000000, 0.000000000000000000, 7.888609052210118054E-31 ) ) ;
#697 = AXIS2_PLACEMENT_3D ( 'NONE', #999, #1712, #1435 ) ;
#698 = ORIENTED_EDGE ( 'NONE', *, *, #658, .T. ) ;
#699 = VECTOR ( 'NONE', #424, 1000.000000000000000 ) ;
#700 = AXIS2_PLACEMENT_3D ( 'NONE', #279, #1258, #30 ) ;
#701 = AXIS2_PLACEMENT_3D ( 'NONE', #484, #333, #1448 ) ;
#702 = EDGE_LOOP ( 'NONE', ( #862, #976, #1194, #608 ) ) ;
#703 = CARTESIAN_POINT ( 'NONE',  ( -621.0344546965593509, 847.8375698014351656, 5.000000000000000000 ) ) ;
#704 = EDGE_CURVE ( 'NONE', #57, #1061, #316, .T. ) ;
#705 = FACE_OUTER_BOUND ( 'NONE', #1161, .T. ) ;
#706 = EDGE_CURVE ( 'NONE', #855, #1674, #377, .T. ) ;
#707 = DIRECTION ( 'NONE',  ( 0.000000000000000000, 0.000000000000000000, -1.000000000000000000 ) ) ;
#708 = ORIENTED_EDGE ( 'NONE', *, *, #576, .T. ) ;
#709 = VERTEX_POINT ( 'NONE', #648 ) ;
#710 = FACE_OUTER_BOUND ( 'NONE', #31, .T. ) ;
#711 = ORIENTED_EDGE ( 'NONE', *, *, #1170, .F. ) ;
#712 = DIRECTION ( 'NONE',  ( 0.000000000000000000, 0.000000000000000000, 1.000000000000000000 ) ) ;
#713 = EDGE_CURVE ( 'NONE', #1013, #425, #617, .T. ) ;
#714 = DIRECTION ( 'NONE',  ( 1.000000000000000000, 0.000000000000000000, 0.000000000000000000 ) ) ;
#715 = ORIENTED_EDGE ( 'NONE', *, *, #1773, .T. ) ;
#716 = EDGE_LOOP ( 'NONE', ( #979, #143, #210, #105 ) ) ;
#717 = DIRECTION ( 'NONE',  ( 1.000000000000000000, -3.382059365454163486E-15, 7.888609052210064630E-31 ) ) ;
#718 = DIRECTION ( 'NONE',  ( 0.000000000000000000, 0.000000000000000000, -1.000000000000000000 ) ) ;
#719 = EDGE_CURVE ( 'NONE', #832, #133, #1430, .T. ) ;
#720 = CARTESIAN_POINT ( 'NONE',  ( -628.6881233438609797, 945.3151604516609723, -9.700000000000041922 ) ) ;
#721 = ORIENTED_EDGE ( 'NONE', *, *, #417, .T. ) ;
#722 = CARTESIAN_POINT ( 'NONE',  ( -599.1643969440773390, 904.3151604516564248, 19.15685424949245430 ) ) ;
#723 = DIRECTION ( 'NONE',  ( 0.000000000000000000, 0.000000000000000000, 1.000000000000000000 ) ) ;
#724 = CIRCLE ( 'NONE', #643, 20.00000000000001776 ) ;
#725 = EDGE_LOOP ( 'NONE', ( #1374, #43, #162, #407 ) ) ;
#726 = LINE ( 'NONE', #163, #732 ) ;
#727 = AXIS2_PLACEMENT_3D ( 'NONE', #692, #1504, #1635 ) ;
#728 = VECTOR ( 'NONE', #1114, 1000.000000000000000 ) ;
#729 = CIRCLE ( 'NONE', #1516, 10.00000000000000000 ) ;
#730 = VERTEX_POINT ( 'NONE', #1173 ) ;
#731 = CARTESIAN_POINT ( 'NONE',  ( -576.6881233438613208, 894.2151604516614043, 13.50000000000006750 ) ) ;
#732 = VECTOR ( 'NONE', #1144, 1000.000000000000000 ) ;
#733 = DIRECTION ( 'NONE',  ( 1.000000000000000000, 0.000000000000000000, 0.000000000000000000 ) ) ;
#734 = CARTESIAN_POINT ( 'NONE',  ( -734.1881233438608660, 945.3151604516613133, 13.50000000000006750 ) ) ;
#735 = CARTESIAN_POINT ( 'NONE',  ( -576.6881233438613208, 924.2151604516609495, 0.2999999999999669598 ) ) ;
#736 = ORIENTED_EDGE ( 'NONE', *, *, #800, .T. ) ;
#737 = ORIENTED_EDGE ( 'NONE', *, *, #240, .F. ) ;
#738 = CARTESIAN_POINT ( 'NONE',  ( -576.6881233438613208, 894.2151604516614043, 13.50000000000006750 ) ) ;
#739 = FACE_OUTER_BOUND ( 'NONE', #778, .T. ) ;
#740 = CARTESIAN_POINT ( 'NONE',  ( -616.6881233438609797, 884.3151604516609723, 5.000000000000000000 ) ) ;
#741 = CARTESIAN_POINT ( 'NONE',  ( -639.1881233438608660, 962.8151604516614270, -137.0459854098271819 ) ) ;
#742 = DIRECTION ( 'NONE',  ( 1.000000000000000000, 0.000000000000000000, 0.000000000000000000 ) ) ;
#743 = FACE_OUTER_BOUND ( 'NONE', #1050, .T. ) ;
#744 = VERTEX_POINT ( 'NONE', #1613 ) ;
#745 = CARTESIAN_POINT ( 'NONE',  ( -641.6881233438617755, 979.2151604516614043, 0.2999999999999583000 ) ) ;
#746 = EDGE_CURVE ( 'NONE', #868, #232, #1743, .T. ) ;
#747 = EDGE_LOOP ( 'NONE', ( #1715, #374, #1702, #59 ) ) ;
#748 = DIRECTION ( 'NONE',  ( -1.000000000000000000, 0.000000000000000000, 0.000000000000000000 ) ) ;
#749 = CARTESIAN_POINT ( 'NONE',  ( -786.6881233438613208, 924.2151604516610632, 0.2999999999999669598 ) ) ;
#750 = FACE_OUTER_BOUND ( 'NONE', #390, .T. ) ;
#751 = EDGE_LOOP ( 'NONE', ( #247, #888, #948, #439 ) ) ;
#752 = CARTESIAN_POINT ( 'NONE',  ( -771.8959167827790679, 884.3151604516569932, 13.50000000000006750 ) ) ;
#753 = AXIS2_PLACEMENT_3D ( 'NONE', #1415, #565, #1407 ) ;
#754 = ORIENTED_EDGE ( 'NONE', *, *, #1035, .T. ) ;
#755 = EDGE_CURVE ( 'NONE', #1729, #1089, #1669, .T. ) ;
#756 = CARTESIAN_POINT ( 'NONE',  ( -641.6881233438617755, 979.2151604516614043, 0.2999999999999669598 ) ) ;
#757 = CIRCLE ( 'NONE', #1521, 2.000000000000001776 ) ;
#758 = EDGE_CURVE ( 'NONE', #17, #464, #81, .T. ) ;
#759 = DIRECTION ( 'NONE',  ( -1.000000000000000000, -0.000000000000000000, -0.000000000000000000 ) ) ;
#760 = CARTESIAN_POINT ( 'NONE',  ( -796.6881233438613208, 924.2151604516609495, 0.2999999999999669598 ) ) ;
#761 = DIRECTION ( 'NONE',  ( 0.000000000000000000, 0.000000000000000000, 1.000000000000000000 ) ) ;
#762 = ORIENTED_EDGE ( 'NONE', *, *, #331, .T. ) ;
#763 = DIRECTION ( 'NONE',  ( 7.888609052210118054E-31, 7.888609052210118054E-31, -1.000000000000000000 ) ) ;
#764 = DIRECTION ( 'NONE',  ( 7.888609052210118054E-31, 7.888609052210118054E-31, -1.000000000000000000 ) ) ;
#765 = ORIENTED_EDGE ( 'NONE', *, *, #353, .T. ) ;
#766 = CYLINDRICAL_SURFACE ( 'NONE', #929, 10.00000000000000000 ) ;
#767 = EDGE_CURVE ( 'NONE', #1089, #1578, #882, .T. ) ;
#768 = CARTESIAN_POINT ( 'NONE',  ( -734.1881233438608660, 948.3151604516614270, 1.900000000000012790 ) ) ;
#769 = EDGE_CURVE ( 'NONE', #831, #1058, #1577, .T. ) ;
#770 = PLANE ( 'NONE',  #1214 ) ;
#771 = EDGE_LOOP ( 'NONE', ( #477, #1652, #1294, #1123 ) ) ;
#772 = CARTESIAN_POINT ( 'NONE',  ( -752.3417919911629497, 847.8375698014356203, 0.000000000000000000 ) ) ;
#773 = ORIENTED_EDGE ( 'NONE', *, *, #1593, .T. ) ;
#774 = DIRECTION ( 'NONE',  ( 0.000000000000000000, 0.000000000000000000, 1.000000000000000000 ) ) ;
#775 = ORIENTED_EDGE ( 'NONE', *, *, #909, .T. ) ;
#776 = CYLINDRICAL_SURFACE ( 'NONE', #1603, 2.000000000000001776 ) ;
#777 = ADVANCED_FACE ( 'NONE', ( #1030 ), #1589, .T. ) ;
#778 = EDGE_LOOP ( 'NONE', ( #1328, #173, #89, #70 ) ) ;
#779 = LINE ( 'NONE', #71, #26 ) ;
#780 = ORIENTED_EDGE ( 'NONE', *, *, #1317, .T. ) ;
#781 = DIRECTION ( 'NONE',  ( -0.000000000000000000, 1.000000000000000000, -0.000000000000000000 ) ) ;
#782 = VECTOR ( 'NONE', #32, 1000.000000000000000 ) ;
#783 = CIRCLE ( 'NONE', #259, 20.00000000000001776 ) ;
#784 = DIRECTION ( 'NONE',  ( 7.888609052210118054E-31, 7.888609052210118054E-31, -1.000000000000000000 ) ) ;
#785 = AXIS2_PLACEMENT_3D ( 'NONE', #18, #873, #864 ) ;
#786 = CARTESIAN_POINT ( 'NONE',  ( -601.4803299049431189, 884.3151604516563111, 13.50000000000006750 ) ) ;
#787 = AXIS2_PLACEMENT_3D ( 'NONE', #1090, #1493, #1762 ) ;
#788 = EDGE_CURVE ( 'NONE', #709, #464, #189, .T. ) ;
#789 = VERTEX_POINT ( 'NONE', #752 ) ;
#790 = DIRECTION ( 'NONE',  ( 2.871266442996097725E-15, 1.000000000000000000, -0.000000000000000000 ) ) ;
#791 = EDGE_CURVE ( 'NONE', #9, #64, #200, .T. ) ;
#792 = ORIENTED_EDGE ( 'NONE', *, *, #1242, .T. ) ;
#793 = DIRECTION ( 'NONE',  ( -0.000000000000000000, -0.000000000000000000, -1.000000000000000000 ) ) ;
#794 = ORIENTED_EDGE ( 'NONE', *, *, #532, .F. ) ;
#795 = CARTESIAN_POINT ( 'NONE',  ( -628.6881233438609797, 925.3151604516609723, 13.50000000000006750 ) ) ;
#796 = EDGE_LOOP ( 'NONE', ( #39, #1503 ) ) ;
#797 = CARTESIAN_POINT ( 'NONE',  ( -608.6881233438608660, 925.3151604516607449, -9.700000000000041922 ) ) ;
#798 = ORIENTED_EDGE ( 'NONE', *, *, #1450, .T. ) ;
#799 = LINE ( 'NONE', #1780, #1187 ) ;
#800 = EDGE_CURVE ( 'NONE', #9, #91, #1596, .T. ) ;
#801 = DIRECTION ( 'NONE',  ( 1.000000000000000000, -3.763467880085294779E-15, 0.000000000000000000 ) ) ;
#802 = LINE ( 'NONE', #1677, #670 ) ;
#803 = CARTESIAN_POINT ( 'NONE',  ( -639.1881233438608660, 849.6095702283100763, 13.50000000000006750 ) ) ;
#804 = DIRECTION ( 'NONE',  ( -1.000000000000000000, 0.000000000000000000, 0.000000000000000000 ) ) ;
#805 = LINE ( 'NONE', #1381, #132 ) ;
#806 = ORIENTED_EDGE ( 'NONE', *, *, #305, .T. ) ;
#807 = FACE_OUTER_BOUND ( 'NONE', #1643, .T. ) ;
#808 = ORIENTED_EDGE ( 'NONE', *, *, #626, .F. ) ;
#809 = DIRECTION ( 'NONE',  ( 7.888609052210118054E-31, 7.888609052210118054E-31, -1.000000000000000000 ) ) ;
#810 = ADVANCED_FACE ( 'NONE', ( #906 ), #1511, .F. ) ;
#811 = DIRECTION ( 'NONE',  ( -1.000000000000000000, 0.000000000000000000, 0.000000000000000000 ) ) ;
#812 = FACE_OUTER_BOUND ( 'NONE', #637, .T. ) ;
#813 = CARTESIAN_POINT ( 'NONE',  ( -759.2381233438610479, 904.3151604516611997, 0.000000000000000000 ) ) ;
#814 = EDGE_CURVE ( 'NONE', #1422, #1250, #933, .T. ) ;
#815 = CIRCLE ( 'NONE', #77, 64.99999999999994316 ) ;
#816 = AXIS2_PLACEMENT_3D ( 'NONE', #460, #1594, #1284 ) ;
#817 = AXIS2_PLACEMENT_3D ( 'NONE', #363, #209, #480 ) ;
#818 = DIRECTION ( 'NONE',  ( 0.000000000000000000, 0.000000000000000000, 1.000000000000000000 ) ) ;
#819 = VECTOR ( 'NONE', #1241, 1000.000000000000000 ) ;
#820 = VERTEX_POINT ( 'NONE', #797 ) ;
#821 = CARTESIAN_POINT ( 'NONE',  ( -641.6881233438613208, 894.2151604516614043, -281.7294101747089030 ) ) ;
#822 = AXIS2_PLACEMENT_3D ( 'NONE', #745, #1458, #1475 ) ;
#823 = ORIENTED_EDGE ( 'NONE', *, *, #1472, .F. ) ;
#824 = CARTESIAN_POINT ( 'NONE',  ( -641.6881233438613208, 894.2151604516614043, 13.50000000000006750 ) ) ;
#825 = DIRECTION ( 'NONE',  ( 1.000000000000000000, 0.000000000000000000, 0.000000000000000000 ) ) ;
#826 = CARTESIAN_POINT ( 'NONE',  ( -744.6881233438608660, 979.2151604516614043, -9.700000000000041922 ) ) ;
#827 = CARTESIAN_POINT ( 'NONE',  ( -756.6881233438610934, 904.3151604516611997, 0.000000000000000000 ) ) ;
#828 = FACE_OUTER_BOUND ( 'NONE', #899, .T. ) ;
#829 = ADVANCED_FACE ( 'NONE', ( #807 ), #1203, .F. ) ;
#830 = CARTESIAN_POINT ( 'NONE',  ( -641.6881233438613208, 924.2151604516615180, -281.7294101747089030 ) ) ;
#831 = VERTEX_POINT ( 'NONE', #655 ) ;
#832 = VERTEX_POINT ( 'NONE', #662 ) ;
#833 = DIRECTION ( 'NONE',  ( 0.000000000000000000, 1.000000000000000000, 7.888609052210118054E-31 ) ) ;
#834 = CARTESIAN_POINT ( 'NONE',  ( -599.1643969440773390, 904.3151604516564248, -9.700000000000041922 ) ) ;
#835 = DIRECTION ( 'NONE',  ( 0.000000000000000000, 0.000000000000000000, 1.000000000000000000 ) ) ;
#836 = EDGE_CURVE ( 'NONE', #1256, #832, #248, .T. ) ;
#837 = VERTEX_POINT ( 'NONE', #1064 ) ;
#838 = EDGE_CURVE ( 'NONE', #689, #232, #506, .T. ) ;
#839 = ORIENTED_EDGE ( 'NONE', *, *, #520, .T. ) ;
#840 = FACE_OUTER_BOUND ( 'NONE', #1204, .T. ) ;
#841 = ORIENTED_EDGE ( 'NONE', *, *, #1206, .T. ) ;
#842 = DIRECTION ( 'NONE',  ( 7.888609052210118054E-31, 7.888609052210118054E-31, -1.000000000000000000 ) ) ;
#843 = LINE ( 'NONE', #540, #1544 ) ;
#844 = ORIENTED_EDGE ( 'NONE', *, *, #61, .T. ) ;
#845 = CIRCLE ( 'NONE', #1075, 19.99999999999990763 ) ;
#846 = CIRCLE ( 'NONE', #1278, 14.49999999999984723 ) ;
#847 = AXIS2_PLACEMENT_3D ( 'NONE', #1042, #1025, #1464 ) ;
#848 = ORIENTED_EDGE ( 'NONE', *, *, #47, .F. ) ;
#849 = CARTESIAN_POINT ( 'NONE',  ( -641.6881233438613208, 894.2151604516614043, -9.700000000000041922 ) ) ;
#850 = ADVANCED_FACE ( 'NONE', ( #1352 ), #675, .T. ) ;
#851 = EDGE_LOOP ( 'NONE', ( #631, #1553 ) ) ;
#852 = CARTESIAN_POINT ( 'NONE',  ( -759.2381233438610479, 904.3151604516611997, 5.000000000000000000 ) ) ;
#853 = DIRECTION ( 'NONE',  ( 0.000000000000000000, -1.000000000000000000, 0.000000000000000000 ) ) ;
#854 = ORIENTED_EDGE ( 'NONE', *, *, #340, .F. ) ;
#855 = VERTEX_POINT ( 'NONE', #957 ) ;
#856 = LINE ( 'NONE', #1412, #587 ) ;
#857 = ADVANCED_FACE ( 'NONE', ( #1792 ), #1231, .F. ) ;
#858 = DIRECTION ( 'NONE',  ( 1.000000000000000000, 0.000000000000000000, 0.000000000000000000 ) ) ;
#859 = CARTESIAN_POINT ( 'NONE',  ( -774.2118497436447342, 904.3151604516571069, 19.15685424949245430 ) ) ;
#860 = LINE ( 'NONE', #52, #869 ) ;
#861 = DIRECTION ( 'NONE',  ( -0.000000000000000000, -0.000000000000000000, -1.000000000000000000 ) ) ;
#862 = ORIENTED_EDGE ( 'NONE', *, *, #1100, .F. ) ;
#863 = EDGE_LOOP ( 'NONE', ( #1687, #711, #1152, #983 ) ) ;
#864 = DIRECTION ( 'NONE',  ( 1.000000000000000000, -3.382059365454163880E-15, 0.000000000000000000 ) ) ;
#865 = CARTESIAN_POINT ( 'NONE',  ( -752.3417919911629497, 847.8375698014356203, 0.000000000000000000 ) ) ;
#866 = EDGE_CURVE ( 'NONE', #1691, #837, #1459, .T. ) ;
#867 = CARTESIAN_POINT ( 'NONE',  ( -731.6881233438607524, 989.2151604516615180, 0.2999999999999669598 ) ) ;
#868 = VERTEX_POINT ( 'NONE', #119 ) ;
#869 = VECTOR ( 'NONE', #616, 1000.000000000000000 ) ;
#870 = AXIS2_PLACEMENT_3D ( 'NONE', #1378, #1243, #381 ) ;
#871 = AXIS2_PLACEMENT_3D ( 'NONE', #123, #1681, #1523 ) ;
#872 = ORIENTED_EDGE ( 'NONE', *, *, #1219, .T. ) ;
#873 = DIRECTION ( 'NONE',  ( -3.382059365454163880E-15, -1.000000000000000000, 0.000000000000000000 ) ) ;
#874 = CIRCLE ( 'NONE', #1778, 10.00000000000000888 ) ;
#875 = EDGE_LOOP ( 'NONE', ( #958, #1028, #762, #650 ) ) ;
#876 = DIRECTION ( 'NONE',  ( 1.000000000000000000, 0.000000000000000000, 7.888609052210118054E-31 ) ) ;
#877 = VECTOR ( 'NONE', #1358, 1000.000000000000000 ) ;
#878 = CARTESIAN_POINT ( 'NONE',  ( -597.4803299049431189, 884.3151604516563111, 19.15685424949245430 ) ) ;
#879 = ORIENTED_EDGE ( 'NONE', *, *, #769, .F. ) ;
#880 = EDGE_CURVE ( 'NONE', #64, #397, #1814, .T. ) ;
#881 = ORIENTED_EDGE ( 'NONE', *, *, #433, .T. ) ;
#882 = LINE ( 'NONE', #1605, #554 ) ;
#883 = ORIENTED_EDGE ( 'NONE', *, *, #1158, .T. ) ;
#884 = PLANE ( 'NONE',  #406 ) ;
#885 = CARTESIAN_POINT ( 'NONE',  ( -576.6881233438613208, 924.2151604516609495, 0.2999999999999669598 ) ) ;
#886 = DIRECTION ( 'NONE',  ( -7.888609052210118054E-31, -7.888609052210118054E-31, 1.000000000000000000 ) ) ;
#887 = EDGE_CURVE ( 'NONE', #730, #1353, #1482, .T. ) ;
#888 = ORIENTED_EDGE ( 'NONE', *, *, #1461, .T. ) ;
#889 = DIRECTION ( 'NONE',  ( 1.000000000000000000, 0.000000000000000000, 0.000000000000000000 ) ) ;
#890 = ADVANCED_FACE ( 'NONE', ( #1210 ), #230, .F. ) ;
#891 = ORIENTED_EDGE ( 'NONE', *, *, #305, .F. ) ;
#892 = CARTESIAN_POINT ( 'NONE',  ( -576.6881233438613208, 924.2151604516609495, -281.7294101747089030 ) ) ;
#893 = DIRECTION ( 'NONE',  ( -1.881733940042647390E-15, -1.000000000000000000, 0.000000000000000000 ) ) ;
#894 = EDGE_LOOP ( 'NONE', ( #590, #1011, #621, #1524 ) ) ;
#895 = DIRECTION ( 'NONE',  ( -1.000000000000000000, 0.000000000000000000, 0.000000000000000000 ) ) ;
#896 = ADVANCED_FACE ( 'NONE', ( #90 ), #1776, .T. ) ;
#897 = VECTOR ( 'NONE', #1626, 1000.000000000000000 ) ;
#898 = AXIS2_PLACEMENT_3D ( 'NONE', #938, #1655, #980 ) ;
#899 = EDGE_LOOP ( 'NONE', ( #1138, #1382, #487, #1132 ) ) ;
#900 = DIRECTION ( 'NONE',  ( 0.000000000000000000, -1.000000000000000000, 0.000000000000000000 ) ) ;
#901 = EDGE_CURVE ( 'NONE', #1422, #1083, #946, .T. ) ;
#902 = VECTOR ( 'NONE', #1371, 1000.000000000000000 ) ;
#903 = TOROIDAL_SURFACE ( 'NONE', #1369, 54.99999999999994316, 10.00000000000000000 ) ;
#904 = CARTESIAN_POINT ( 'NONE',  ( -764.6881233438610934, 866.3151604516615407, 0.000000000000000000 ) ) ;
#905 = ORIENTED_EDGE ( 'NONE', *, *, #649, .T. ) ;
#906 = FACE_OUTER_BOUND ( 'NONE', #894, .T. ) ;
#907 = VERTEX_POINT ( 'NONE', #178 ) ;
#908 = CARTESIAN_POINT ( 'NONE',  ( -776.2118497436447342, 904.3151604516571069, 13.50000000000006750 ) ) ;
#909 = EDGE_CURVE ( 'NONE', #598, #1003, #1728, .T. ) ;
#910 = ORIENTED_EDGE ( 'NONE', *, *, #1068, .T. ) ;
#911 = CARTESIAN_POINT ( 'NONE',  ( -576.6881233438613208, 894.2151604516619727, 0.2999999999999669598 ) ) ;
#912 = ORIENTED_EDGE ( 'NONE', *, *, #1733, .T. ) ;
#913 = FACE_BOUND ( 'NONE', #1441, .T. ) ;
#914 = CARTESIAN_POINT ( 'NONE',  ( -731.6881233438613208, 924.2151604516615180, 0.2999999999999669598 ) ) ;
#915 = ORIENTED_EDGE ( 'NONE', *, *, #755, .T. ) ;
#916 = DIRECTION ( 'NONE',  ( 0.000000000000000000, 0.000000000000000000, 1.000000000000000000 ) ) ;
#917 = ORIENTED_EDGE ( 'NONE', *, *, #658, .F. ) ;
#918 = CARTESIAN_POINT ( 'NONE',  ( -776.2118497436447342, 904.3151604516571069, -9.700000000000041922 ) ) ;
#919 = DIRECTION ( 'NONE',  ( 0.000000000000000000, 0.000000000000000000, 1.000000000000000000 ) ) ;
#920 = ADVANCED_FACE ( 'NONE', ( #1337 ), #1225, .F. ) ;
#921 = VERTEX_POINT ( 'NONE', #951 ) ;
#922 = DIRECTION ( 'NONE',  ( 7.888609052210118054E-31, 7.888609052210118054E-31, -1.000000000000000000 ) ) ;
#923 = CARTESIAN_POINT ( 'NONE',  ( -641.6881233438616619, 839.2151604516614043, -9.700000000000041922 ) ) ;
#924 = EDGE_LOOP ( 'NONE', ( #1268, #364, #35, #541, #611, #1168, #854, #191, #1110, #1700, #420, #765, #1297 ) ) ;
#925 = FACE_OUTER_BOUND ( 'NONE', #875, .T. ) ;
#926 = VECTOR ( 'NONE', #781, 1000.000000000000000 ) ;
#927 = AXIS2_PLACEMENT_3D ( 'NONE', #975, #1255, #117 ) ;
#928 = FACE_OUTER_BOUND ( 'NONE', #386, .T. ) ;
#929 = AXIS2_PLACEMENT_3D ( 'NONE', #756, #1066, #354 ) ;
#930 = CARTESIAN_POINT ( 'NONE',  ( -731.6881233438613208, 924.2151604516615180, 13.50000000000006750 ) ) ;
#931 = EDGE_CURVE ( 'NONE', #1061, #57, #1636, .T. ) ;
#932 = ORIENTED_EDGE ( 'NONE', *, *, #1413, .F. ) ;
#933 = LINE ( 'NONE', #684, #113 ) ;
#934 = ORIENTED_EDGE ( 'NONE', *, *, #1416, .T. ) ;
#935 = DIRECTION ( 'NONE',  ( 0.000000000000000000, -1.000000000000000000, 0.000000000000000000 ) ) ;
#936 = FACE_OUTER_BOUND ( 'NONE', #350, .T. ) ;
#937 = DIRECTION ( 'NONE',  ( 1.000000000000000000, 0.000000000000000000, 0.000000000000000000 ) ) ;
#938 = CARTESIAN_POINT ( 'NONE',  ( -734.1881233438608660, 962.8151604516614270, -9.700000000000041922 ) ) ;
#939 = DIRECTION ( 'NONE',  ( 0.000000000000000000, -1.000000000000000000, 1.110223024625155436E-14 ) ) ;
#940 = LINE ( 'NONE', #1236, #877 ) ;
#941 = APPLICATION_PROTOCOL_DEFINITION ( 'draft international standard', 'automotive_design', 1998, #5 ) ;
#942 = CARTESIAN_POINT ( 'NONE',  ( -734.1881233438608660, 849.6095702283100763, 1.900000000000012790 ) ) ;
#943 = DIRECTION ( 'NONE',  ( 0.000000000000000000, 0.000000000000000000, 1.000000000000000000 ) ) ;
#944 = LINE ( 'NONE', #405, #1104 ) ;
#945 = EDGE_LOOP ( 'NONE', ( #1486, #1751, #1188, #715, #1439, #691, #1556, #1252 ) ) ;
#946 = LINE ( 'NONE', #942, #265 ) ;
#947 = EDGE_CURVE ( 'NONE', #1799, #46, #86, .T. ) ;
#948 = ORIENTED_EDGE ( 'NONE', *, *, #615, .T. ) ;
#949 = CARTESIAN_POINT ( 'NONE',  ( -771.8959167827790679, 884.3151604516569932, 19.15685424949245430 ) ) ;
#950 = EDGE_CURVE ( 'NONE', #1393, #1478, #402, .T. ) ;
#951 = CARTESIAN_POINT ( 'NONE',  ( -796.6881233438613208, 894.2151604516619727, 13.50000000000006750 ) ) ;
#952 = CARTESIAN_POINT ( 'NONE',  ( -599.4803299049431189, 884.3151604516563111, 13.50000000000006750 ) ) ;
#953 = DIRECTION ( 'NONE',  ( 1.000000000000000000, 0.000000000000000000, -0.000000000000000000 ) ) ;
#954 = DIRECTION ( 'NONE',  ( 1.000000000000000000, 0.000000000000000000, 0.000000000000000000 ) ) ;
#955 = PLANE ( 'NONE',  #434 ) ;
#956 = ORIENTED_EDGE ( 'NONE', *, *, #901, .T. ) ;
#957 = CARTESIAN_POINT ( 'NONE',  ( -624.6881233438609797, 962.8151604516614270, -9.700000000000041922 ) ) ;
#958 = ORIENTED_EDGE ( 'NONE', *, *, #800, .F. ) ;
#959 = DIRECTION ( 'NONE',  ( -1.000000000000000000, 6.223015277861141707E-61, -7.888609052210118054E-31 ) ) ;
#960 = EDGE_CURVE ( 'NONE', #205, #1708, #170, .T. ) ;
#961 = DIRECTION ( 'NONE',  ( 1.000000000000000000, 0.000000000000000000, 0.000000000000000000 ) ) ;
#962 = AXIS2_PLACEMENT_3D ( 'NONE', #1423, #313, #858 ) ;
#963 = AXIS2_PLACEMENT_3D ( 'NONE', #672, #1649, #1106 ) ;
#964 = AXIS2_PLACEMENT_3D ( 'NONE', #1514, #970, #1093 ) ;
#965 = CARTESIAN_POINT ( 'NONE',  ( -641.6881233438617755, 829.2151604516614043, 13.50000000000006750 ) ) ;
#966 = VECTOR ( 'NONE', #584, 1000.000000000000000 ) ;
#967 = ORIENTED_EDGE ( 'NONE', *, *, #1262, .T. ) ;
#968 = AXIS2_PLACEMENT_3D ( 'NONE', #80, #1165, #1752 ) ;
#969 = ORIENTED_EDGE ( 'NONE', *, *, #102, .F. ) ;
#970 = DIRECTION ( 'NONE',  ( -7.888609052210118054E-31, -1.577721810442023611E-30, 1.000000000000000000 ) ) ;
#971 = CARTESIAN_POINT ( 'NONE',  ( -731.6881233438613208, 924.2151604516615180, -281.7294101747089030 ) ) ;
#972 = CARTESIAN_POINT ( 'NONE',  ( -641.6881233438617755, 989.2151604516615180, 0.2999999999999669598 ) ) ;
#973 = ADVANCED_FACE ( 'NONE', ( #604 ), #167, .F. ) ;
#974 = LINE ( 'NONE', #1508, #521 ) ;
#975 = CARTESIAN_POINT ( 'NONE',  ( -628.6881233438610934, 866.3151604516608586, -9.700000000000041922 ) ) ;
#976 = ORIENTED_EDGE ( 'NONE', *, *, #207, .F. ) ;
#977 = VERTEX_POINT ( 'NONE', #596 ) ;
#978 = CARTESIAN_POINT ( 'NONE',  ( -754.1381233438610252, 904.3151604516611997, 0.000000000000000000 ) ) ;
#979 = ORIENTED_EDGE ( 'NONE', *, *, #814, .T. ) ;
#980 = DIRECTION ( 'NONE',  ( -1.000000000000000000, 0.000000000000000000, 0.000000000000000000 ) ) ;
#981 = DIRECTION ( 'NONE',  ( -1.000000000000000000, 0.000000000000000000, 0.000000000000000000 ) ) ;
#982 = DIRECTION ( 'NONE',  ( 1.000000000000000000, 0.000000000000000000, 0.000000000000000000 ) ) ;
#983 = ORIENTED_EDGE ( 'NONE', *, *, #375, .T. ) ;
#984 = ADVANCED_FACE ( 'NONE', ( #1007 ), #1147, .F. ) ;
#985 = CARTESIAN_POINT ( 'NONE',  ( -774.2118497436447342, 904.3151604516571069, -9.700000000000041922 ) ) ;
#986 = ORIENTED_EDGE ( 'NONE', *, *, #283, .T. ) ;
#987 = CARTESIAN_POINT ( 'NONE',  ( -599.4803299049431189, 884.3151604516563111, 13.50000000000006750 ) ) ;
#988 = LINE ( 'NONE', #40, #610 ) ;
#989 = DIRECTION ( 'NONE',  ( -0.000000000000000000, -0.000000000000000000, 1.000000000000000000 ) ) ;
#990 = AXIS2_PLACEMENT_3D ( 'NONE', #1159, #171, #853 ) ;
#991 = VECTOR ( 'NONE', #1570, 1000.000000000000000 ) ;
#992 = EDGE_LOOP ( 'NONE', ( #1092, #1560 ) ) ;
#993 = CIRCLE ( 'NONE', #1397, 2.000000000000001776 ) ;
#994 = ADVANCED_FACE ( 'NONE', ( #41 ), #1558, .F. ) ;
#995 = CIRCLE ( 'NONE', #1755, 2.550000000000052225 ) ;
#996 = EDGE_LOOP ( 'NONE', ( #111, #1037 ) ) ;
#997 = DIRECTION ( 'NONE',  ( 0.000000000000000000, 0.000000000000000000, 1.000000000000000000 ) ) ;
#998 = EDGE_LOOP ( 'NONE', ( #126, #1039, #1029, #1551 ) ) ;
#999 = CARTESIAN_POINT ( 'NONE',  ( -731.6881233438613208, 894.2151604516614043, -281.7294101747089030 ) ) ;
#1000 = DIRECTION ( 'NONE',  ( -0.000000000000000000, -0.000000000000000000, 1.000000000000000000 ) ) ;
#1001 = CARTESIAN_POINT ( 'NONE',  ( -639.1881233438608660, 945.3151604516609723, 13.50000000000006750 ) ) ;
#1002 = ORIENTED_EDGE ( 'NONE', *, *, #568, .T. ) ;
#1003 = VERTEX_POINT ( 'NONE', #885 ) ;
#1004 = DIRECTION ( 'NONE',  ( 0.000000000000000000, -1.000000000000000000, 0.000000000000000000 ) ) ;
#1005 = CARTESIAN_POINT ( 'NONE',  ( -628.6881233438609797, 925.3151604516609723, -9.700000000000041922 ) ) ;
#1006 = EDGE_CURVE ( 'NONE', #1266, #64, #1270, .T. ) ;
#1007 = FACE_OUTER_BOUND ( 'NONE', #1744, .T. ) ;
#1008 = CARTESIAN_POINT ( 'NONE',  ( -734.1881233438608660, 948.3151604516614270, -137.0459854098271819 ) ) ;
#1009 = DIRECTION ( 'NONE',  ( 0.000000000000000000, 0.000000000000000000, 1.000000000000000000 ) ) ;
#1010 = CARTESIAN_POINT ( 'NONE',  ( -639.1881233438608660, 849.6095702283100763, 13.50000000000006750 ) ) ;
#1011 = ORIENTED_EDGE ( 'NONE', *, *, #1440, .T. ) ;
#1012 = DIRECTION ( 'NONE',  ( -1.000000000000000000, 6.223015277861141707E-61, -7.888609052210118054E-31 ) ) ;
#1013 = VERTEX_POINT ( 'NONE', #1445 ) ;
#1014 = DIRECTION ( 'NONE',  ( -1.000000000000000000, 0.000000000000000000, 0.000000000000000000 ) ) ;
#1015 = ADVANCED_FACE ( 'NONE', ( #186 ), #413, .T. ) ;
#1016 = LINE ( 'NONE', #1573, #226 ) ;
#1017 = VERTEX_POINT ( 'NONE', #1565 ) ;
#1018 = VECTOR ( 'NONE', #1714, 1000.000000000000000 ) ;
#1019 = ORIENTED_EDGE ( 'NONE', *, *, #767, .T. ) ;
#1020 = DIRECTION ( 'NONE',  ( 0.000000000000000000, 0.000000000000000000, 1.000000000000000000 ) ) ;
#1021 = AXIS2_PLACEMENT_3D ( 'NONE', #1421, #1717, #176 ) ;
#1022 = AXIS2_PLACEMENT_3D ( 'NONE', #1620, #1800, #376 ) ;
#1023 = ORIENTED_EDGE ( 'NONE', *, *, #1539, .T. ) ;
#1024 = DIRECTION ( 'NONE',  ( 1.000000000000000000, 0.000000000000000000, 0.000000000000000000 ) ) ;
#1025 = DIRECTION ( 'NONE',  ( -1.110223024625155594E-14, -1.000000000000000000, -0.000000000000000000 ) ) ;
#1026 = EDGE_CURVE ( 'NONE', #1683, #1353, #1339, .T. ) ;
#1027 = DIRECTION ( 'NONE',  ( 0.000000000000000000, 0.000000000000000000, 1.000000000000000000 ) ) ;
#1028 = ORIENTED_EDGE ( 'NONE', *, *, #252, .T. ) ;
#1029 = ORIENTED_EDGE ( 'NONE', *, *, #1522, .F. ) ;
#1030 = FACE_OUTER_BOUND ( 'NONE', #1588, .T. ) ;
#1031 = ORIENTED_EDGE ( 'NONE', *, *, #1343, .F. ) ;
#1032 = LINE ( 'NONE', #651, #673 ) ;
#1033 = DIRECTION ( 'NONE',  ( 7.888609052210118054E-31, 7.888609052210118054E-31, -1.000000000000000000 ) ) ;
#1034 = CIRCLE ( 'NONE', #1259, 64.99999999999994316 ) ;
#1035 = EDGE_CURVE ( 'NONE', #1492, #220, #1436, .T. ) ;
#1036 = EDGE_CURVE ( 'NONE', #1576, #1451, #666, .T. ) ;
#1037 = ORIENTED_EDGE ( 'NONE', *, *, #636, .T. ) ;
#1038 = DIRECTION ( 'NONE',  ( 1.000000000000000000, 1.110223024625155436E-14, 1.110223024625155436E-14 ) ) ;
#1039 = ORIENTED_EDGE ( 'NONE', *, *, #1766, .T. ) ;
#1040 = DIRECTION ( 'NONE',  ( 0.000000000000000000, -1.000000000000000000, 0.000000000000000000 ) ) ;
#1041 = DIRECTION ( 'NONE',  ( 1.110223024625155436E-14, -1.000000000000000000, 1.110223024625155436E-14 ) ) ;
#1042 = CARTESIAN_POINT ( 'NONE',  ( -586.6881233438613208, 924.2151604516610632, 0.2999999999999583000 ) ) ;
#1043 = CARTESIAN_POINT ( 'NONE',  ( -641.6881233438613208, 924.2151604516615180, 0.000000000000000000 ) ) ;
#1044 = DIRECTION ( 'NONE',  ( 7.888609052210118054E-31, 1.577721810442023611E-30, -1.000000000000000000 ) ) ;
#1045 = ORIENTED_EDGE ( 'NONE', *, *, #1262, .F. ) ;
#1046 = DIRECTION ( 'NONE',  ( 3.491481338843133750E-15, 1.000000000000000000, 2.366582715663035416E-30 ) ) ;
#1047 = EDGE_CURVE ( 'NONE', #855, #744, #6, .T. ) ;
#1048 = AXIS2_PLACEMENT_3D ( 'NONE', #1340, #1760, #1350 ) ;
#1049 = CIRCLE ( 'NONE', #1694, 2.000000000000001776 ) ;
#1050 = EDGE_LOOP ( 'NONE', ( #592, #607, #278, #296 ) ) ;
#1051 = DIRECTION ( 'NONE',  ( 0.000000000000000000, -1.000000000000000000, 0.000000000000000000 ) ) ;
#1052 = VECTOR ( 'NONE', #1786, 1000.000000000000000 ) ;
#1053 = VECTOR ( 'NONE', #809, 1000.000000000000000 ) ;
#1054 = VECTOR ( 'NONE', #922, 1000.000000000000000 ) ;
#1055 = CYLINDRICAL_SURFACE ( 'NONE', #817, 2.550000000000052225 ) ;
#1056 = EDGE_LOOP ( 'NONE', ( #1718, #399, #1321, #1533 ) ) ;
#1057 = FACE_BOUND ( 'NONE', #945, .T. ) ;
#1058 = VERTEX_POINT ( 'NONE', #1379 ) ;
#1059 = FACE_OUTER_BOUND ( 'NONE', #1314, .T. ) ;
#1060 = EDGE_CURVE ( 'NONE', #355, #1249, #940, .T. ) ;
#1061 = VERTEX_POINT ( 'NONE', #1785 ) ;
#1062 = CARTESIAN_POINT ( 'NONE',  ( -639.1881233438608660, 948.3151604516614270, -9.700000000000096989 ) ) ;
#1063 = EDGE_LOOP ( 'NONE', ( #1240, #1650, #910, #1307 ) ) ;
#1064 = CARTESIAN_POINT ( 'NONE',  ( -764.6881233438609797, 925.3151604516613133, -9.700000000000041922 ) ) ;
#1065 = ORIENTED_EDGE ( 'NONE', *, *, #131, .F. ) ;
#1066 = DIRECTION ( 'NONE',  ( -1.000000000000000000, 0.000000000000000000, -7.888609052210118054E-31 ) ) ;
#1067 = CARTESIAN_POINT ( 'NONE',  ( -744.6881233438607524, 945.3151604516613133, 13.50000000000006750 ) ) ;
#1068 = EDGE_CURVE ( 'NONE', #160, #1793, #1647, .T. ) ;
#1069 = CYLINDRICAL_SURFACE ( 'NONE', #493, 2.000000000000001776 ) ;
#1070 = ORIENTED_EDGE ( 'NONE', *, *, #1183, .T. ) ;
#1071 = DIRECTION ( 'NONE',  ( 1.000000000000000000, 0.000000000000000000, -0.000000000000000000 ) ) ;
#1072 = ORIENTED_EDGE ( 'NONE', *, *, #1035, .F. ) ;
#1073 = AXIS2_PLACEMENT_3D ( 'NONE', #1453, #627, #1325 ) ;
#1074 = CIRCLE ( 'NONE', #1722, 2.000000000000001776 ) ;
#1075 = AXIS2_PLACEMENT_3D ( 'NONE', #694, #680, #804 ) ;
#1076 = DIRECTION ( 'NONE',  ( 1.000000000000000000, 0.000000000000000000, 0.000000000000000000 ) ) ;
#1077 = AXIS2_PLACEMENT_3D ( 'NONE', #824, #1526, #686 ) ;
#1078 = DIRECTION ( 'NONE',  ( 7.888609052210118054E-31, 7.888609052210118054E-31, -1.000000000000000000 ) ) ;
#1079 = AXIS2_PLACEMENT_3D ( 'NONE', #1468, #1195, #499 ) ;
#1080 = ADVANCED_FACE ( 'NONE', ( #273 ), #529, .F. ) ;
#1081 = ORIENTED_EDGE ( 'NONE', *, *, #1286, .T. ) ;
#1082 = DIRECTION ( 'NONE',  ( -1.000000000000000000, 0.000000000000000000, 0.000000000000000000 ) ) ;
#1083 = VERTEX_POINT ( 'NONE', #1507 ) ;
#1084 = CARTESIAN_POINT ( 'NONE',  ( -756.6881233438610934, 884.3151604516610860, 5.000000000000000000 ) ) ;
#1085 = DIRECTION ( 'NONE',  ( 1.000000000000000000, 0.000000000000000000, 0.000000000000000000 ) ) ;
#1086 = CARTESIAN_POINT ( 'NONE',  ( -624.6881233438609797, 962.8151604516614270, -137.0459854098271819 ) ) ;
#1087 = DIRECTION ( 'NONE',  ( 0.000000000000000000, 0.000000000000000000, 1.000000000000000000 ) ) ;
#1088 = CARTESIAN_POINT ( 'NONE',  ( -772.2118497436447342, 904.3151604516571069, -9.700000000000041922 ) ) ;
#1089 = VERTEX_POINT ( 'NONE', #972 ) ;
#1090 = CARTESIAN_POINT ( 'NONE',  ( -744.6881233438608660, 925.3151604516613133, -9.700000000000041922 ) ) ;
#1091 = ADVANCED_FACE ( 'NONE', ( #812 ), #1528, .F. ) ;
#1092 = ORIENTED_EDGE ( 'NONE', *, *, #450, .T. ) ;
#1093 = DIRECTION ( 'NONE',  ( 0.000000000000000000, -1.000000000000000000, 0.000000000000000000 ) ) ;
#1094 = CARTESIAN_POINT ( 'NONE',  ( -754.1381233438610252, 884.3151604516610860, 5.000000000000000000 ) ) ;
#1095 = LINE ( 'NONE', #244, #1052 ) ;
#1096 = CYLINDRICAL_SURFACE ( 'NONE', #580, 19.99999999999990763 ) ;
#1097 = ORIENTED_EDGE ( 'NONE', *, *, #298, .F. ) ;
#1098 = ORIENTED_EDGE ( 'NONE', *, *, #1666, .F. ) ;
#1099 = CARTESIAN_POINT ( 'NONE',  ( -586.6881233438613208, 894.2151604516618590, 0.2999999999999583000 ) ) ;
#1100 = EDGE_CURVE ( 'NONE', #674, #1083, #208, .T. ) ;
#1101 = CARTESIAN_POINT ( 'NONE',  ( -744.6881233438610934, 866.3151604516613133, 0.000000000000000000 ) ) ;
#1102 = AXIS2_PLACEMENT_3D ( 'NONE', #740, #712, #1024 ) ;
#1103 = DIRECTION ( 'NONE',  ( 7.888609052210118054E-31, 7.888609052210118054E-31, -1.000000000000000000 ) ) ;
#1104 = VECTOR ( 'NONE', #8, 1000.000000000000000 ) ;
#1105 = AXIS2_PLACEMENT_3D ( 'NONE', #1609, #640, #748 ) ;
#1106 = DIRECTION ( 'NONE',  ( -1.000000000000000000, 0.000000000000000000, 0.000000000000000000 ) ) ;
#1107 = EDGE_LOOP ( 'NONE', ( #1136, #570, #1402, #647, #872, #120, #917, #188 ) ) ;
#1108 = DIRECTION ( 'NONE',  ( 1.000000000000000000, 0.000000000000000000, 0.000000000000000000 ) ) ;
#1109 = AXIS2_PLACEMENT_3D ( 'NONE', #859, #326, #1720 ) ;
#1110 = ORIENTED_EDGE ( 'NONE', *, *, #298, .T. ) ;
#1111 = DIRECTION ( 'NONE',  ( 1.000000000000000000, 0.000000000000000000, 0.000000000000000000 ) ) ;
#1112 = CARTESIAN_POINT ( 'NONE',  ( -621.0344546965593509, 847.8375698014351656, 13.50000000000006750 ) ) ;
#1113 = CARTESIAN_POINT ( 'NONE',  ( -608.6881233438610934, 866.3151604516609723, -9.700000000000041922 ) ) ;
#1114 = DIRECTION ( 'NONE',  ( -0.000000000000000000, -0.000000000000000000, -1.000000000000000000 ) ) ;
#1115 = DIRECTION ( 'NONE',  ( 0.000000000000000000, 0.000000000000000000, 1.000000000000000000 ) ) ;
#1116 = ORIENTED_EDGE ( 'NONE', *, *, #704, .T. ) ;
#1117 = ORIENTED_EDGE ( 'NONE', *, *, #1531, .F. ) ;
#1118 = CARTESIAN_POINT ( 'NONE',  ( 0.000000000000000000, 977.3151604516610860, -137.0459854098271819 ) ) ;
#1119 = PLANE ( 'NONE',  #1571 ) ;
#1120 = ADVANCED_FACE ( 'NONE', ( #828 ), #1292, .F. ) ;
#1121 = CARTESIAN_POINT ( 'NONE',  ( -621.0344546965593509, 847.8375698014351656, -9.700000000000041922 ) ) ;
#1122 = DIRECTION ( 'NONE',  ( 0.000000000000000000, 1.000000000000000000, -0.000000000000000000 ) ) ;
#1123 = ORIENTED_EDGE ( 'NONE', *, *, #157, .F. ) ;
#1124 = ORIENTED_EDGE ( 'NONE', *, *, #683, .T. ) ;
#1125 = FACE_OUTER_BOUND ( 'NONE', #130, .T. ) ;
#1126 = FACE_OUTER_BOUND ( 'NONE', #702, .T. ) ;
#1127 = AXIS2_PLACEMENT_3D ( 'NONE', #382, #939, #254 ) ;
#1128 = CARTESIAN_POINT ( 'NONE',  ( -619.2381233438610479, 884.3151604516609723, 5.000000000000000000 ) ) ;
#1129 = VECTOR ( 'NONE', #646, 1000.000000000000000 ) ;
#1130 = CIRCLE ( 'NONE', #816, 2.550000000000052225 ) ;
#1131 = VECTOR ( 'NONE', #253, 1000.000000000000000 ) ;
#1132 = ORIENTED_EDGE ( 'NONE', *, *, #1253, .F. ) ;
#1133 = VECTOR ( 'NONE', #400, 1000.000000000000000 ) ;
#1134 = ADVANCED_FACE ( 'NONE', ( #739, #1676, #1640 ), #385, .F. ) ;
#1135 = AXIS2_PLACEMENT_3D ( 'NONE', #1730, #488, #895 ) ;
#1136 = ORIENTED_EDGE ( 'NONE', *, *, #1539, .F. ) ;
#1137 = PLANE ( 'NONE',  #1782 ) ;
#1138 = ORIENTED_EDGE ( 'NONE', *, *, #1810, .F. ) ;
#1139 = CARTESIAN_POINT ( 'NONE',  ( -601.4803299049431189, 884.3151604516563111, 19.15685424949245430 ) ) ;
#1140 = DIRECTION ( 'NONE',  ( -1.000000000000000000, -0.000000000000000000, -7.888609052210118054E-31 ) ) ;
#1141 = CARTESIAN_POINT ( 'NONE',  ( -641.6881233438617755, 839.2151604516614043, 0.2999999999999669598 ) ) ;
#1142 = ORIENTED_EDGE ( 'NONE', *, *, #1505, .F. ) ;
#1143 = ORIENTED_EDGE ( 'NONE', *, *, #1006, .F. ) ;
#1144 = DIRECTION ( 'NONE',  ( -0.000000000000000000, 0.000000000000000000, 1.000000000000000000 ) ) ;
#1145 = EDGE_CURVE ( 'NONE', #1083, #79, #472, .T. ) ;
#1146 = CYLINDRICAL_SURFACE ( 'NONE', #697, 64.99999999999994316 ) ;
#1147 = CYLINDRICAL_SURFACE ( 'NONE', #83, 14.49999999999984723 ) ;
#1148 = CARTESIAN_POINT ( 'NONE',  ( -744.6881233438608660, 925.3151604516613133, -281.7294101747089030 ) ) ;
#1149 = CARTESIAN_POINT ( 'NONE',  ( -616.6881233438609797, 884.3151604516609723, 0.000000000000000000 ) ) ;
#1150 = ORIENTED_EDGE ( 'NONE', *, *, #1026, .T. ) ;
#1151 = DIRECTION ( 'NONE',  ( 0.000000000000000000, 0.000000000000000000, 1.000000000000000000 ) ) ;
#1152 = ORIENTED_EDGE ( 'NONE', *, *, #1060, .T. ) ;
#1153 = CARTESIAN_POINT ( 'NONE',  ( -586.6881233438613208, 924.2151604516610632, -9.700000000000041922 ) ) ;
#1154 = EDGE_LOOP ( 'NONE', ( #775, #1117, #301, #454 ) ) ;
#1155 = ADVANCED_FACE ( 'NONE', ( #1264 ), #1301, .F. ) ;
#1156 = FACE_OUTER_BOUND ( 'NONE', #1351, .T. ) ;
#1157 = DIRECTION ( 'NONE',  ( 1.000000000000000000, 0.000000000000000000, -0.000000000000000000 ) ) ;
#1158 = EDGE_CURVE ( 'NONE', #599, #1793, #1220, .T. ) ;
#1159 = CARTESIAN_POINT ( 'NONE',  ( -599.1643969440773390, 904.3151604516564248, 13.50000000000006750 ) ) ;
#1160 = DIRECTION ( 'NONE',  ( -1.000000000000000000, 0.000000000000000000, 0.000000000000000000 ) ) ;
#1161 = EDGE_LOOP ( 'NONE', ( #932, #1807, #736, #1541 ) ) ;
#1162 = AXIS2_PLACEMENT_3D ( 'NONE', #1646, #1527, #1076 ) ;
#1163 = AXIS2_PLACEMENT_3D ( 'NONE', #830, #1500, #982 ) ;
#1164 = ORIENTED_EDGE ( 'NONE', *, *, #116, .T. ) ;
#1165 = DIRECTION ( 'NONE',  ( 7.888609052210118054E-31, 7.888609052210118054E-31, -1.000000000000000000 ) ) ;
#1166 = TOROIDAL_SURFACE ( 'NONE', #1726, 54.99999999999994316, 10.00000000000000000 ) ;
#1167 = AXIS2_PLACEMENT_3D ( 'NONE', #134, #572, #593 ) ;
#1168 = ORIENTED_EDGE ( 'NONE', *, *, #1060, .F. ) ;
#1169 = CARTESIAN_POINT ( 'NONE',  ( -601.1643969440773390, 904.3151604516564248, 13.50000000000006750 ) ) ;
#1170 = EDGE_CURVE ( 'NONE', #355, #868, #860, .T. ) ;
#1171 = DIRECTION ( 'NONE',  ( 0.000000000000000000, 0.000000000000000000, 1.000000000000000000 ) ) ;
#1172 = ORIENTED_EDGE ( 'NONE', *, *, #99, .F. ) ;
#1173 = CARTESIAN_POINT ( 'NONE',  ( -772.2118497436447342, 904.3151604516571069, 13.50000000000006750 ) ) ;
#1174 = EDGE_LOOP ( 'NONE', ( #1116, #269 ) ) ;
#1175 = CARTESIAN_POINT ( 'NONE',  ( -601.1643969440773390, 904.3151604516564248, -9.700000000000041922 ) ) ;
#1176 = FACE_OUTER_BOUND ( 'NONE', #184, .T. ) ;
#1177 = EDGE_CURVE ( 'NONE', #220, #397, #1747, .T. ) ;
#1178 = ORIENTED_EDGE ( 'NONE', *, *, #481, .T. ) ;
#1179 = CARTESIAN_POINT ( 'NONE',  ( -756.6881233438610934, 884.3151604516610860, 0.000000000000000000 ) ) ;
#1180 = ORIENTED_EDGE ( 'NONE', *, *, #1654, .F. ) ;
#1181 = LINE ( 'NONE', #360, #463 ) ;
#1182 = LINE ( 'NONE', #1316, #897 ) ;
#1183 = EDGE_CURVE ( 'NONE', #907, #1017, #242, .T. ) ;
#1184 = ORIENTED_EDGE ( 'NONE', *, *, #470, .F. ) ;
#1185 = FACE_OUTER_BOUND ( 'NONE', #435, .T. ) ;
#1186 = AXIS2_PLACEMENT_3D ( 'NONE', #299, #861, #1417 ) ;
#1187 = VECTOR ( 'NONE', #793, 1000.000000000000000 ) ;
#1188 = ORIENTED_EDGE ( 'NONE', *, *, #1625, .T. ) ;
#1189 = LINE ( 'NONE', #85, #1631 ) ;
#1190 = VECTOR ( 'NONE', #1668, 1000.000000000000000 ) ;
#1191 = ORIENTED_EDGE ( 'NONE', *, *, #228, .T. ) ;
#1192 = VECTOR ( 'NONE', #1805, 1000.000000000000000 ) ;
#1193 = DIRECTION ( 'NONE',  ( -1.000000000000000000, 0.000000000000000000, 0.000000000000000000 ) ) ;
#1194 = ORIENTED_EDGE ( 'NONE', *, *, #1276, .F. ) ;
#1195 = DIRECTION ( 'NONE',  ( 0.000000000000000000, 0.000000000000000000, 1.000000000000000000 ) ) ;
#1196 = VERTEX_POINT ( 'NONE', #442 ) ;
#1197 = CARTESIAN_POINT ( 'NONE',  ( -731.6881233438613208, 894.2151604516614043, 13.50000000000006750 ) ) ;
#1198 = ADVANCED_FACE ( 'NONE', ( #936 ), #201, .F. ) ;
#1199 = DIRECTION ( 'NONE',  ( 1.000000000000000000, 0.000000000000000000, 0.000000000000000000 ) ) ;
#1200 = CARTESIAN_POINT ( 'NONE',  ( -731.6881233438607524, 829.2151604516614043, 0.2999999999999669598 ) ) ;
#1201 = PLANE ( 'NONE',  #1073 ) ;
#1202 = ORIENTED_EDGE ( 'NONE', *, *, #1766, .F. ) ;
#1203 = CYLINDRICAL_SURFACE ( 'NONE', #1248, 2.000000000000001776 ) ;
#1204 = EDGE_LOOP ( 'NONE', ( #792, #12, #36, #1568 ) ) ;
#1205 = CARTESIAN_POINT ( 'NONE',  ( -752.3417919911629497, 847.8375698014356203, -9.700000000000041922 ) ) ;
#1206 = EDGE_CURVE ( 'NONE', #1578, #1492, #1034, .T. ) ;
#1207 = CARTESIAN_POINT ( 'NONE',  ( -608.6881233438610934, 866.3151604516609723, 0.000000000000000000 ) ) ;
#1208 = LINE ( 'NONE', #1796, #1632 ) ;
#1209 = ORIENTED_EDGE ( 'NONE', *, *, #1572, .F. ) ;
#1210 = FACE_OUTER_BOUND ( 'NONE', #1107, .T. ) ;
#1211 = ORIENTED_EDGE ( 'NONE', *, *, #667, .T. ) ;
#1212 = DIRECTION ( 'NONE',  ( 3.763467880085294779E-15, 1.000000000000000000, -0.000000000000000000 ) ) ;
#1213 = AXIS2_PLACEMENT_3D ( 'NONE', #42, #1446, #430 ) ;
#1214 = AXIS2_PLACEMENT_3D ( 'NONE', #1043, #1171, #1473 ) ;
#1215 = FACE_OUTER_BOUND ( 'NONE', #1457, .T. ) ;
#1216 = EDGE_CURVE ( 'NONE', #1708, #205, #1130, .T. ) ;
#1217 = DIRECTION ( 'NONE',  ( -1.000000000000000000, 0.000000000000000000, 0.000000000000000000 ) ) ;
#1218 = VECTOR ( 'NONE', #237, 1000.000000000000000 ) ;
#1219 = EDGE_CURVE ( 'NONE', #1474, #236, #34, .T. ) ;
#1220 = CIRCLE ( 'NONE', #1463, 2.550000000000052225 ) ;
#1221 = CARTESIAN_POINT ( 'NONE',  ( -754.1381233438610252, 904.3151604516611997, 5.000000000000000000 ) ) ;
#1222 = ORIENTED_EDGE ( 'NONE', *, *, #250, .T. ) ;
#1223 = DIRECTION ( 'NONE',  ( 0.000000000000000000, 0.000000000000000000, 1.000000000000000000 ) ) ;
#1224 = ORIENTED_EDGE ( 'NONE', *, *, #450, .F. ) ;
#1225 = CYLINDRICAL_SURFACE ( 'NONE', #1698, 20.00000000000001776 ) ;
#1226 = FACE_OUTER_BOUND ( 'NONE', #29, .T. ) ;
#1227 = DIRECTION ( 'NONE',  ( 3.763467880085294779E-15, 1.000000000000000000, 7.888609052210147832E-31 ) ) ;
#1228 = CARTESIAN_POINT ( 'NONE',  ( -734.1881233438608660, 977.3151604516610860, -137.0459854098271819 ) ) ;
#1229 = EDGE_CURVE ( 'NONE', #789, #709, #1332, .T. ) ;
#1230 = EDGE_LOOP ( 'NONE', ( #1023, #956, #1345, #1097 ) ) ;
#1231 = CYLINDRICAL_SURFACE ( 'NONE', #497, 2.550000000000052225 ) ;
#1232 = DIRECTION ( 'NONE',  ( -7.888609052210118054E-31, -7.888609052210118054E-31, 1.000000000000000000 ) ) ;
#1233 = ORIENTED_EDGE ( 'NONE', *, *, #456, .F. ) ;
#1234 = FILL_AREA_STYLE_COLOUR ( '', #614 ) ;
#1235 = DIRECTION ( 'NONE',  ( 0.000000000000000000, -1.000000000000000000, 0.000000000000000000 ) ) ;
#1236 = CARTESIAN_POINT ( 'NONE',  ( -752.3417919911629497, 943.7927511018870064, 13.50000000000006750 ) ) ;
#1237 = DIRECTION ( 'NONE',  ( -1.000000000000000000, 0.000000000000000000, 0.000000000000000000 ) ) ;
#1238 = CARTESIAN_POINT ( 'NONE',  ( -639.1881233438608660, 948.3151604516614270, 13.50000000000006750 ) ) ;
#1239 = VERTEX_POINT ( 'NONE', #734 ) ;
#1240 = ORIENTED_EDGE ( 'NONE', *, *, #1390, .F. ) ;
#1241 = DIRECTION ( 'NONE',  ( 0.000000000000000000, 0.000000000000000000, 1.000000000000000000 ) ) ;
#1242 = EDGE_CURVE ( 'NONE', #160, #578, #1699, .T. ) ;
#1243 = DIRECTION ( 'NONE',  ( 7.888609052210118054E-31, 7.888609052210118054E-31, -1.000000000000000000 ) ) ;
#1244 = DIRECTION ( 'NONE',  ( 7.888609052210118054E-31, 7.888609052210118054E-31, -1.000000000000000000 ) ) ;
#1245 = CIRCLE ( 'NONE', #1484, 14.49999999999984723 ) ;
#1246 = CIRCLE ( 'NONE', #700, 54.99999999999993605 ) ;
#1247 = DIRECTION ( 'NONE',  ( -0.000000000000000000, -0.000000000000000000, -1.000000000000000000 ) ) ;
#1248 = AXIS2_PLACEMENT_3D ( 'NONE', #106, #542, #258 ) ;
#1249 = VERTEX_POINT ( 'NONE', #447 ) ;
#1250 = VERTEX_POINT ( 'NONE', #161 ) ;
#1251 = DIRECTION ( 'NONE',  ( -1.000000000000000000, 0.000000000000000000, 0.000000000000000000 ) ) ;
#1252 = ORIENTED_EDGE ( 'NONE', *, *, #217, .T. ) ;
#1253 = EDGE_CURVE ( 'NONE', #820, #308, #321, .T. ) ;
#1254 = CYLINDRICAL_SURFACE ( 'NONE', #1483, 14.49999999999984723 ) ;
#1255 = DIRECTION ( 'NONE',  ( -7.888609052210118054E-31, -7.888609052210118054E-31, 1.000000000000000000 ) ) ;
#1256 = VERTEX_POINT ( 'NONE', #1121 ) ;
#1257 = ORIENTED_EDGE ( 'NONE', *, *, #788, .F. ) ;
#1258 = DIRECTION ( 'NONE',  ( 7.888609052210118054E-31, 7.888609052210118054E-31, -1.000000000000000000 ) ) ;
#1259 = AXIS2_PLACEMENT_3D ( 'NONE', #914, #1232, #1383 ) ;
#1260 = ORIENTED_EDGE ( 'NONE', *, *, #1317, .F. ) ;
#1261 = CARTESIAN_POINT ( 'NONE',  ( -764.6881233438610934, 866.3151604516615407, 0.000000000000000000 ) ) ;
#1262 = EDGE_CURVE ( 'NONE', #1492, #342, #1725, .T. ) ;
#1263 = CARTESIAN_POINT ( 'NONE',  ( -639.1881233438608660, 962.8151604516614270, -137.0459854098271819 ) ) ;
#1264 = FACE_OUTER_BOUND ( 'NONE', #234, .T. ) ;
#1265 = EDGE_LOOP ( 'NONE', ( #1604, #444, #1065, #526, #175 ) ) ;
#1266 = VERTEX_POINT ( 'NONE', #923 ) ;
#1267 = DIRECTION ( 'NONE',  ( 7.888609052210118054E-31, 7.888609052210118054E-31, -1.000000000000000000 ) ) ;
#1268 = ORIENTED_EDGE ( 'NONE', *, *, #1036, .F. ) ;
#1269 = DIRECTION ( 'NONE',  ( -1.000000000000000000, 0.000000000000000000, -0.000000000000000000 ) ) ;
#1270 = LINE ( 'NONE', #49, #557 ) ;
#1271 = VECTOR ( 'NONE', #602, 1000.000000000000000 ) ;
#1272 = FACE_OUTER_BOUND ( 'NONE', #863, .T. ) ;
#1273 = VECTOR ( 'NONE', #589, 1000.000000000000000 ) ;
#1274 = CIRCLE ( 'NONE', #494, 14.49999999999984723 ) ;
#1275 = EDGE_LOOP ( 'NONE', ( #685, #307 ) ) ;
#1276 = EDGE_CURVE ( 'NONE', #249, #1674, #151, .T. ) ;
#1277 = AXIS2_PLACEMENT_3D ( 'NONE', #660, #1103, #1237 ) ;
#1278 = AXIS2_PLACEMENT_3D ( 'NONE', #221, #501, #1765 ) ;
#1279 = VECTOR ( 'NONE', #339, 1000.000000000000000 ) ;
#1280 = ORIENTED_EDGE ( 'NONE', *, *, #576, .F. ) ;
#1281 = CARTESIAN_POINT ( 'NONE',  ( -754.1381233438610252, 904.3151604516611997, 5.000000000000000000 ) ) ;
#1282 = DIRECTION ( 'NONE',  ( -1.000000000000000000, 0.000000000000000000, 0.000000000000000000 ) ) ;
#1283 = FACE_OUTER_BOUND ( 'NONE', #361, .T. ) ;
#1284 = DIRECTION ( 'NONE',  ( 1.000000000000000000, 0.000000000000000000, 0.000000000000000000 ) ) ;
#1285 = ORIENTED_EDGE ( 'NONE', *, *, #960, .T. ) ;
#1286 = EDGE_CURVE ( 'NONE', #868, #1763, #783, .T. ) ;
#1287 = EDGE_LOOP ( 'NONE', ( #1659, #1019, #448, #1561 ) ) ;
#1288 = PLANE ( 'NONE',  #1428 ) ;
#1289 = ORIENTED_EDGE ( 'NONE', *, *, #252, .F. ) ;
#1290 = LINE ( 'NONE', #1692, #782 ) ;
#1291 = DIRECTION ( 'NONE',  ( 0.000000000000000000, 0.000000000000000000, 1.000000000000000000 ) ) ;
#1292 = PLANE ( 'NONE',  #114 ) ;
#1293 = DIRECTION ( 'NONE',  ( 0.000000000000000000, 0.000000000000000000, -1.000000000000000000 ) ) ;
#1294 = ORIENTED_EDGE ( 'NONE', *, *, #1299, .T. ) ;
#1295 = ORIENTED_EDGE ( 'NONE', *, *, #1413, .T. ) ;
#1296 = DIRECTION ( 'NONE',  ( 1.000000000000000000, 0.000000000000000000, 0.000000000000000000 ) ) ;
#1297 = ORIENTED_EDGE ( 'NONE', *, *, #1472, .T. ) ;
#1298 = CARTESIAN_POINT ( 'NONE',  ( -734.1881233438608660, 849.6095702283100763, 13.50000000000006750 ) ) ;
#1299 = EDGE_CURVE ( 'NONE', #1673, #165, #1574, .T. ) ;
#1300 = CYLINDRICAL_SURFACE ( 'NONE', #1749, 10.00000000000000000 ) ;
#1301 = PLANE ( 'NONE',  #1784 ) ;
#1302 = VERTEX_POINT ( 'NONE', #290 ) ;
#1303 = DIRECTION ( 'NONE',  ( 0.000000000000000000, 1.000000000000000000, 0.000000000000000000 ) ) ;
#1304 = AXIS2_PLACEMENT_3D ( 'NONE', #479, #60, #624 ) ;
#1305 = AXIS2_PLACEMENT_3D ( 'NONE', #1582, #1713, #1157 ) ;
#1306 = CARTESIAN_POINT ( 'NONE',  ( -616.6881233438609797, 904.3151604516609723, 0.000000000000000000 ) ) ;
#1307 = ORIENTED_EDGE ( 'NONE', *, *, #1158, .F. ) ;
#1308 = CARTESIAN_POINT ( 'NONE',  ( -608.6881233438610934, 866.3151604516609723, -281.7294101747089030 ) ) ;
#1309 = ADVANCED_FACE ( 'NONE', ( #311 ), #1096, .F. ) ;
#1310 = CARTESIAN_POINT ( 'NONE',  ( -619.2381233438610479, 904.3151604516609723, 0.000000000000000000 ) ) ;
#1311 = DIRECTION ( 'NONE',  ( 7.888609052210118054E-31, 7.888609052210118054E-31, -1.000000000000000000 ) ) ;
#1312 = ORIENTED_EDGE ( 'NONE', *, *, #47, .T. ) ;
#1313 = CARTESIAN_POINT ( 'NONE',  ( -731.6881233438607524, 829.2151604516614043, -281.7294101747089030 ) ) ;
#1314 = EDGE_LOOP ( 'NONE', ( #573, #644, #263, #848 ) ) ;
#1315 = LINE ( 'NONE', #73, #1399 ) ;
#1316 = CARTESIAN_POINT ( 'NONE',  ( -764.6881233438610934, 866.3151604516615407, -9.700000000000041922 ) ) ;
#1317 = EDGE_CURVE ( 'NONE', #1451, #674, #141, .T. ) ;
#1318 = UNCERTAINTY_MEASURE_WITH_UNIT (LENGTH_MEASURE( 1.000000000000000082E-05 ), #1815, 'distance_accuracy_value', 'NONE');
#1319 = EDGE_LOOP ( 'NONE', ( #737, #366, #721, #1280 ) ) ;
#1320 = DIRECTION ( 'NONE',  ( 1.000000000000000000, 0.000000000000000000, 0.000000000000000000 ) ) ;
#1321 = ORIENTED_EDGE ( 'NONE', *, *, #157, .T. ) ;
#1322 = CYLINDRICAL_SURFACE ( 'NONE', #1105, 2.000000000000001776 ) ;
#1323 = CARTESIAN_POINT ( 'NONE',  ( -599.4803299049431189, 884.3151604516563111, -9.700000000000041922 ) ) ;
#1324 = FACE_OUTER_BOUND ( 'NONE', #411, .T. ) ;
#1325 = DIRECTION ( 'NONE',  ( -3.491481338843133355E-15, -1.000000000000000000, -1.577721810442023611E-30 ) ) ;
#1326 = DIRECTION ( 'NONE',  ( 0.000000000000000000, -1.000000000000000000, 0.000000000000000000 ) ) ;
#1327 = EDGE_CURVE ( 'NONE', #1256, #96, #1693, .T. ) ;
#1328 = ORIENTED_EDGE ( 'NONE', *, *, #1286, .F. ) ;
#1329 = PLANE ( 'NONE',  #410 ) ;
#1330 = AXIS2_PLACEMENT_3D ( 'NONE', #1005, #177, #1014 ) ;
#1331 = AXIS2_PLACEMENT_3D ( 'NONE', #291, #306, #1686 ) ;
#1332 = CIRCLE ( 'NONE', #202, 2.000000000000001776 ) ;
#1333 = AXIS2_PLACEMENT_3D ( 'NONE', #1569, #1267, #455 ) ;
#1334 = ORIENTED_EDGE ( 'NONE', *, *, #626, .T. ) ;
#1335 = CARTESIAN_POINT ( 'NONE',  ( -752.3417919911629497, 943.7927511018870064, 13.50000000000006750 ) ) ;
#1336 = VECTOR ( 'NONE', #1642, 1000.000000000000000 ) ;
#1337 = FACE_OUTER_BOUND ( 'NONE', #1641, .T. ) ;
#1338 = ORIENTED_EDGE ( 'NONE', *, *, #1593, .F. ) ;
#1339 = CIRCLE ( 'NONE', #172, 2.000000000000001776 ) ;
#1340 = CARTESIAN_POINT ( 'NONE',  ( -616.6881233438609797, 884.3151604516609723, 5.000000000000000000 ) ) ;
#1341 = ORIENTED_EDGE ( 'NONE', *, *, #1787, .F. ) ;
#1342 = DIRECTION ( 'NONE',  ( -1.000000000000000000, 2.871266442996097725E-15, 0.000000000000000000 ) ) ;
#1343 = EDGE_CURVE ( 'NONE', #1250, #674, #695, .T. ) ;
#1344 = CARTESIAN_POINT ( 'NONE',  ( -756.6881233438610934, 904.3151604516611997, 5.000000000000000000 ) ) ;
#1345 = ORIENTED_EDGE ( 'NONE', *, *, #1145, .T. ) ;
#1346 = CARTESIAN_POINT ( 'NONE',  ( -744.6881233438607524, 945.3151604516613133, -281.7294101747089030 ) ) ;
#1347 = ADVANCED_FACE ( 'NONE', ( #1658 ), #1806, .F. ) ;
#1348 = CARTESIAN_POINT ( 'NONE',  ( -628.6881233438610934, 866.3151604516608586, -281.7294101747089030 ) ) ;
#1349 = CARTESIAN_POINT ( 'NONE',  ( -771.8959167827790679, 884.3151604516569932, -9.700000000000041922 ) ) ;
#1350 = DIRECTION ( 'NONE',  ( 1.000000000000000000, 0.000000000000000000, 0.000000000000000000 ) ) ;
#1351 = EDGE_LOOP ( 'NONE', ( #798, #475, #282, #1209, #969 ) ) ;
#1352 = FACE_OUTER_BOUND ( 'NONE', #747, .T. ) ;
#1353 = VERTEX_POINT ( 'NONE', #1088 ) ;
#1354 = ADVANCED_FACE ( 'NONE', ( #550 ), #955, .T. ) ;
#1355 = SURFACE_STYLE_FILL_AREA ( #1364 ) ;
#1356 = EDGE_CURVE ( 'NONE', #1474, #1691, #944, .T. ) ;
#1357 = DIRECTION ( 'NONE',  ( 0.000000000000000000, 0.000000000000000000, -1.000000000000000000 ) ) ;
#1358 = DIRECTION ( 'NONE',  ( 0.000000000000000000, -1.000000000000000000, -1.577721810442023611E-30 ) ) ;
#1359 = CARTESIAN_POINT ( 'NONE',  ( -614.1381233438610252, 884.3151604516609723, 5.000000000000000000 ) ) ;
#1360 = CARTESIAN_POINT ( 'NONE',  ( -639.1881233438608660, 849.6095702283100763, 1.900000000000012790 ) ) ;
#1361 = ORIENTED_EDGE ( 'NONE', *, *, #1701, .T. ) ;
#1362 = CARTESIAN_POINT ( 'NONE',  ( -621.0344546965593509, 847.8375698014351656, -281.7294101747089030 ) ) ;
#1363 = VERTEX_POINT ( 'NONE', #569 ) ;
#1364 = FILL_AREA_STYLE ('',( #1234 ) ) ;
#1365 = CIRCLE ( 'NONE', #1048, 2.550000000000052225 ) ;
#1366 = CIRCLE ( 'NONE', #753, 64.99999999999994316 ) ;
#1367 = CIRCLE ( 'NONE', #1277, 54.99999999999993605 ) ;
#1368 = LINE ( 'NONE', #266, #76 ) ;
#1369 = AXIS2_PLACEMENT_3D ( 'NONE', #271, #1809, #959 ) ;
#1370 = EDGE_CURVE ( 'NONE', #220, #9, #1811, .T. ) ;
#1371 = DIRECTION ( 'NONE',  ( 7.888609052210118054E-31, 7.888609052210118054E-31, -1.000000000000000000 ) ) ;
#1372 = AXIS2_PLACEMENT_3D ( 'NONE', #821, #1223, #97 ) ;
#1373 = DIRECTION ( 'NONE',  ( 1.000000000000000000, 0.000000000000000000, 0.000000000000000000 ) ) ;
#1374 = ORIENTED_EDGE ( 'NONE', *, *, #532, .T. ) ;
#1375 = DIRECTION ( 'NONE',  ( 1.000000000000000000, -2.871266442996097725E-15, 0.000000000000000000 ) ) ;
#1376 = ORIENTED_EDGE ( 'NONE', *, *, #1787, .T. ) ;
#1377 = PRESENTATION_STYLE_ASSIGNMENT (( #1661 ) ) ;
#1378 = CARTESIAN_POINT ( 'NONE',  ( -641.6881233438613208, 894.2151604516614043, 0.2999999999999669598 ) ) ;
#1379 = CARTESIAN_POINT ( 'NONE',  ( -759.2381233438610479, 884.3151604516610860, 5.000000000000000000 ) ) ;
#1380 = DIRECTION ( 'NONE',  ( -0.000000000000000000, -0.000000000000000000, -1.000000000000000000 ) ) ;
#1381 = CARTESIAN_POINT ( 'NONE',  ( -764.6881233438609797, 925.3151604516613133, -281.7294101747089030 ) ) ;
#1382 = ORIENTED_EDGE ( 'NONE', *, *, #389, .T. ) ;
#1383 = DIRECTION ( 'NONE',  ( -1.000000000000000000, 2.562053133750363504E-14, 0.000000000000000000 ) ) ;
#1384 = VERTEX_POINT ( 'NONE', #561 ) ;
#1385 = DIRECTION ( 'NONE',  ( 1.110223024625156540E-14, 0.000000000000000000, -1.000000000000000000 ) ) ;
#1386 = DIRECTION ( 'NONE',  ( 0.000000000000000000, 0.000000000000000000, 1.000000000000000000 ) ) ;
#1387 = CARTESIAN_POINT ( 'NONE',  ( -776.2118497436447342, 904.3151604516571069, 19.15685424949245430 ) ) ;
#1388 = DIRECTION ( 'NONE',  ( 1.000000000000000000, 0.000000000000000000, 0.000000000000000000 ) ) ;
#1389 = ORIENTED_EDGE ( 'NONE', *, *, #181, .T. ) ;
#1390 = EDGE_CURVE ( 'NONE', #578, #599, #396, .T. ) ;
#1391 = ORIENTED_EDGE ( 'NONE', *, *, #502, .F. ) ;
#1392 = DIRECTION ( 'NONE',  ( 0.000000000000000000, -1.000000000000000000, 0.000000000000000000 ) ) ;
#1393 = VERTEX_POINT ( 'NONE', #1672 ) ;
#1394 = LINE ( 'NONE', #1506, #1131 ) ;
#1395 = AXIS2_PLACEMENT_3D ( 'NONE', #1509, #818, #1373 ) ;
#1396 = CIRCLE ( 'NONE', #1102, 2.550000000000052225 ) ;
#1397 = AXIS2_PLACEMENT_3D ( 'NONE', #834, #1244, #981 ) ;
#1398 = DIRECTION ( 'NONE',  ( 1.000000000000000000, 0.000000000000000000, -0.000000000000000000 ) ) ;
#1399 = VECTOR ( 'NONE', #185, 1000.000000000000000 ) ;
#1400 = DIRECTION ( 'NONE',  ( 0.000000000000000000, 0.000000000000000000, 1.000000000000000000 ) ) ;
#1401 = AXIS2_PLACEMENT_3D ( 'NONE', #524, #790, #1342 ) ;
#1402 = ORIENTED_EDGE ( 'NONE', *, *, #481, .F. ) ;
#1403 = ORIENTED_EDGE ( 'NONE', *, *, #591, .F. ) ;
#1404 = CARTESIAN_POINT ( 'NONE',  ( -641.6881233438617755, 989.2151604516615180, -281.7294101747089030 ) ) ;
#1405 = ADVANCED_FACE ( 'NONE', ( #384 ), #1816, .F. ) ;
#1406 = ORIENTED_EDGE ( 'NONE', *, *, #470, .T. ) ;
#1407 = DIRECTION ( 'NONE',  ( -1.000000000000000000, 1.708035422500242257E-15, 0.000000000000000000 ) ) ;
#1408 = ADVANCED_FACE ( 'NONE', ( #245 ), #418, .T. ) ;
#1409 = CYLINDRICAL_SURFACE ( 'NONE', #1186, 2.550000000000052225 ) ;
#1410 = ORIENTED_EDGE ( 'NONE', *, *, #69, .T. ) ;
#1411 = ORIENTED_EDGE ( 'NONE', *, *, #295, .F. ) ;
#1412 = CARTESIAN_POINT ( 'NONE',  ( -614.1381233438610252, 904.3151604516609723, 5.000000000000000000 ) ) ;
#1413 = EDGE_CURVE ( 'NONE', #220, #921, #1538, .T. ) ;
#1414 = DIRECTION ( 'NONE',  ( 3.763467880085294779E-15, 1.000000000000000000, 0.000000000000000000 ) ) ;
#1415 = CARTESIAN_POINT ( 'NONE',  ( -641.6881233438613208, 894.2151604516614043, 0.2999999999999669598 ) ) ;
#1416 = EDGE_CURVE ( 'NONE', #837, #1763, #805, .T. ) ;
#1417 = DIRECTION ( 'NONE',  ( -1.000000000000000000, 0.000000000000000000, 0.000000000000000000 ) ) ;
#1418 = ORIENTED_EDGE ( 'NONE', *, *, #283, .F. ) ;
#1419 = DIRECTION ( 'NONE',  ( 1.000000000000000000, 0.000000000000000000, 0.000000000000000000 ) ) ;
#1420 = VERTEX_POINT ( 'NONE', #965 ) ;
#1421 = CARTESIAN_POINT ( 'NONE',  ( -599.4803299049431189, 884.3151604516563111, -9.700000000000041922 ) ) ;
#1422 = VERTEX_POINT ( 'NONE', #281 ) ;
#1423 = CARTESIAN_POINT ( 'NONE',  ( -616.6881233438609797, 884.3151604516609723, 0.000000000000000000 ) ) ;
#1424 = AXIS2_PLACEMENT_3D ( 'NONE', #1707, #784, #652 ) ;
#1425 = EDGE_CURVE ( 'NONE', #91, #1420, #843, .T. ) ;
#1426 = LINE ( 'NONE', #878, #1427 ) ;
#1427 = VECTOR ( 'NONE', #458, 1000.000000000000000 ) ;
#1428 = AXIS2_PLACEMENT_3D ( 'NONE', #1118, #1392, #582 ) ;
#1429 = EDGE_LOOP ( 'NONE', ( #1211, #905, #320, #1172 ) ) ;
#1430 = CIRCLE ( 'NONE', #1079, 20.00000000000001776 ) ;
#1431 = VECTOR ( 'NONE', #1520, 1000.000000000000000 ) ;
#1432 = ORIENTED_EDGE ( 'NONE', *, *, #1047, .F. ) ;
#1433 = LINE ( 'NONE', #738, #553 ) ;
#1434 = ORIENTED_EDGE ( 'NONE', *, *, #401, .F. ) ;
#1435 = DIRECTION ( 'NONE',  ( 1.000000000000000000, 0.000000000000000000, 0.000000000000000000 ) ) ;
#1436 = LINE ( 'NONE', #760, #1671 ) ;
#1437 = DIRECTION ( 'NONE',  ( 0.000000000000000000, 0.000000000000000000, -1.000000000000000000 ) ) ;
#1438 = PRODUCT_DEFINITION ( 'UNKNOWN', '', #671, #635 ) ;
#1439 = ORIENTED_EDGE ( 'NONE', *, *, #489, .T. ) ;
#1440 = EDGE_CURVE ( 'NONE', #44, #654, #1601, .T. ) ;
#1441 = EDGE_LOOP ( 'NONE', ( #359, #152 ) ) ;
#1442 = DIRECTION ( 'NONE',  ( -1.000000000000000000, 0.000000000000000000, -7.888609052210118054E-31 ) ) ;
#1443 = ORIENTED_EDGE ( 'NONE', *, *, #489, .F. ) ;
#1444 = LINE ( 'NONE', #428, #991 ) ;
#1445 = CARTESIAN_POINT ( 'NONE',  ( -597.1643969440773390, 904.3151604516564248, -9.700000000000041922 ) ) ;
#1446 = DIRECTION ( 'NONE',  ( -0.000000000000000000, -0.000000000000000000, -1.000000000000000000 ) ) ;
#1447 = ORIENTED_EDGE ( 'NONE', *, *, #1177, .T. ) ;
#1448 = DIRECTION ( 'NONE',  ( 0.000000000000000000, 0.000000000000000000, -1.000000000000000000 ) ) ;
#1449 = DIRECTION ( 'NONE',  ( -1.000000000000000000, 0.000000000000000000, -7.888609052210118054E-31 ) ) ;
#1450 = EDGE_CURVE ( 'NONE', #513, #1799, #681, .T. ) ;
#1451 = VERTEX_POINT ( 'NONE', #1238 ) ;
#1452 = CARTESIAN_POINT ( 'NONE',  ( -786.6881233438613208, 925.3151604516613133, -9.700000000000041922 ) ) ;
#1453 = CARTESIAN_POINT ( 'NONE',  ( -686.6131233438610479, 878.7151604516612906, 13.50000000000006750 ) ) ;
#1454 = CIRCLE ( 'NONE', #669, 10.00000000000000888 ) ;
#1455 = AXIS2_PLACEMENT_3D ( 'NONE', #1101, #121, #961 ) ;
#1456 =( GEOMETRIC_REPRESENTATION_CONTEXT ( 3 ) GLOBAL_UNCERTAINTY_ASSIGNED_CONTEXT ( ( #1318 ) ) GLOBAL_UNIT_ASSIGNED_CONTEXT ( ( #1815, #383, #560 ) ) REPRESENTATION_CONTEXT ( 'NONE', 'WORKASPACE' ) );
#1457 = EDGE_LOOP ( 'NONE', ( #218, #841, #1361, #1098 ) ) ;
#1458 = DIRECTION ( 'NONE',  ( 1.000000000000000000, -0.000000000000000000, 0.000000000000000000 ) ) ;
#1459 = CIRCLE ( 'NONE', #787, 20.00000000000001776 ) ;
#1460 = ORIENTED_EDGE ( 'NONE', *, *, #375, .F. ) ;
#1461 = EDGE_CURVE ( 'NONE', #1003, #1089, #815, .T. ) ;
#1462 = CARTESIAN_POINT ( 'NONE',  ( -608.6881233438608660, 925.3151604516607449, 0.000000000000000000 ) ) ;
#1463 = AXIS2_PLACEMENT_3D ( 'NONE', #1797, #1530, #1584 ) ;
#1464 = DIRECTION ( 'NONE',  ( 1.000000000000000000, -1.110223024625155594E-14, 0.000000000000000000 ) ) ;
#1465 = ADVANCED_FACE ( 'NONE', ( #1566 ), #1585, .F. ) ;
#1466 = FACE_OUTER_BOUND ( 'NONE', #223, .T. ) ;
#1467 = ORIENTED_EDGE ( 'NONE', *, *, #1627, .T. ) ;
#1468 = CARTESIAN_POINT ( 'NONE',  ( -628.6881233438610934, 866.3151604516608586, 0.000000000000000000 ) ) ;
#1469 = ORIENTED_EDGE ( 'NONE', *, *, #880, .F. ) ;
#1470 = DIRECTION ( 'NONE',  ( -7.888609052210118054E-31, -1.577721810442023611E-30, 1.000000000000000000 ) ) ;
#1471 = CYLINDRICAL_SURFACE ( 'NONE', #1748, 2.550000000000052225 ) ;
#1472 = EDGE_CURVE ( 'NONE', #744, #1451, #1245, .T. ) ;
#1473 = DIRECTION ( 'NONE',  ( 1.000000000000000000, 0.000000000000000000, -0.000000000000000000 ) ) ;
#1474 = VERTEX_POINT ( 'NONE', #720 ) ;
#1475 = DIRECTION ( 'NONE',  ( 0.000000000000000000, 0.000000000000000000, -1.000000000000000000 ) ) ;
#1476 = ORIENTED_EDGE ( 'NONE', *, *, #1170, .T. ) ;
#1477 = CARTESIAN_POINT ( 'NONE',  ( -744.6881233438608660, 925.3151604516613133, 13.50000000000006750 ) ) ;
#1478 = VERTEX_POINT ( 'NONE', #187 ) ;
#1479 = CARTESIAN_POINT ( 'NONE',  ( -764.6881233438610934, 866.3151604516615407, -281.7294101747089030 ) ) ;
#1480 = ADVANCED_FACE ( 'NONE', ( #750 ), #1300, .T. ) ;
#1481 = ORIENTED_EDGE ( 'NONE', *, *, #568, .F. ) ;
#1482 = LINE ( 'NONE', #365, #1054 ) ;
#1483 = AXIS2_PLACEMENT_3D ( 'NONE', #4, #1543, #297 ) ;
#1484 = AXIS2_PLACEMENT_3D ( 'NONE', #452, #577, #742 ) ;
#1485 = STYLED_ITEM ( 'NONE', ( #1377 ), #446 ) ;
#1486 = ORIENTED_EDGE ( 'NONE', *, *, #1356, .T. ) ;
#1487 = AXIS2_PLACEMENT_3D ( 'NONE', #514, #1071, #388 ) ;
#1488 = CARTESIAN_POINT ( 'NONE',  ( -756.6881233438610934, 884.3151604516610860, 0.000000000000000000 ) ) ;
#1489 = PLANE ( 'NONE',  #53 ) ;
#1490 = CARTESIAN_POINT ( 'NONE',  ( -597.4803299049431189, 884.3151604516563111, -9.700000000000041922 ) ) ;
#1491 = EDGE_CURVE ( 'NONE', #1742, #1673, #1426, .T. ) ;
#1492 = VERTEX_POINT ( 'NONE', #33 ) ;
#1493 = DIRECTION ( 'NONE',  ( -7.888609052210118054E-31, -7.888609052210118054E-31, 1.000000000000000000 ) ) ;
#1494 = EDGE_CURVE ( 'NONE', #490, #419, #370, .T. ) ;
#1495 = EDGE_LOOP ( 'NONE', ( #1191, #773, #1534, #27 ) ) ;
#1496 = DIRECTION ( 'NONE',  ( 0.000000000000000000, 0.000000000000000000, 1.000000000000000000 ) ) ;
#1497 = FACE_OUTER_BOUND ( 'NONE', #1154, .T. ) ;
#1498 = FACE_OUTER_BOUND ( 'NONE', #1056, .T. ) ;
#1499 = CARTESIAN_POINT ( 'NONE',  ( -628.6881233438609797, 945.3151604516609723, -281.7294101747089030 ) ) ;
#1500 = DIRECTION ( 'NONE',  ( 0.000000000000000000, 0.000000000000000000, 1.000000000000000000 ) ) ;
#1501 = ORIENTED_EDGE ( 'NONE', *, *, #769, .T. ) ;
#1502 = CARTESIAN_POINT ( 'NONE',  ( -752.3417919911629497, 847.8375698014356203, -281.7294101747089030 ) ) ;
#1503 = ORIENTED_EDGE ( 'NONE', *, *, #713, .F. ) ;
#1504 = DIRECTION ( 'NONE',  ( 0.000000000000000000, 0.000000000000000000, 1.000000000000000000 ) ) ;
#1505 = EDGE_CURVE ( 'NONE', #490, #1013, #1697, .T. ) ;
#1506 = CARTESIAN_POINT ( 'NONE',  ( -601.1643969440773390, 904.3151604516564248, 19.15685424949245430 ) ) ;
#1507 = CARTESIAN_POINT ( 'NONE',  ( -734.1881233438608660, 948.3151604516614270, 1.900000000000012790 ) ) ;
#1508 = CARTESIAN_POINT ( 'NONE',  ( -608.6881233438608660, 925.3151604516607449, -9.700000000000041922 ) ) ;
#1509 = CARTESIAN_POINT ( 'NONE',  ( -616.6881233438609797, 904.3151604516609723, 5.000000000000000000 ) ) ;
#1510 = ORIENTED_EDGE ( 'NONE', *, *, #950, .T. ) ;
#1511 = CYLINDRICAL_SURFACE ( 'NONE', #1022, 2.550000000000052225 ) ;
#1512 = DIRECTION ( 'NONE',  ( -1.000000000000000000, 6.223015277861141707E-61, -7.888609052210118054E-31 ) ) ;
#1513 = ORIENTED_EDGE ( 'NONE', *, *, #1047, .T. ) ;
#1514 = CARTESIAN_POINT ( 'NONE',  ( -641.6881233438613208, 924.2151604516615180, 13.50000000000006750 ) ) ;
#1515 = CIRCLE ( 'NONE', #286, 64.99999999999994316 ) ;
#1516 = AXIS2_PLACEMENT_3D ( 'NONE', #1803, #545, #1385 ) ;
#1517 = ADVANCED_FACE ( 'NONE', ( #1272 ), #597, .T. ) ;
#1518 = AXIS2_PLACEMENT_3D ( 'NONE', #404, #274, #954 ) ;
#1519 = CYLINDRICAL_SURFACE ( 'NONE', #641, 64.99999999999994316 ) ;
#1520 = DIRECTION ( 'NONE',  ( -0.000000000000000000, -0.000000000000000000, 1.000000000000000000 ) ) ;
#1521 = AXIS2_PLACEMENT_3D ( 'NONE', #1591, #206, #491 ) ;
#1522 = EDGE_CURVE ( 'NONE', #562, #293, #466, .T. ) ;
#1523 = DIRECTION ( 'NONE',  ( 1.000000000000000000, 0.000000000000000000, 0.000000000000000000 ) ) ;
#1524 = ORIENTED_EDGE ( 'NONE', *, *, #960, .F. ) ;
#1525 = VERTEX_POINT ( 'NONE', #1128 ) ;
#1526 = DIRECTION ( 'NONE',  ( -7.888609052210118054E-31, -1.577721810442023611E-30, 1.000000000000000000 ) ) ;
#1527 = DIRECTION ( 'NONE',  ( 7.888609052210118054E-31, 7.888609052210118054E-31, -1.000000000000000000 ) ) ;
#1528 = CYLINDRICAL_SURFACE ( 'NONE', #199, 20.00000000000001776 ) ;
#1529 = CARTESIAN_POINT ( 'NONE',  ( -756.6881233438610934, 884.3151604516610860, 5.000000000000000000 ) ) ;
#1530 = DIRECTION ( 'NONE',  ( 0.000000000000000000, 0.000000000000000000, 1.000000000000000000 ) ) ;
#1531 = EDGE_CURVE ( 'NONE', #1612, #1003, #327, .T. ) ;
#1532 = DIRECTION ( 'NONE',  ( 0.000000000000000000, 0.000000000000000000, 1.000000000000000000 ) ) ;
#1533 = ORIENTED_EDGE ( 'NONE', *, *, #591, .T. ) ;
#1534 = ORIENTED_EDGE ( 'NONE', *, *, #947, .F. ) ;
#1535 = LINE ( 'NONE', #1404, #227 ) ;
#1536 = DIRECTION ( 'NONE',  ( 0.000000000000000000, 0.000000000000000000, 1.000000000000000000 ) ) ;
#1537 = PRODUCT_DEFINITION_SHAPE ( 'NONE', 'NONE',  #1438 ) ;
#1538 = LINE ( 'NONE', #255, #519 ) ;
#1539 = EDGE_CURVE ( 'NONE', #1239, #1422, #1016, .T. ) ;
#1540 = ORIENTED_EDGE ( 'NONE', *, *, #1791, .F. ) ;
#1541 = ORIENTED_EDGE ( 'NONE', *, *, #362, .F. ) ;
#1542 = CARTESIAN_POINT ( 'NONE',  ( -619.2381233438610479, 884.3151604516609723, 0.000000000000000000 ) ) ;
#1543 = DIRECTION ( 'NONE',  ( -0.000000000000000000, -0.000000000000000000, 1.000000000000000000 ) ) ;
#1544 = VECTOR ( 'NONE', #103, 1000.000000000000000 ) ;
#1545 = TOROIDAL_SURFACE ( 'NONE', #870, 54.99999999999994316, 10.00000000000000000 ) ;
#1546 = APPLICATION_PROTOCOL_DEFINITION ( 'draft international standard', 'automotive_design', 1998, #380 ) ;
#1547 = MECHANICAL_DESIGN_GEOMETRIC_PRESENTATION_REPRESENTATION (  '', ( #1485 ), #348 ) ;
#1548 = FACE_OUTER_BOUND ( 'NONE', #998, .T. ) ;
#1549 = AXIS2_PLACEMENT_3D ( 'NONE', #1306, #341, #575 ) ;
#1550 = AXIS2_PLACEMENT_3D ( 'NONE', #1344, #1151, #1419 ) ;
#1551 = ORIENTED_EDGE ( 'NONE', *, *, #1721, .F. ) ;
#1552 = PRODUCT_RELATED_PRODUCT_CATEGORY ( 'part', '', ( #1818 ) ) ;
#1553 = ORIENTED_EDGE ( 'NONE', *, *, #1440, .F. ) ;
#1554 = CARTESIAN_POINT ( 'NONE',  ( -774.2118497436447342, 904.3151604516571069, 13.50000000000006750 ) ) ;
#1555 = ADVANCED_FACE ( 'NONE', ( #1283 ), #25, .F. ) ;
#1556 = ORIENTED_EDGE ( 'NONE', *, *, #1810, .T. ) ;
#1557 = LINE ( 'NONE', #325, #492 ) ;
#1558 = CYLINDRICAL_SURFACE ( 'NONE', #1109, 2.000000000000001776 ) ;
#1559 = LINE ( 'NONE', #1008, #1630 ) ;
#1560 = ORIENTED_EDGE ( 'NONE', *, *, #1494, .T. ) ;
#1561 = ORIENTED_EDGE ( 'NONE', *, *, #1183, .F. ) ;
#1562 = CARTESIAN_POINT ( 'NONE',  ( -752.3417919911629497, 847.8375698014356203, 13.50000000000006750 ) ) ;
#1563 = ADVANCED_FACE ( 'NONE', ( #443 ), #179, .F. ) ;
#1564 = DIRECTION ( 'NONE',  ( 1.000000000000000000, 0.000000000000000000, 7.888609052210118054E-31 ) ) ;
#1565 = CARTESIAN_POINT ( 'NONE',  ( -731.6881233438607524, 989.2151604516615180, 13.50000000000006750 ) ) ;
#1566 = FACE_OUTER_BOUND ( 'NONE', #300, .T. ) ;
#1567 = ORIENTED_EDGE ( 'NONE', *, *, #880, .T. ) ;
#1568 = ORIENTED_EDGE ( 'NONE', *, *, #1068, .F. ) ;
#1569 = CARTESIAN_POINT ( 'NONE',  ( -773.8959167827790679, 884.3151604516569932, -9.700000000000041922 ) ) ;
#1570 = DIRECTION ( 'NONE',  ( 0.000000000000000000, 0.000000000000000000, 1.000000000000000000 ) ) ;
#1571 = AXIS2_PLACEMENT_3D ( 'NONE', #166, #457, #1685 ) ;
#1572 = EDGE_CURVE ( 'NONE', #249, #1083, #1559, .T. ) ;
#1573 = CARTESIAN_POINT ( 'NONE',  ( -734.1881233438608660, 945.3151604516613133, 1.900000000000012790 ) ) ;
#1574 = CIRCLE ( 'NONE', #1724, 2.000000000000001776 ) ;
#1575 = VECTOR ( 'NONE', #67, 1000.000000000000000 ) ;
#1576 = VERTEX_POINT ( 'NONE', #1001 ) ;
#1577 = CIRCLE ( 'NONE', #231, 2.550000000000052225 ) ;
#1578 = VERTEX_POINT ( 'NONE', #867 ) ;
#1579 = CARTESIAN_POINT ( 'NONE',  ( -752.3417919911629497, 847.8375698014356203, -9.700000000000041922 ) ) ;
#1580 = ORIENTED_EDGE ( 'NONE', *, *, #362, .T. ) ;
#1581 = LINE ( 'NONE', #595, #164 ) ;
#1582 = CARTESIAN_POINT ( 'NONE',  ( -641.6881233438613208, 924.2151604516615180, 5.000000000000000000 ) ) ;
#1583 = CARTESIAN_POINT ( 'NONE',  ( 0.000000000000000000, 0.000000000000000000, 0.000000000000000000 ) ) ;
#1584 = DIRECTION ( 'NONE',  ( 1.000000000000000000, 0.000000000000000000, 0.000000000000000000 ) ) ;
#1585 = CYLINDRICAL_SURFACE ( 'NONE', #21, 14.49999999999984723 ) ;
#1586 = ORIENTED_EDGE ( 'NONE', *, *, #328, .F. ) ;
#1587 = ADVANCED_FACE ( 'NONE', ( #1548 ), #1409, .F. ) ;
#1588 = EDGE_LOOP ( 'NONE', ( #967, #1434, #338, #1072 ) ) ;
#1589 = CYLINDRICAL_SURFACE ( 'NONE', #701, 10.00000000000000000 ) ;
#1590 = ORIENTED_EDGE ( 'NONE', *, *, #116, .F. ) ;
#1591 = CARTESIAN_POINT ( 'NONE',  ( -773.8959167827790679, 884.3151604516569932, 13.50000000000006750 ) ) ;
#1592 = PLANE ( 'NONE',  #109 ) ;
#1593 = EDGE_CURVE ( 'NONE', #84, #46, #158, .T. ) ;
#1594 = DIRECTION ( 'NONE',  ( 0.000000000000000000, 0.000000000000000000, 1.000000000000000000 ) ) ;
#1595 = EDGE_LOOP ( 'NONE', ( #1180, #473 ) ) ;
#1596 = LINE ( 'NONE', #1313, #140 ) ;
#1597 = EDGE_CURVE ( 'NONE', #1478, #236, #724, .T. ) ;
#1598 = VERTEX_POINT ( 'NONE', #786 ) ;
#1599 = DIRECTION ( 'NONE',  ( -7.888609052210118054E-31, -1.577721810442023611E-30, 1.000000000000000000 ) ) ;
#1600 = FACE_OUTER_BOUND ( 'NONE', #1704, .T. ) ;
#1601 = CIRCLE ( 'NONE', #1395, 2.550000000000052225 ) ;
#1602 = VECTOR ( 'NONE', #368, 1000.000000000000000 ) ;
#1603 = AXIS2_PLACEMENT_3D ( 'NONE', #668, #530, #1670 ) ;
#1604 = ORIENTED_EDGE ( 'NONE', *, *, #1276, .T. ) ;
#1605 = CARTESIAN_POINT ( 'NONE',  ( -641.6881233438617755, 989.2151604516615180, 0.2999999999999669598 ) ) ;
#1606 = CIRCLE ( 'NONE', #964, 64.99999999999994316 ) ;
#1607 = AXIS2_PLACEMENT_3D ( 'NONE', #1179, #1736, #889 ) ;
#1608 = EDGE_LOOP ( 'NONE', ( #1443, #623, #1460, #552, #1222, #1771 ) ) ;
#1609 = CARTESIAN_POINT ( 'NONE',  ( -773.8959167827790679, 884.3151604516569932, 19.15685424949245430 ) ) ;
#1610 = ADVANCED_FACE ( 'NONE', ( #63, #653, #504, #1618, #235, #1176 ), #1201, .T. ) ;
#1611 = FACE_OUTER_BOUND ( 'NONE', #656, .T. ) ;
#1612 = VERTEX_POINT ( 'NONE', #911 ) ;
#1613 = CARTESIAN_POINT ( 'NONE',  ( -624.6881233438609797, 962.8151604516614270, 13.50000000000006750 ) ) ;
#1614 = ORIENTED_EDGE ( 'NONE', *, *, #758, .T. ) ;
#1615 = LINE ( 'NONE', #1308, #1575 ) ;
#1616 = EDGE_CURVE ( 'NONE', #1363, #1578, #1454, .T. ) ;
#1617 = ORIENTED_EDGE ( 'NONE', *, *, #836, .T. ) ;
#1618 = FACE_BOUND ( 'NONE', #594, .T. ) ;
#1619 = ORIENTED_EDGE ( 'NONE', *, *, #1625, .F. ) ;
#1620 = CARTESIAN_POINT ( 'NONE',  ( -616.6881233438609797, 904.3151604516609723, 5.000000000000000000 ) ) ;
#1621 = DIRECTION ( 'NONE',  ( 0.000000000000000000, -1.110223024625156540E-14, -1.000000000000000000 ) ) ;
#1622 = EDGE_LOOP ( 'NONE', ( #357, #1501, #571, #1716 ) ) ;
#1623 = LINE ( 'NONE', #892, #1665 ) ;
#1624 = LINE ( 'NONE', #453, #1602 ) ;
#1625 = EDGE_CURVE ( 'NONE', #837, #1302, #1182, .T. ) ;
#1626 = DIRECTION ( 'NONE',  ( -1.881733940042647390E-15, -1.000000000000000000, -7.888609052210132067E-31 ) ) ;
#1627 = EDGE_CURVE ( 'NONE', #1763, #203, #88, .T. ) ;
#1628 = EDGE_LOOP ( 'NONE', ( #1779, #1411, #1376, #1150 ) ) ;
#1629 = CARTESIAN_POINT ( 'NONE',  ( -616.6881233438609797, 904.3151604516609723, 5.000000000000000000 ) ) ;
#1630 = VECTOR ( 'NONE', #989, 1000.000000000000000 ) ;
#1631 = VECTOR ( 'NONE', #192, 1000.000000000000000 ) ;
#1632 = VECTOR ( 'NONE', #1380, 1000.000000000000000 ) ;
#1633 = AXIS2_PLACEMENT_3D ( 'NONE', #987, #436, #1684 ) ;
#1634 = ORIENTED_EDGE ( 'NONE', *, *, #389, .F. ) ;
#1635 = DIRECTION ( 'NONE',  ( 1.000000000000000000, 0.000000000000000000, 0.000000000000000000 ) ) ;
#1636 = CIRCLE ( 'NONE', #289, 2.550000000000052225 ) ;
#1637 = CARTESIAN_POINT ( 'NONE',  ( -586.6881233438613208, 924.2151604516609495, 0.2999999999999669598 ) ) ;
#1638 = DIRECTION ( 'NONE',  ( -1.000000000000000000, 0.000000000000000000, 0.000000000000000000 ) ) ;
#1639 = ADVANCED_FACE ( 'NONE', ( #369 ), #1069, .F. ) ;
#1640 = FACE_BOUND ( 'NONE', #1174, .T. ) ;
#1641 = EDGE_LOOP ( 'NONE', ( #461, #1617, #1817, #1634 ) ) ;
#1642 = DIRECTION ( 'NONE',  ( 0.000000000000000000, 0.000000000000000000, 1.000000000000000000 ) ) ;
#1643 = EDGE_LOOP ( 'NONE', ( #270, #563, #1410, #1341 ) ) ;
#1644 = LINE ( 'NONE', #1346, #819 ) ;
#1645 = CARTESIAN_POINT ( 'NONE',  ( -0.000000000000000000, 977.3151604516610860, 13.50000000000006750 ) ) ;
#1646 = CARTESIAN_POINT ( 'NONE',  ( -774.2118497436447342, 904.3151604516571069, -9.700000000000041922 ) ) ;
#1647 = LINE ( 'NONE', #548, #1190 ) ;
#1648 = LINE ( 'NONE', #1359, #728 ) ;
#1649 = DIRECTION ( 'NONE',  ( -7.888609052210118054E-31, -7.888609052210118054E-31, 1.000000000000000000 ) ) ;
#1650 = ORIENTED_EDGE ( 'NONE', *, *, #124, .T. ) ;
#1651 = CARTESIAN_POINT ( 'NONE',  ( -731.6881233438613208, 894.2151604516614043, -9.700000000000041922 ) ) ;
#1652 = ORIENTED_EDGE ( 'NONE', *, *, #1491, .T. ) ;
#1653 = LINE ( 'NONE', #251, #645 ) ;
#1654 = EDGE_CURVE ( 'NONE', #1525, #72, #1365, .T. ) ;
#1655 = DIRECTION ( 'NONE',  ( -7.888609052210118054E-31, -7.888609052210118054E-31, 1.000000000000000000 ) ) ;
#1656 = CYLINDRICAL_SURFACE ( 'NONE', #23, 2.000000000000001776 ) ;
#1657 = DIRECTION ( 'NONE',  ( -0.000000000000000000, 1.000000000000000000, -0.000000000000000000 ) ) ;
#1658 = FACE_OUTER_BOUND ( 'NONE', #1230, .T. ) ;
#1659 = ORIENTED_EDGE ( 'NONE', *, *, #615, .F. ) ;
#1660 = ORIENTED_EDGE ( 'NONE', *, *, #250, .F. ) ;
#1661 = SURFACE_STYLE_USAGE ( .BOTH. , #1675 ) ;
#1662 = CIRCLE ( 'NONE', #1455, 19.99999999999990763 ) ;
#1663 = AXIS2_PLACEMENT_3D ( 'NONE', #749, #1041, #1621 ) ;
#1664 = VECTOR ( 'NONE', #919, 1000.000000000000000 ) ;
#1665 = VECTOR ( 'NONE', #367, 1000.000000000000000 ) ;
#1666 = EDGE_CURVE ( 'NONE', #1017, #977, #1515, .T. ) ;
#1667 = CARTESIAN_POINT ( 'NONE',  ( -759.2381233438610479, 884.3151604516610860, 0.000000000000000000 ) ) ;
#1668 = DIRECTION ( 'NONE',  ( -0.000000000000000000, -0.000000000000000000, -1.000000000000000000 ) ) ;
#1669 = CIRCLE ( 'NONE', #822, 10.00000000000000000 ) ;
#1670 = DIRECTION ( 'NONE',  ( -1.000000000000000000, 0.000000000000000000, 0.000000000000000000 ) ) ;
#1671 = VECTOR ( 'NONE', #625, 1000.000000000000000 ) ;
#1672 = CARTESIAN_POINT ( 'NONE',  ( -621.0344546965593509, 847.8375698014351656, 13.50000000000006750 ) ) ;
#1673 = VERTEX_POINT ( 'NONE', #1490 ) ;
#1674 = VERTEX_POINT ( 'NONE', #1062 ) ;
#1675 = SURFACE_SIDE_STYLE ('',( #1355 ) ) ;
#1676 = FACE_BOUND ( 'NONE', #523, .T. ) ;
#1677 = CARTESIAN_POINT ( 'NONE',  ( -619.2381233438610479, 904.3151604516609723, 5.000000000000000000 ) ) ;
#1678 = ADVANCED_FACE ( 'NONE', ( #1611, #1746, #95 ), #770, .F. ) ;
#1679 = DIRECTION ( 'NONE',  ( 0.000000000000000000, 0.000000000000000000, 1.000000000000000000 ) ) ;
#1680 = ADVANCED_FACE ( 'NONE', ( #1600 ), #1055, .F. ) ;
#1681 = DIRECTION ( 'NONE',  ( 0.000000000000000000, 0.000000000000000000, 1.000000000000000000 ) ) ;
#1682 = ORIENTED_EDGE ( 'NONE', *, *, #1242, .F. ) ;
#1683 = VERTEX_POINT ( 'NONE', #918 ) ;
#1684 = DIRECTION ( 'NONE',  ( 0.000000000000000000, -1.000000000000000000, 0.000000000000000000 ) ) ;
#1685 = DIRECTION ( 'NONE',  ( 0.000000000000000000, -0.000000000000000000, -1.000000000000000000 ) ) ;
#1686 = DIRECTION ( 'NONE',  ( 1.000000000000000000, 0.000000000000000000, -0.000000000000000000 ) ) ;
#1687 = ORIENTED_EDGE ( 'NONE', *, *, #746, .F. ) ;
#1688 = ADVANCED_FACE ( 'NONE', ( #356 ), #1592, .F. ) ;
#1689 = ORIENTED_EDGE ( 'NONE', *, *, #683, .F. ) ;
#1690 = DIRECTION ( 'NONE',  ( 7.888609052210118054E-31, 7.888609052210118054E-31, -1.000000000000000000 ) ) ;
#1691 = VERTEX_POINT ( 'NONE', #346 ) ;
#1692 = CARTESIAN_POINT ( 'NONE',  ( -621.0344546965593509, 847.8375698014351656, 5.000000000000000000 ) ) ;
#1693 = CIRCLE ( 'NONE', #927, 20.00000000000001776 ) ;
#1694 = AXIS2_PLACEMENT_3D ( 'NONE', #952, #517, #1235 ) ;
#1695 = CIRCLE ( 'NONE', #261, 2.550000000000052225 ) ;
#1696 = AXIS2_PLACEMENT_3D ( 'NONE', #1477, #1599, #1051 ) ;
#1697 = LINE ( 'NONE', #1723, #1273 ) ;
#1698 = AXIS2_PLACEMENT_3D ( 'NONE', #1348, #392, #825 ) ;
#1699 = CIRCLE ( 'NONE', #1550, 2.550000000000052225 ) ;
#1700 = ORIENTED_EDGE ( 'NONE', *, *, #1801, .F. ) ;
#1701 = EDGE_CURVE ( 'NONE', #1492, #977, #216, .T. ) ;
#1702 = ORIENTED_EDGE ( 'NONE', *, *, #240, .T. ) ;
#1703 = DIRECTION ( 'NONE',  ( -0.000000000000000000, -0.000000000000000000, -1.000000000000000000 ) ) ;
#1704 = EDGE_LOOP ( 'NONE', ( #1202, #1727, #322, #1802 ) ) ;
#1705 = CARTESIAN_POINT ( 'NONE',  ( -614.1381233438610252, 904.3151604516609723, 0.000000000000000000 ) ) ;
#1706 = DIRECTION ( 'NONE',  ( 0.000000000000000000, 0.000000000000000000, -1.000000000000000000 ) ) ;
#1707 = CARTESIAN_POINT ( 'NONE',  ( -599.1643969440773390, 904.3151604516564248, 19.15685424949245430 ) ) ;
#1708 = VERTEX_POINT ( 'NONE', #1310 ) ;
#1709 = CARTESIAN_POINT ( 'NONE',  ( -616.6881233438609797, 904.3151604516609723, 5.000000000000000000 ) ) ;
#1710 = ADVANCED_FACE ( 'NONE', ( #1466 ), #776, .F. ) ;
#1711 = ORIENTED_EDGE ( 'NONE', *, *, #502, .T. ) ;
#1712 = DIRECTION ( 'NONE',  ( 0.000000000000000000, 0.000000000000000000, 1.000000000000000000 ) ) ;
#1713 = DIRECTION ( 'NONE',  ( 0.000000000000000000, 0.000000000000000000, 1.000000000000000000 ) ) ;
#1714 = DIRECTION ( 'NONE',  ( 0.000000000000000000, 1.000000000000000000, 7.888609052210118054E-31 ) ) ;
#1715 = ORIENTED_EDGE ( 'NONE', *, *, #331, .F. ) ;
#1716 = ORIENTED_EDGE ( 'NONE', *, *, #931, .F. ) ;
#1717 = DIRECTION ( 'NONE',  ( 7.888609052210118054E-31, 7.888609052210118054E-31, -1.000000000000000000 ) ) ;
#1718 = ORIENTED_EDGE ( 'NONE', *, *, #1491, .F. ) ;
#1719 = CARTESIAN_POINT ( 'NONE',  ( -796.6881233438613208, 894.2151604516619727, 0.2999999999999669598 ) ) ;
#1720 = DIRECTION ( 'NONE',  ( -1.000000000000000000, 0.000000000000000000, 0.000000000000000000 ) ) ;
#1721 = EDGE_CURVE ( 'NONE', #1525, #562, #1208, .T. ) ;
#1722 = AXIS2_PLACEMENT_3D ( 'NONE', #1757, #48, #1040 ) ;
#1723 = CARTESIAN_POINT ( 'NONE',  ( -597.1643969440773390, 904.3151604516564248, 19.15685424949245430 ) ) ;
#1724 = AXIS2_PLACEMENT_3D ( 'NONE', #1323, #642, #256 ) ;
#1725 = CIRCLE ( 'NONE', #1663, 10.00000000000000000 ) ;
#1726 = AXIS2_PLACEMENT_3D ( 'NONE', #564, #1690, #1012 ) ;
#1727 = ORIENTED_EDGE ( 'NONE', *, *, #174, .T. ) ;
#1728 = CIRCLE ( 'NONE', #847, 10.00000000000000888 ) ;
#1729 = VERTEX_POINT ( 'NONE', #1774 ) ;
#1730 = CARTESIAN_POINT ( 'NONE',  ( -599.1643969440773390, 904.3151604516564248, -9.700000000000041922 ) ) ;
#1731 = EDGE_LOOP ( 'NONE', ( #1619, #934, #1467, #1418 ) ) ;
#1732 = PLANE ( 'NONE',  #1304 ) ;
#1733 = EDGE_CURVE ( 'NONE', #425, #1013, #993, .T. ) ;
#1734 = CARTESIAN_POINT ( 'NONE',  ( -599.4803299049431189, 884.3151604516563111, 19.15685424949245430 ) ) ;
#1735 = ORIENTED_EDGE ( 'NONE', *, *, #207, .T. ) ;
#1736 = DIRECTION ( 'NONE',  ( 0.000000000000000000, 0.000000000000000000, 1.000000000000000000 ) ) ;
#1737 = ORIENTED_EDGE ( 'NONE', *, *, #340, .T. ) ;
#1738 = FACE_OUTER_BOUND ( 'NONE', #94, .T. ) ;
#1739 = CARTESIAN_POINT ( 'NONE',  ( -731.6881233438608660, 979.2151604516614043, 0.2999999999999583000 ) ) ;
#1740 = ADVANCED_FACE ( 'NONE', ( #1498 ), #1656, .F. ) ;
#1741 = EDGE_CURVE ( 'NONE', #1058, #57, #1095, .T. ) ;
#1742 = VERTEX_POINT ( 'NONE', #101 ) ;
#1743 = LINE ( 'NONE', #772, #1279 ) ;
#1744 = EDGE_LOOP ( 'NONE', ( #1432, #663, #1735, #1260, #823 ) ) ;
#1745 = CARTESIAN_POINT ( 'NONE',  ( -614.1381233438610252, 884.3151604516609723, 0.000000000000000000 ) ) ;
#1746 = FACE_BOUND ( 'NONE', #459, .T. ) ;
#1747 = CIRCLE ( 'NONE', #1127, 10.00000000000000000 ) ;
#1748 = AXIS2_PLACEMENT_3D ( 'NONE', #87, #214, #503 ) ;
#1749 = AXIS2_PLACEMENT_3D ( 'NONE', #1141, #54, #1293 ) ;
#1750 = CIRCLE ( 'NONE', #24, 2.550000000000052225 ) ;
#1751 = ORIENTED_EDGE ( 'NONE', *, *, #866, .T. ) ;
#1752 = DIRECTION ( 'NONE',  ( -1.000000000000000000, 0.000000000000000000, 0.000000000000000000 ) ) ;
#1753 = VECTOR ( 'NONE', #1199, 1000.000000000000000 ) ;
#1754 = EDGE_CURVE ( 'NONE', #1793, #599, #1695, .T. ) ;
#1755 = AXIS2_PLACEMENT_3D ( 'NONE', #1709, #1020, #1320 ) ;
#1756 = ORIENTED_EDGE ( 'NONE', *, *, #546, .T. ) ;
#1757 = CARTESIAN_POINT ( 'NONE',  ( -774.2118497436447342, 904.3151604516571069, 13.50000000000006750 ) ) ;
#1758 = AXIS2_PLACEMENT_3D ( 'NONE', #601, #478, #329 ) ;
#1759 = EDGE_LOOP ( 'NONE', ( #1447, #1469, #426, #292 ) ) ;
#1760 = DIRECTION ( 'NONE',  ( 0.000000000000000000, 0.000000000000000000, 1.000000000000000000 ) ) ;
#1761 = EDGE_LOOP ( 'NONE', ( #324, #986, #257, #1 ) ) ;
#1762 = DIRECTION ( 'NONE',  ( -1.000000000000000000, 0.000000000000000000, 0.000000000000000000 ) ) ;
#1763 = VERTEX_POINT ( 'NONE', #122 ) ;
#1764 = ADVANCED_FACE ( 'NONE', ( #416 ), #518, .F. ) ;
#1765 = DIRECTION ( 'NONE',  ( 1.000000000000000000, 0.000000000000000000, 0.000000000000000000 ) ) ;
#1766 = EDGE_CURVE ( 'NONE', #72, #293, #1648, .T. ) ;
#1767 = ORIENTED_EDGE ( 'NONE', *, *, #758, .F. ) ;
#1768 = DIRECTION ( 'NONE',  ( -7.888609052210118054E-31, -1.577721810442023611E-30, 1.000000000000000000 ) ) ;
#1769 = ORIENTED_EDGE ( 'NONE', *, *, #791, .T. ) ;
#1770 = DIRECTION ( 'NONE',  ( -1.000000000000000000, 0.000000000000000000, 0.000000000000000000 ) ) ;
#1771 = ORIENTED_EDGE ( 'NONE', *, *, #836, .F. ) ;
#1772 = FACE_OUTER_BOUND ( 'NONE', #725, .T. ) ;
#1773 = EDGE_CURVE ( 'NONE', #1302, #689, #845, .T. ) ;
#1774 = CARTESIAN_POINT ( 'NONE',  ( -641.6881233438617755, 979.2151604516614043, -9.700000000000041922 ) ) ;
#1775 = EDGE_LOOP ( 'NONE', ( #229, #1285 ) ) ;
#1776 = PLANE ( 'NONE',  #1487 ) ;
#1777 = CIRCLE ( 'NONE', #898, 14.49999999999984723 ) ;
#1778 = AXIS2_PLACEMENT_3D ( 'NONE', #1099, #556, #516 ) ;
#1779 = ORIENTED_EDGE ( 'NONE', *, *, #887, .F. ) ;
#1780 = CARTESIAN_POINT ( 'NONE',  ( -621.0344546965593509, 943.7927511018867790, 5.000000000000000000 ) ) ;
#1781 = VECTOR ( 'NONE', #759, 1000.000000000000000 ) ;
#1782 = AXIS2_PLACEMENT_3D ( 'NONE', #703, #1251, #997 ) ;
#1783 = CARTESIAN_POINT ( 'NONE',  ( -641.6881233438617755, 829.2151604516614043, 0.2999999999999669598 ) ) ;
#1784 = AXIS2_PLACEMENT_3D ( 'NONE', #149, #943, #1398 ) ;
#1785 = CARTESIAN_POINT ( 'NONE',  ( -754.1381233438610252, 884.3151604516610860, 0.000000000000000000 ) ) ;
#1786 = DIRECTION ( 'NONE',  ( -0.000000000000000000, -0.000000000000000000, -1.000000000000000000 ) ) ;
#1787 = EDGE_CURVE ( 'NONE', #332, #1683, #395, .T. ) ;
#1788 = CARTESIAN_POINT ( 'NONE',  ( -744.6881233438610934, 866.3151604516613133, -281.7294101747089030 ) ) ;
#1789 = VECTOR ( 'NONE', #723, 1000.000000000000000 ) ;
#1790 = ORIENTED_EDGE ( 'NONE', *, *, #193, .T. ) ;
#1791 = EDGE_CURVE ( 'NONE', #342, #1363, #1367, .T. ) ;
#1792 = FACE_OUTER_BOUND ( 'NONE', #1429, .T. ) ;
#1793 = VERTEX_POINT ( 'NONE', #813 ) ;
#1794 = DIRECTION ( 'NONE',  ( 0.000000000000000000, 0.000000000000000000, 1.000000000000000000 ) ) ;
#1795 = PLANE ( 'NONE',  #225 ) ;
#1796 = CARTESIAN_POINT ( 'NONE',  ( -619.2381233438610479, 884.3151604516609723, 5.000000000000000000 ) ) ;
#1797 = CARTESIAN_POINT ( 'NONE',  ( -756.6881233438610934, 904.3151604516611997, 0.000000000000000000 ) ) ;
#1798 = DIRECTION ( 'NONE',  ( 0.000000000000000000, 0.000000000000000000, 1.000000000000000000 ) ) ;
#1799 = VERTEX_POINT ( 'NONE', #128 ) ;
#1800 = DIRECTION ( 'NONE',  ( -0.000000000000000000, -0.000000000000000000, -1.000000000000000000 ) ) ;
#1801 = EDGE_CURVE ( 'NONE', #1799, #79, #583, .T. ) ;
#1802 = ORIENTED_EDGE ( 'NONE', *, *, #181, .F. ) ;
#1803 = CARTESIAN_POINT ( 'NONE',  ( -641.6881233438617755, 839.2151604516614043, 0.2999999999999669598 ) ) ;
#1804 = CYLINDRICAL_SURFACE ( 'NONE', #437, 10.00000000000000000 ) ;
#1805 = DIRECTION ( 'NONE',  ( -0.000000000000000000, 1.000000000000000000, -0.000000000000000000 ) ) ;
#1806 = PLANE ( 'NONE',  #408 ) ;
#1807 = ORIENTED_EDGE ( 'NONE', *, *, #1370, .T. ) ;
#1808 = ORIENTED_EDGE ( 'NONE', *, *, #866, .F. ) ;
#1809 = DIRECTION ( 'NONE',  ( 7.888609052210118054E-31, 7.888609052210118054E-31, -1.000000000000000000 ) ) ;
#1810 = EDGE_CURVE ( 'NONE', #96, #820, #974, .T. ) ;
#1811 = CIRCLE ( 'NONE', #963, 64.99999999999994316 ) ;
#1812 = CIRCLE ( 'NONE', #1021, 2.000000000000001776 ) ;
#1813 = DIRECTION ( 'NONE',  ( 1.000000000000000000, 0.000000000000000000, 0.000000000000000000 ) ) ;
#1814 = CIRCLE ( 'NONE', #469, 54.99999999999993605 ) ;
#1815 =( LENGTH_UNIT ( ) NAMED_UNIT ( * ) SI_UNIT ( .MILLI., .METRE. ) );
#1816 = CYLINDRICAL_SURFACE ( 'NONE', #871, 20.00000000000001776 ) ;
#1817 = ORIENTED_EDGE ( 'NONE', *, *, #719, .T. ) ;
#1818 = PRODUCT ( '1. FrontPiece (v2)', '1. FrontPiece (v2)', '', ( #605 ) ) ;
ENDSEC;
END-ISO-10303-21;
