ISO-10303-21;
HEADER;
FILE_DESCRIPTION (( 'STEP AP214' ),
    '1' );
FILE_NAME ('1. MidPiece.STEP',
    '2026-08-17T14:46:29',
    ( '' ),
    ( '' ),
    'SwSTEP 2.0',
    'SolidWorks 2026',
    '' );
FILE_SCHEMA (( 'AUTOMOTIVE_DESIGN' ));
ENDSEC;

DATA;
#1 = VECTOR ( 'NONE', #449, 1000.000000000000000 ) ;
#2 = DIRECTION ( 'NONE',  ( 1.000000000000000000, 0.000000000000000000, 0.000000000000000000 ) ) ;
#3 = ORIENTED_EDGE ( 'NONE', *, *, #2202, .T. ) ;
#4 = ADVANCED_FACE ( 'NONE', ( #1650 ), #782, .F. ) ;
#5 = ORIENTED_EDGE ( 'NONE', *, *, #1597, .F. ) ;
#6 = CIRCLE ( 'NONE', #2061, 1.499999999999963141 ) ;
#7 = ORIENTED_EDGE ( 'NONE', *, *, #535, .F. ) ;
#8 = EDGE_CURVE ( 'NONE', #1838, #2077, #743, .T. ) ;
#9 = EDGE_CURVE ( 'NONE', #2581, #722, #1013, .T. ) ;
#10 = CARTESIAN_POINT ( 'NONE',  ( -791.6881233438613208, 917.2151604516620864, 28.54999999999995453 ) ) ;
#11 = DIRECTION ( 'NONE',  ( 0.000000000000000000, 0.000000000000000000, 1.000000000000000000 ) ) ;
#12 = DIRECTION ( 'NONE',  ( -0.000000000000000000, -0.000000000000000000, -1.000000000000000000 ) ) ;
#13 = EDGE_LOOP ( 'NONE', ( #256, #389, #170, #292, #2601 ) ) ;
#14 = CIRCLE ( 'NONE', #1387, 2.550000000000052225 ) ;
#15 = LINE ( 'NONE', #726, #2228 ) ;
#16 = ORIENTED_EDGE ( 'NONE', *, *, #255, .T. ) ;
#17 = DIRECTION ( 'NONE',  ( 1.000000000000000000, 0.000000000000000000, 0.000000000000000000 ) ) ;
#18 = FACE_BOUND ( 'NONE', #2344, .T. ) ;
#19 = VECTOR ( 'NONE', #621, 1000.000000000000000 ) ;
#20 = ORIENTED_EDGE ( 'NONE', *, *, #799, .T. ) ;
#21 = ORIENTED_EDGE ( 'NONE', *, *, #1558, .F. ) ;
#22 = PRODUCT_RELATED_PRODUCT_CATEGORY ( 'part', '', ( #236 ) ) ;
#23 = ORIENTED_EDGE ( 'NONE', *, *, #2547, .T. ) ;
#24 = DIRECTION ( 'NONE',  ( 0.000000000000000000, 0.000000000000000000, -1.000000000000000000 ) ) ;
#25 = CARTESIAN_POINT ( 'NONE',  ( -581.6881233438613208, 917.2151604516620864, 28.54999999999995097 ) ) ;
#26 = EDGE_CURVE ( 'NONE', #749, #849, #2959, .T. ) ;
#27 = CARTESIAN_POINT ( 'NONE',  ( -771.3459167827789997, 884.3151604516569932, 40.00000000000000000 ) ) ;
#28 = EDGE_CURVE ( 'NONE', #346, #2827, #98, .T. ) ;
#29 = AXIS2_PLACEMENT_3D ( 'NONE', #2695, #2663, #1361 ) ;
#30 = CARTESIAN_POINT ( 'NONE',  ( -771.3459167827789997, 884.3151604516569932, 35.00000000000000000 ) ) ;
#31 = DIRECTION ( 'NONE',  ( -3.382059365454163486E-15, -1.000000000000000000, 0.000000000000000000 ) ) ;
#32 = PRODUCT_DEFINITION_FORMATION_WITH_SPECIFIED_SOURCE ( 'ANY', '', #236, .NOT_KNOWN. ) ;
#33 = VERTEX_POINT ( 'NONE', #2807 ) ;
#34 = AXIS2_PLACEMENT_3D ( 'NONE', #887, #1998, #1981 ) ;
#35 = CIRCLE ( 'NONE', #412, 2.650000000000041211 ) ;
#36 = ORIENTED_EDGE ( 'NONE', *, *, #2528, .T. ) ;
#37 = VERTEX_POINT ( 'NONE', #1920 ) ;
#38 = DIRECTION ( 'NONE',  ( -1.000000000000000000, -0.000000000000000000, -0.000000000000000000 ) ) ;
#39 = LINE ( 'NONE', #1568, #1913 ) ;
#40 = ORIENTED_EDGE ( 'NONE', *, *, #1817, .T. ) ;
#41 = EDGE_CURVE ( 'NONE', #613, #923, #2577, .T. ) ;
#42 = PLANE ( 'NONE',  #993 ) ;
#43 = AXIS2_PLACEMENT_3D ( 'NONE', #1458, #2378, #327 ) ;
#44 = ADVANCED_FACE ( 'NONE', ( #991 ), #1890, .T. ) ;
#45 = LINE ( 'NONE', #486, #281 ) ;
#46 = VECTOR ( 'NONE', #715, 1000.000000000000000 ) ;
#47 = AXIS2_PLACEMENT_3D ( 'NONE', #434, #1598, #2491 ) ;
#48 = ORIENTED_EDGE ( 'NONE', *, *, #1032, .T. ) ;
#49 = DIRECTION ( 'NONE',  ( 0.000000000000000000, 0.000000000000000000, 1.000000000000000000 ) ) ;
#50 = ORIENTED_EDGE ( 'NONE', *, *, #1333, .T. ) ;
#51 = ORIENTED_EDGE ( 'NONE', *, *, #1429, .F. ) ;
#52 = DIRECTION ( 'NONE',  ( -1.000000000000000000, -0.000000000000000000, -0.000000000000000000 ) ) ;
#53 = CARTESIAN_POINT ( 'NONE',  ( -796.6881233438613208, 917.2151604516620864, 26.00000000000002132 ) ) ;
#54 = ORIENTED_EDGE ( 'NONE', *, *, #221, .F. ) ;
#55 = CARTESIAN_POINT ( 'NONE',  ( -641.0344546965593509, 847.8375698014352793, 37.50000000000000000 ) ) ;
#57 = ORIENTED_EDGE ( 'NONE', *, *, #318, .F. ) ;
#56 = CIRCLE ( 'NONE', #532, 20.00000000000001776 ) ;
#58 = EDGE_CURVE ( 'NONE', #901, #1743, #620, .T. ) ;
#59 = DIRECTION ( 'NONE',  ( 0.000000000000000000, 0.000000000000000000, 1.000000000000000000 ) ) ;
#60 = DIRECTION ( 'NONE',  ( -1.000000000000000000, 0.000000000000000000, 0.000000000000000000 ) ) ;
#61 = CARTESIAN_POINT ( 'NONE',  ( -686.6881233438663230, 832.2151604516614043, 13.24752059641731705 ) ) ;
#62 = EDGE_CURVE ( 'NONE', #284, #2273, #195, .T. ) ;
#63 = ORIENTED_EDGE ( 'NONE', *, *, #1502, .T. ) ;
#64 = FACE_OUTER_BOUND ( 'NONE', #1853, .T. ) ;
#65 = ORIENTED_EDGE ( 'NONE', *, *, #217, .T. ) ;
#66 = ORIENTED_EDGE ( 'NONE', *, *, #631, .F. ) ;
#67 = DIRECTION ( 'NONE',  ( -1.000000000000000000, -0.000000000000000000, -0.000000000000000000 ) ) ;
#68 = CYLINDRICAL_SURFACE ( 'NONE', #81, 20.00000000000001776 ) ;
#69 = CARTESIAN_POINT ( 'NONE',  ( -694.6881233438593881, 832.2151604516614043, 21.24752059642039015 ) ) ;
#70 = VERTEX_POINT ( 'NONE', #1247 ) ;
#71 = CARTESIAN_POINT ( 'NONE',  ( -734.1881233438608660, 945.3151604516613133, 5.000000000000000000 ) ) ;
#72 = VERTEX_POINT ( 'NONE', #2837 ) ;
#73 = FACE_OUTER_BOUND ( 'NONE', #1145, .T. ) ;
#74 = DIRECTION ( 'NONE',  ( 1.000000000000000000, 0.000000000000000000, 0.000000000000000000 ) ) ;
#75 = DIRECTION ( 'NONE',  ( 0.000000000000000000, 0.000000000000000000, 1.000000000000000000 ) ) ;
#76 = CARTESIAN_POINT ( 'NONE',  ( -639.1881233437811716, 962.8151604516662019, 5.000000000000000000 ) ) ;
#77 = LINE ( 'NONE', #1447, #2539 ) ;
#78 = AXIS2_PLACEMENT_3D ( 'NONE', #1047, #1504, #1061 ) ;
#79 = ORIENTED_EDGE ( 'NONE', *, *, #982, .F. ) ;
#80 = ADVANCED_FACE ( 'NONE', ( #798 ), #1694, .F. ) ;
#81 = AXIS2_PLACEMENT_3D ( 'NONE', #560, #2388, #1944 ) ;
#82 = DIRECTION ( 'NONE',  ( -0.000000000000000000, -1.000000000000000000, -0.000000000000000000 ) ) ;
#83 = ORIENTED_EDGE ( 'NONE', *, *, #648, .T. ) ;
#84 = DIRECTION ( 'NONE',  ( 1.000000000000000000, -3.382059365454163486E-15, -0.000000000000000000 ) ) ;
#85 = VERTEX_POINT ( 'NONE', #2165 ) ;
#86 = EDGE_CURVE ( 'NONE', #2111, #1438, #371, .T. ) ;
#87 =( NAMED_UNIT ( * ) PLANE_ANGLE_UNIT ( ) SI_UNIT ( $, .RADIAN. ) );
#88 = DIRECTION ( 'NONE',  ( 0.000000000000000000, -0.000000000000000000, -1.000000000000000000 ) ) ;
#89 = VERTEX_POINT ( 'NONE', #1951 ) ;
#90 = AXIS2_PLACEMENT_3D ( 'NONE', #1249, #2136, #95 ) ;
#91 = LINE ( 'NONE', #1026, #694 ) ;
#92 = EDGE_LOOP ( 'NONE', ( #2759, #1059 ) ) ;
#93 = CARTESIAN_POINT ( 'NONE',  ( -639.1881233438608660, 945.3151604516609723, 0.000000000000000000 ) ) ;
#94 = DIRECTION ( 'NONE',  ( 1.000000000000000000, 0.000000000000000000, 0.000000000000000000 ) ) ;
#95 = DIRECTION ( 'NONE',  ( 1.000000000000000000, 0.000000000000000000, 0.000000000000000000 ) ) ;
#96 = FACE_OUTER_BOUND ( 'NONE', #181, .T. ) ;
#97 = DIRECTION ( 'NONE',  ( 1.000000000000000000, 0.000000000000000000, 0.000000000000000000 ) ) ;
#98 = CIRCLE ( 'NONE', #864, 2.550000000000052225 ) ;
#99 = AXIS2_PLACEMENT_3D ( 'NONE', #846, #1528, #24 ) ;
#100 = ORIENTED_EDGE ( 'NONE', *, *, #1558, .T. ) ;
#101 = AXIS2_PLACEMENT_3D ( 'NONE', #2767, #474, #2040 ) ;
#102 = ADVANCED_FACE ( 'NONE', ( #630 ), #857, .F. ) ;
#103 = VERTEX_POINT ( 'NONE', #2184 ) ;
#104 = LINE ( 'NONE', #2582, #457 ) ;
#105 = FACE_OUTER_BOUND ( 'NONE', #1318, .T. ) ;
#106 = ORIENTED_EDGE ( 'NONE', *, *, #931, .F. ) ;
#107 = LINE ( 'NONE', #563, #1397 ) ;
#108 = EDGE_CURVE ( 'NONE', #2258, #2697, #2331, .T. ) ;
#109 = CARTESIAN_POINT ( 'NONE',  ( -651.0344546965593509, 829.2151604516614043, 22.50000000000000355 ) ) ;
#110 = VERTEX_POINT ( 'NONE', #597 ) ;
#111 = AXIS2_PLACEMENT_3D ( 'NONE', #2571, #988, #972 ) ;
#112 = CARTESIAN_POINT ( 'NONE',  ( -581.6881233438613208, 903.2151604516620864, 28.00000000000056488 ) ) ;
#113 = ORIENTED_EDGE ( 'NONE', *, *, #255, .F. ) ;
#114 = VECTOR ( 'NONE', #616, 1000.000000000000000 ) ;
#115 = CARTESIAN_POINT ( 'NONE',  ( -694.6881233438593881, 829.2151604516614043, 21.24752059642039015 ) ) ;
#116 = CYLINDRICAL_SURFACE ( 'NONE', #440, 1.499999999999970024 ) ;
#117 = VECTOR ( 'NONE', #1808, 1000.000000000000000 ) ;
#118 = ORIENTED_EDGE ( 'NONE', *, *, #1327, .F. ) ;
#119 = DIRECTION ( 'NONE',  ( -0.000000000000000000, -0.000000000000000000, -1.000000000000000000 ) ) ;
#120 = EDGE_LOOP ( 'NONE', ( #927, #2880, #2435, #1453 ) ) ;
#121 = CARTESIAN_POINT ( 'NONE',  ( -774.2118497436447342, 904.3151604516571069, 5.000000000000000000 ) ) ;
#122 = DIRECTION ( 'NONE',  ( 0.000000000000000000, -0.000000000000000000, -1.000000000000000000 ) ) ;
#123 = ORIENTED_EDGE ( 'NONE', *, *, #1766, .T. ) ;
#124 = CIRCLE ( 'NONE', #2883, 2.550000000000017586 ) ;
#125 = DIRECTION ( 'NONE',  ( -0.000000000000000000, -1.000000000000000000, -0.000000000000000000 ) ) ;
#126 = ORIENTED_EDGE ( 'NONE', *, *, #2755, .T. ) ;
#127 = CARTESIAN_POINT ( 'NONE',  ( -752.3417919911629497, 943.7927511018870064, 5.000000000000000000 ) ) ;
#128 = DIRECTION ( 'NONE',  ( -0.000000000000000000, -0.000000000000000000, -1.000000000000000000 ) ) ;
#129 = EDGE_CURVE ( 'NONE', #2055, #346, #2226, .T. ) ;
#130 = EDGE_CURVE ( 'NONE', #2507, #2680, #2087, .T. ) ;
#131 = CARTESIAN_POINT ( 'NONE',  ( -576.6881233438613208, 915.2151604516612906, 9.449999999999862510 ) ) ;
#132 = CARTESIAN_POINT ( 'NONE',  ( -596.6143969440771571, 904.3151604516566522, 5.000000000000000000 ) ) ;
#133 = SURFACE_SIDE_STYLE ('',( #2362 ) ) ;
#134 = EDGE_CURVE ( 'NONE', #2090, #2348, #1304, .T. ) ;
#135 = ORIENTED_EDGE ( 'NONE', *, *, #2366, .F. ) ;
#136 = CARTESIAN_POINT ( 'NONE',  ( -734.1881233438608660, 977.3151604516610860, 5.000000000000000000 ) ) ;
#137 = CIRCLE ( 'NONE', #2756, 2.550000000000006928 ) ;
#138 = ORIENTED_EDGE ( 'NONE', *, *, #2038, .T. ) ;
#139 = DIRECTION ( 'NONE',  ( 0.000000000000000000, 0.000000000000000000, 1.000000000000000000 ) ) ;
#140 = ORIENTED_EDGE ( 'NONE', *, *, #1609, .F. ) ;
#141 = ORIENTED_EDGE ( 'NONE', *, *, #2148, .T. ) ;
#142 = VECTOR ( 'NONE', #295, 1000.000000000000000 ) ;
#143 = CYLINDRICAL_SURFACE ( 'NONE', #2948, 2.549999999999986500 ) ;
#144 = CARTESIAN_POINT ( 'NONE',  ( -686.6881233438663230, 832.2151604516614043, 13.24752059641731705 ) ) ;
#145 = ORIENTED_EDGE ( 'NONE', *, *, #1484, .F. ) ;
#146 = EDGE_CURVE ( 'NONE', #2227, #33, #1521, .T. ) ;
#147 = CARTESIAN_POINT ( 'NONE',  ( -752.3417919911629497, 943.7927511018870064, 40.00000000000000000 ) ) ;
#148 = LINE ( 'NONE', #876, #2019 ) ;
#149 = DIRECTION ( 'NONE',  ( 0.000000000000000000, 0.000000000000000000, 1.000000000000000000 ) ) ;
#150 = CYLINDRICAL_SURFACE ( 'NONE', #1849, 2.549999999999904787 ) ;
#151 = VECTOR ( 'NONE', #1350, 1000.000000000000000 ) ;
#152 = CARTESIAN_POINT ( 'NONE',  ( -731.6881233438613208, 894.2151604516614043, 40.00000000000000000 ) ) ;
#153 = ORIENTED_EDGE ( 'NONE', *, *, #1466, .T. ) ;
#154 = CIRCLE ( 'NONE', #711, 2.550000000000017586 ) ;
#155 = EDGE_LOOP ( 'NONE', ( #1203, #1689 ) ) ;
#156 = DIRECTION ( 'NONE',  ( 0.000000000000000000, 0.000000000000000000, 1.000000000000000000 ) ) ;
#157 = ORIENTED_EDGE ( 'NONE', *, *, #1616, .F. ) ;
#158 = LINE ( 'NONE', #1693, #1324 ) ;
#159 = LINE ( 'NONE', #1078, #2764 ) ;
#160 = LINE ( 'NONE', #1479, #319 ) ;
#161 = DIRECTION ( 'NONE',  ( -1.000000000000000000, 0.000000000000000000, 0.000000000000000000 ) ) ;
#162 = CYLINDRICAL_SURFACE ( 'NONE', #2852, 2.550000000000006928 ) ;
#163 = FACE_OUTER_BOUND ( 'NONE', #1251, .T. ) ;
#164 = CYLINDRICAL_SURFACE ( 'NONE', #519, 2.550000000000052225 ) ;
#165 = ADVANCED_FACE ( 'NONE', ( #2017 ), #2899, .T. ) ;
#166 = CARTESIAN_POINT ( 'NONE',  ( -621.0344546965593509, 862.8375698014351656, 40.00000000000000000 ) ) ;
#167 = VERTEX_POINT ( 'NONE', #186 ) ;
#168 = AXIS2_PLACEMENT_3D ( 'NONE', #1309, #2009, #2640 ) ;
#169 = DIRECTION ( 'NONE',  ( 1.000000000000000000, -0.000000000000000000, -0.000000000000000000 ) ) ;
#170 = ORIENTED_EDGE ( 'NONE', *, *, #1802, .T. ) ;
#171 = VERTEX_POINT ( 'NONE', #201 ) ;
#172 = CARTESIAN_POINT ( 'NONE',  ( -641.6881233438617755, 829.2151604516614043, 5.000000000000000000 ) ) ;
#173 = DIRECTION ( 'NONE',  ( -0.000000000000000000, -0.000000000000000000, -1.000000000000000000 ) ) ;
#174 = AXIS2_PLACEMENT_3D ( 'NONE', #2923, #646, #1749 ) ;
#175 = DIRECTION ( 'NONE',  ( 0.000000000000000000, 0.000000000000000000, -1.000000000000000000 ) ) ;
#176 = DIRECTION ( 'NONE',  ( 1.000000000000000000, 0.000000000000000000, 0.000000000000000000 ) ) ;
#177 = FACE_OUTER_BOUND ( 'NONE', #1178, .T. ) ;
#178 = CARTESIAN_POINT ( 'NONE',  ( -602.0303299049429597, 884.3151604516565385, 40.00000000000000000 ) ) ;
#179 = VERTEX_POINT ( 'NONE', #2868 ) ;
#180 = EDGE_CURVE ( 'NONE', #2121, #1150, #1011, .T. ) ;
#181 = EDGE_LOOP ( 'NONE', ( #2791, #1553, #3, #5 ) ) ;
#182 = CIRCLE ( 'NONE', #357, 2.550000000000017586 ) ;
#183 = ORIENTED_EDGE ( 'NONE', *, *, #1140, .T. ) ;
#184 = DIRECTION ( 'NONE',  ( 0.000000000000000000, 0.000000000000000000, 1.000000000000000000 ) ) ;
#185 = DIRECTION ( 'NONE',  ( 0.000000000000000000, 0.000000000000000000, 1.000000000000000000 ) ) ;
#186 = CARTESIAN_POINT ( 'NONE',  ( -791.6881233438613208, 915.2151604516612906, 14.54999999999988702 ) ) ;
#187 = VECTOR ( 'NONE', #2501, 1000.000000000000000 ) ;
#188 = CARTESIAN_POINT ( 'NONE',  ( -734.1881233438608660, 945.3151604516613133, 0.000000000000000000 ) ) ;
#189 = DIRECTION ( 'NONE',  ( -0.000000000000000000, -1.000000000000000000, -0.000000000000000000 ) ) ;
#190 = DIRECTION ( 'NONE',  ( 1.000000000000000000, 0.000000000000000000, -0.000000000000000000 ) ) ;
#191 = CARTESIAN_POINT ( 'NONE',  ( -653.6881233437762830, 962.8151604516662019, 5.000000000000000000 ) ) ;
#192 = DIRECTION ( 'NONE',  ( 1.000000000000000000, 0.000000000000000000, 0.000000000000000000 ) ) ;
#193 = ORIENTED_EDGE ( 'NONE', *, *, #2406, .F. ) ;
#194 = ORIENTED_EDGE ( 'NONE', *, *, #1595, .F. ) ;
#195 = CIRCLE ( 'NONE', #43, 2.549999999999996714 ) ;
#196 = ADVANCED_FACE ( 'NONE', ( #1505 ), #2420, .T. ) ;
#197 = VERTEX_POINT ( 'NONE', #1321 ) ;
#198 = FACE_BOUND ( 'NONE', #544, .T. ) ;
#199 = VECTOR ( 'NONE', #2544, 1000.000000000000000 ) ;
#200 = CARTESIAN_POINT ( 'NONE',  ( -599.4803299049428915, 884.3151604516565385, 35.00000000000000000 ) ) ;
#201 = CARTESIAN_POINT ( 'NONE',  ( -628.6881233438609797, 945.3151604516609723, 0.000000000000000000 ) ) ;
#202 = EDGE_CURVE ( 'NONE', #1264, #1403, #1112, .T. ) ;
#203 = CARTESIAN_POINT ( 'NONE',  ( -641.8381233437812625, 962.8151604516662019, 0.000000000000000000 ) ) ;
#204 = DIRECTION ( 'NONE',  ( 0.000000000000000000, -1.000000000000000000, 0.000000000000000000 ) ) ;
#205 = FACE_OUTER_BOUND ( 'NONE', #2534, .T. ) ;
#206 = DIRECTION ( 'NONE',  ( 0.000000000000000000, -0.000000000000000000, 1.000000000000000000 ) ) ;
#207 = AXIS2_PLACEMENT_3D ( 'NONE', #2511, #679, #305 ) ;
#208 = CARTESIAN_POINT ( 'NONE',  ( -731.6881233438608660, 979.2151604516614043, 0.000000000000000000 ) ) ;
#209 = AXIS2_PLACEMENT_3D ( 'NONE', #2005, #396, #1734 ) ;
#210 = ORIENTED_EDGE ( 'NONE', *, *, #129, .T. ) ;
#211 = VECTOR ( 'NONE', #2338, 1000.000000000000000 ) ;
#212 = ORIENTED_EDGE ( 'NONE', *, *, #874, .T. ) ;
#213 = FACE_BOUND ( 'NONE', #1425, .T. ) ;
#214 = CYLINDRICAL_SURFACE ( 'NONE', #800, 2.650000000000041211 ) ;
#215 = DIRECTION ( 'NONE',  ( 1.000000000000000000, -0.000000000000000000, -0.000000000000000000 ) ) ;
#216 = ORIENTED_EDGE ( 'NONE', *, *, #2441, .F. ) ;
#217 = EDGE_CURVE ( 'NONE', #301, #733, #2679, .T. ) ;
#218 = CARTESIAN_POINT ( 'NONE',  ( -576.6881233438613208, 917.2151604516620864, 26.00000000000002132 ) ) ;
#219 = VECTOR ( 'NONE', #528, 1000.000000000000000 ) ;
#220 = DIRECTION ( 'NONE',  ( -1.000000000000000000, 0.000000000000000000, 0.000000000000000000 ) ) ;
#221 = EDGE_CURVE ( 'NONE', #455, #2677, #279, .T. ) ;
#222 = DIRECTION ( 'NONE',  ( -0.5036999084910300795, 0.8638786964534592716, -0.000000000000000000 ) ) ;
#223 = DIRECTION ( 'NONE',  ( 0.000000000000000000, 0.000000000000000000, 1.000000000000000000 ) ) ;
#224 = ORIENTED_EDGE ( 'NONE', *, *, #2422, .T. ) ;
#225 = ORIENTED_EDGE ( 'NONE', *, *, #1351, .F. ) ;
#226 = DIRECTION ( 'NONE',  ( 0.000000000000000000, 0.000000000000000000, 1.000000000000000000 ) ) ;
#227 = CARTESIAN_POINT ( 'NONE',  ( -734.1881233437800347, 962.8151604516662019, 5.000000000000000000 ) ) ;
#228 = AXIS2_PLACEMENT_3D ( 'NONE', #640, #444, #2484 ) ;
#229 = CIRCLE ( 'NONE', #2130, 2.550000000000052225 ) ;
#230 = CYLINDRICAL_SURFACE ( 'NONE', #2718, 2.549999999999906564 ) ;
#231 = EDGE_CURVE ( 'NONE', #992, #2827, #159, .T. ) ;
#232 = DIRECTION ( 'NONE',  ( 1.000000000000000000, 0.000000000000000000, 0.000000000000000000 ) ) ;
#233 = EDGE_CURVE ( 'NONE', #1195, #1104, #2637, .T. ) ;
#234 = LINE ( 'NONE', #683, #978 ) ;
#235 = ORIENTED_EDGE ( 'NONE', *, *, #217, .F. ) ;
#236 = PRODUCT ( '1. MidPiece', '1. MidPiece', '', ( #2829 ) ) ;
#237 = ORIENTED_EDGE ( 'NONE', *, *, #2383, .F. ) ;
#238 = ORIENTED_EDGE ( 'NONE', *, *, #1859, .T. ) ;
#239 = DIRECTION ( 'NONE',  ( 0.000000000000000000, 0.000000000000000000, 1.000000000000000000 ) ) ;
#240 = CARTESIAN_POINT ( 'NONE',  ( -641.6881233438617755, 979.2151604516614043, 40.00000000000000000 ) ) ;
#241 = CARTESIAN_POINT ( 'NONE',  ( -599.4803299049428915, 884.3151604516565385, 40.00000000000000000 ) ) ;
#242 = ORIENTED_EDGE ( 'NONE', *, *, #463, .T. ) ;
#243 = EDGE_CURVE ( 'NONE', #284, #103, #1742, .T. ) ;
#244 = EDGE_LOOP ( 'NONE', ( #2254, #1935, #2944, #2619 ) ) ;
#245 = AXIS2_PLACEMENT_3D ( 'NONE', #1495, #1218, #2809 ) ;
#246 = ORIENTED_EDGE ( 'NONE', *, *, #1310, .T. ) ;
#247 = CARTESIAN_POINT ( 'NONE',  ( -576.6881233438613208, 917.2151604516620864, 28.54999999999995097 ) ) ;
#248 = DIRECTION ( 'NONE',  ( -0.000000000000000000, -0.000000000000000000, -1.000000000000000000 ) ) ;
#249 = ORIENTED_EDGE ( 'NONE', *, *, #690, .T. ) ;
#250 = CARTESIAN_POINT ( 'NONE',  ( -776.7618497436448024, 904.3151604516571069, 5.000000000000000000 ) ) ;
#251 = DIRECTION ( 'NONE',  ( 0.000000000000000000, 0.000000000000000000, 1.000000000000000000 ) ) ;
#252 = DIRECTION ( 'NONE',  ( 0.000000000000000000, 1.000000000000000000, 0.000000000000000000 ) ) ;
#253 = ORIENTED_EDGE ( 'NONE', *, *, #2406, .T. ) ;
#254 = CARTESIAN_POINT ( 'NONE',  ( -641.6881233438613208, 894.2151604516614043, 40.00000000000000000 ) ) ;
#255 = EDGE_CURVE ( 'NONE', #1347, #2258, #1335, .T. ) ;
#256 = ORIENTED_EDGE ( 'NONE', *, *, #2038, .F. ) ;
#257 = LINE ( 'NONE', #1673, #866 ) ;
#258 = DIRECTION ( 'NONE',  ( 0.000000000000000000, 0.000000000000000000, -1.000000000000000000 ) ) ;
#259 = DIRECTION ( 'NONE',  ( -0.000000000000000000, -0.000000000000000000, 1.000000000000000000 ) ) ;
#260 = EDGE_LOOP ( 'NONE', ( #756, #1003 ) ) ;
#261 = EDGE_CURVE ( 'NONE', #1159, #1500, #1493, .T. ) ;
#262 = CARTESIAN_POINT ( 'NONE',  ( -774.2118497436447342, 904.3151604516571069, 5.000000000000000000 ) ) ;
#263 = VECTOR ( 'NONE', #1536, 1000.000000000000000 ) ;
#264 = AXIS2_PLACEMENT_3D ( 'NONE', #121, #1707, #1436 ) ;
#265 = CARTESIAN_POINT ( 'NONE',  ( -641.6881233438617755, 979.2151604516614043, 40.00000000000000000 ) ) ;
#266 = AXIS2_PLACEMENT_3D ( 'NONE', #2170, #2187, #570 ) ;
#267 = VERTEX_POINT ( 'NONE', #1593 ) ;
#268 = CIRCLE ( 'NONE', #1940, 20.00000000000001776 ) ;
#269 = ORIENTED_EDGE ( 'NONE', *, *, #490, .F. ) ;
#270 = ORIENTED_EDGE ( 'NONE', *, *, #2819, .F. ) ;
#271 = DIRECTION ( 'NONE',  ( 1.000000000000000000, 0.000000000000000000, 0.000000000000000000 ) ) ;
#272 = CARTESIAN_POINT ( 'NONE',  ( -686.6881233438565459, 829.2151604516614043, 29.24752059641355828 ) ) ;
#273 = ORIENTED_EDGE ( 'NONE', *, *, #2755, .F. ) ;
#274 = EDGE_CURVE ( 'NONE', #1945, #2348, #1603, .T. ) ;
#275 = AXIS2_PLACEMENT_3D ( 'NONE', #582, #1968, #2664 ) ;
#276 = CARTESIAN_POINT ( 'NONE',  ( -791.6881233438613208, 903.2151604516620864, 25.45000000000056772 ) ) ;
#277 = ORIENTED_EDGE ( 'NONE', *, *, #530, .F. ) ;
#278 = EDGE_CURVE ( 'NONE', #1315, #267, #1373, .T. ) ;
#279 = CIRCLE ( 'NONE', #1949, 2.650000000000041211 ) ;
#280 = LINE ( 'NONE', #501, #2246 ) ;
#281 = VECTOR ( 'NONE', #1400, 999.9999999999998863 ) ;
#282 = FACE_BOUND ( 'NONE', #2014, .T. ) ;
#283 = VECTOR ( 'NONE', #1167, 1000.000000000000000 ) ;
#284 = VERTEX_POINT ( 'NONE', #2291 ) ;
#285 = CARTESIAN_POINT ( 'NONE',  ( -641.6881233438613208, 894.2151604516614043, 37.50000000000000000 ) ) ;
#286 = ORIENTED_EDGE ( 'NONE', *, *, #2722, .T. ) ;
#287 = PLANE ( 'NONE',  #500 ) ;
#288 = DIRECTION ( 'NONE',  ( 0.000000000000000000, -1.000000000000000000, 0.000000000000000000 ) ) ;
#289 = VERTEX_POINT ( 'NONE', #2731 ) ;
#290 = EDGE_LOOP ( 'NONE', ( #1300, #951 ) ) ;
#291 = DIRECTION ( 'NONE',  ( 0.000000000000000000, 0.000000000000000000, -1.000000000000000000 ) ) ;
#292 = ORIENTED_EDGE ( 'NONE', *, *, #2027, .T. ) ;
#293 = ADVANCED_FACE ( 'NONE', ( #939 ), #445, .F. ) ;
#294 = CARTESIAN_POINT ( 'NONE',  ( -641.0344546965593509, 847.8375698014352793, 37.50000000000000000 ) ) ;
#295 = DIRECTION ( 'NONE',  ( 0.000000000000000000, -0.000000000000000000, -1.000000000000000000 ) ) ;
#296 = FACE_OUTER_BOUND ( 'NONE', #2319, .T. ) ;
#297 = EDGE_CURVE ( 'NONE', #2680, #2645, #1395, .T. ) ;
#298 = VERTEX_POINT ( 'NONE', #2276 ) ;
#299 = VECTOR ( 'NONE', #2283, 1000.000000000000000 ) ;
#300 = CARTESIAN_POINT ( 'NONE',  ( -621.0344546965593509, 847.8375698014351656, 40.00000000000000000 ) ) ;
#301 = VERTEX_POINT ( 'NONE', #2524 ) ;
#302 = DIRECTION ( 'NONE',  ( 0.000000000000000000, 0.000000000000000000, 1.000000000000000000 ) ) ;
#303 = CARTESIAN_POINT ( 'NONE',  ( -734.1881233438608660, 945.3151604516613133, 5.000000000000000000 ) ) ;
#304 = ORIENTED_EDGE ( 'NONE', *, *, #1443, .F. ) ;
#305 = DIRECTION ( 'NONE',  ( 1.000000000000000000, 0.000000000000000000, 0.000000000000000000 ) ) ;
#306 = ORIENTED_EDGE ( 'NONE', *, *, #58, .T. ) ;
#307 = DIRECTION ( 'NONE',  ( -1.000000000000000000, 0.000000000000000000, 0.000000000000000000 ) ) ;
#308 = DIRECTION ( 'NONE',  ( 0.000000000000000000, -1.000000000000000000, 0.000000000000000000 ) ) ;
#309 = ORIENTED_EDGE ( 'NONE', *, *, #1763, .T. ) ;
#310 = CARTESIAN_POINT ( 'NONE',  ( -752.3417919911629497, 862.8375698014356203, 0.000000000000000000 ) ) ;
#311 = DIRECTION ( 'NONE',  ( 0.000000000000000000, 0.000000000000000000, 1.000000000000000000 ) ) ;
#312 = PRESENTATION_STYLE_ASSIGNMENT (( #1939 ) ) ;
#313 = EDGE_CURVE ( 'NONE', #1115, #1875, #470, .T. ) ;
#314 = CIRCLE ( 'NONE', #2180, 2.550000000000052225 ) ;
#315 = ORIENTED_EDGE ( 'NONE', *, *, #1543, .T. ) ;
#316 = CIRCLE ( 'NONE', #1407, 2.549999999999927436 ) ;
#317 = CYLINDRICAL_SURFACE ( 'NONE', #472, 2.550000000000052225 ) ;
#318 = EDGE_CURVE ( 'NONE', #2677, #455, #1290, .T. ) ;
#319 = VECTOR ( 'NONE', #1065, 1000.000000000000000 ) ;
#320 = VERTEX_POINT ( 'NONE', #240 ) ;
#321 = CARTESIAN_POINT ( 'NONE',  ( -796.6881233438613208, 924.2151604516609495, 40.00000000000000000 ) ) ;
#322 = CARTESIAN_POINT ( 'NONE',  ( -641.6881233438617755, 989.2151604516615180, 40.00000000000000000 ) ) ;
#323 = ORIENTED_EDGE ( 'NONE', *, *, #2606, .T. ) ;
#324 = DIRECTION ( 'NONE',  ( -0.000000000000000000, -0.000000000000000000, 1.000000000000000000 ) ) ;
#325 = ORIENTED_EDGE ( 'NONE', *, *, #1595, .T. ) ;
#326 = FACE_OUTER_BOUND ( 'NONE', #491, .T. ) ;
#327 = DIRECTION ( 'NONE',  ( 0.000000000000000000, 0.000000000000000000, 1.000000000000000000 ) ) ;
#328 = DIRECTION ( 'NONE',  ( -0.000000000000000000, -0.000000000000000000, 1.000000000000000000 ) ) ;
#329 = FACE_BOUND ( 'NONE', #92, .T. ) ;
#330 = AXIS2_PLACEMENT_3D ( 'NONE', #1652, #1431, #2345 ) ;
#331 = ORIENTED_EDGE ( 'NONE', *, *, #233, .T. ) ;
#332 = ORIENTED_EDGE ( 'NONE', *, *, #821, .T. ) ;
#333 = ADVANCED_FACE ( 'NONE', ( #2050 ), #454, .T. ) ;
#334 = EDGE_CURVE ( 'NONE', #969, #966, #1627, .T. ) ;
#335 =( LENGTH_UNIT ( ) NAMED_UNIT ( * ) SI_UNIT ( .MILLI., .METRE. ) );
#336 = DIRECTION ( 'NONE',  ( -1.000000000000000000, 0.000000000000000000, 0.000000000000000000 ) ) ;
#337 = DIRECTION ( 'NONE',  ( -0.5036999084910243063, -0.8638786964534627133, -0.000000000000000000 ) ) ;
#338 = VERTEX_POINT ( 'NONE', #1791 ) ;
#339 = CARTESIAN_POINT ( 'NONE',  ( -796.6881233438613208, 901.2151604516615180, 14.00000000000048850 ) ) ;
#340 = CARTESIAN_POINT ( 'NONE',  ( -576.6881233438613208, 915.2151604516612906, 11.99999999999987033 ) ) ;
#341 = AXIS2_PLACEMENT_3D ( 'NONE', #432, #2489, #842 ) ;
#342 = CARTESIAN_POINT ( 'NONE',  ( -752.3417919911629497, 943.7927511018870064, 5.000000000000000000 ) ) ;
#343 = AXIS2_PLACEMENT_3D ( 'NONE', #1750, #845, #1557 ) ;
#344 = ORIENTED_EDGE ( 'NONE', *, *, #1724, .F. ) ;
#345 = DIRECTION ( 'NONE',  ( 0.000000000000000000, 0.000000000000000000, 1.000000000000000000 ) ) ;
#346 = VERTEX_POINT ( 'NONE', #929 ) ;
#347 = DIRECTION ( 'NONE',  ( 0.000000000000000000, 0.000000000000000000, 1.000000000000000000 ) ) ;
#348 = ORIENTED_EDGE ( 'NONE', *, *, #2589, .F. ) ;
#349 = AXIS2_PLACEMENT_3D ( 'NONE', #1974, #1556, #2026 ) ;
#350 = EDGE_CURVE ( 'NONE', #2611, #2775, #482, .T. ) ;
#351 = ORIENTED_EDGE ( 'NONE', *, *, #2186, .F. ) ;
#352 = CARTESIAN_POINT ( 'NONE',  ( -791.6881233438613208, 901.2151604516615180, 11.45000000000058193 ) ) ;
#353 = CARTESIAN_POINT ( 'NONE',  ( -776.7618497436448024, 904.3151604516571069, 35.00000000000000000 ) ) ;
#354 = EDGE_LOOP ( 'NONE', ( #1656, #1772, #2013, #2912, #140 ) ) ;
#355 = DIRECTION ( 'NONE',  ( 1.000000000000000000, 0.000000000000000000, 0.000000000000000000 ) ) ;
#356 = DIRECTION ( 'NONE',  ( 1.000000000000000000, 0.000000000000000000, 0.000000000000000000 ) ) ;
#357 = AXIS2_PLACEMENT_3D ( 'NONE', #2377, #1274, #566 ) ;
#358 = ORIENTED_EDGE ( 'NONE', *, *, #1084, .F. ) ;
#359 = VERTEX_POINT ( 'NONE', #2712 ) ;
#360 = AXIS2_PLACEMENT_3D ( 'NONE', #1138, #2904, #1364 ) ;
#361 = ORIENTED_EDGE ( 'NONE', *, *, #979, .F. ) ;
#362 = CIRCLE ( 'NONE', #1152, 1.499999999999970024 ) ;
#363 = CARTESIAN_POINT ( 'NONE',  ( -771.3459167827789997, 884.3151604516569932, 35.00000000000000000 ) ) ;
#364 = DIRECTION ( 'NONE',  ( -1.000000000000000000, 0.000000000000000000, 0.000000000000000000 ) ) ;
#365 = EDGE_CURVE ( 'NONE', #527, #1403, #2036, .T. ) ;
#366 = CARTESIAN_POINT ( 'NONE',  ( -791.6881233438613208, 917.2151604516620864, 26.00000000000002132 ) ) ;
#367 = DIRECTION ( 'NONE',  ( 1.000000000000000000, -0.000000000000000000, -0.000000000000000000 ) ) ;
#368 = CARTESIAN_POINT ( 'NONE',  ( -774.2118497436447342, 904.3151604516571069, 35.00000000000000000 ) ) ;
#369 = DIRECTION ( 'NONE',  ( 1.000000000000000000, -0.000000000000000000, -0.000000000000000000 ) ) ;
#370 = DIRECTION ( 'NONE',  ( -0.000000000000000000, -0.000000000000000000, -1.000000000000000000 ) ) ;
#371 = CIRCLE ( 'NONE', #2810, 2.550000000000052225 ) ;
#372 = CARTESIAN_POINT ( 'NONE',  ( -581.6881233438613208, 901.2151604516615180, 14.00000000000048850 ) ) ;
#373 = AXIS2_PLACEMENT_3D ( 'NONE', #667, #1313, #1816 ) ;
#374 = ORIENTED_EDGE ( 'NONE', *, *, #1877, .T. ) ;
#375 = EDGE_LOOP ( 'NONE', ( #638, #1805 ) ) ;
#376 = CARTESIAN_POINT ( 'NONE',  ( -776.7618497436448024, 904.3151604516571069, 5.000000000000000000 ) ) ;
#377 = EDGE_LOOP ( 'NONE', ( #419, #595 ) ) ;
#378 = FACE_OUTER_BOUND ( 'NONE', #354, .T. ) ;
#379 = EDGE_CURVE ( 'NONE', #824, #749, #39, .T. ) ;
#380 = FACE_OUTER_BOUND ( 'NONE', #578, .T. ) ;
#381 = AXIS2_PLACEMENT_3D ( 'NONE', #2188, #189, #1765 ) ;
#382 = FACE_OUTER_BOUND ( 'NONE', #1850, .T. ) ;
#383 = AXIS2_PLACEMENT_3D ( 'NONE', #227, #1384, #2536 ) ;
#384 = EDGE_CURVE ( 'NONE', #2775, #2611, #1540, .T. ) ;
#385 = FACE_OUTER_BOUND ( 'NONE', #2115, .T. ) ;
#386 = VERTEX_POINT ( 'NONE', #2774 ) ;
#387 = AXIS2_PLACEMENT_3D ( 'NONE', #2157, #2561, #504 ) ;
#388 = ORIENTED_EDGE ( 'NONE', *, *, #1722, .T. ) ;
#389 = ORIENTED_EDGE ( 'NONE', *, *, #1016, .F. ) ;
#390 = FACE_OUTER_BOUND ( 'NONE', #2241, .T. ) ;
#391 = FACE_OUTER_BOUND ( 'NONE', #2691, .T. ) ;
#392 = CARTESIAN_POINT ( 'NONE',  ( -641.6881233438617755, 979.2151604516614043, 5.000000000000000000 ) ) ;
#393 = ORIENTED_EDGE ( 'NONE', *, *, #1402, .F. ) ;
#394 = VECTOR ( 'NONE', #2, 1000.000000000000000 ) ;
#395 = DIRECTION ( 'NONE',  ( -0.000000000000000000, -0.000000000000000000, 1.000000000000000000 ) ) ;
#396 = DIRECTION ( 'NONE',  ( -0.000000000000000000, -0.000000000000000000, -1.000000000000000000 ) ) ;
#397 = DIRECTION ( 'NONE',  ( -1.000000000000000000, 0.000000000000000000, 0.000000000000000000 ) ) ;
#398 = PLANE ( 'NONE',  #2865 ) ;
#399 = ADVANCED_FACE ( 'NONE', ( #739 ), #1437, .T. ) ;
#400 = FACE_OUTER_BOUND ( 'NONE', #1221, .T. ) ;
#401 = ORIENTED_EDGE ( 'NONE', *, *, #1921, .F. ) ;
#402 = ADVANCED_FACE ( 'NONE', ( #1469 ), #1676, .F. ) ;
#403 = AXIS2_PLACEMENT_3D ( 'NONE', #2357, #307, #1790 ) ;
#404 = ORIENTED_EDGE ( 'NONE', *, *, #2766, .F. ) ;
#405 = CIRCLE ( 'NONE', #2078, 2.550000000000017586 ) ;
#406 = ORIENTED_EDGE ( 'NONE', *, *, #62, .T. ) ;
#407 = DIRECTION ( 'NONE',  ( -0.000000000000000000, -0.000000000000000000, -1.000000000000000000 ) ) ;
#408 = DIRECTION ( 'NONE',  ( -0.000000000000000000, -0.000000000000000000, -1.000000000000000000 ) ) ;
#409 = DIRECTION ( 'NONE',  ( 3.382059365454163486E-15, 1.000000000000000000, -0.000000000000000000 ) ) ;
#410 = ORIENTED_EDGE ( 'NONE', *, *, #1333, .F. ) ;
#411 = CIRCLE ( 'NONE', #908, 2.549999999999927436 ) ;
#412 = AXIS2_PLACEMENT_3D ( 'NONE', #1096, #1972, #1555 ) ;
#413 = DIRECTION ( 'NONE',  ( 0.000000000000000000, -1.000000000000000000, 0.000000000000000000 ) ) ;
#414 = FACE_OUTER_BOUND ( 'NONE', #2336, .T. ) ;
#415 = LINE ( 'NONE', #2248, #2939 ) ;
#416 = CARTESIAN_POINT ( 'NONE',  ( -641.6881233438617755, 829.2151604516614043, 0.000000000000000000 ) ) ;
#417 = DIRECTION ( 'NONE',  ( -0.000000000000000000, -0.000000000000000000, 1.000000000000000000 ) ) ;
#418 = CARTESIAN_POINT ( 'NONE',  ( -686.6881233438565459, 832.2151604516614043, 30.74752059641352631 ) ) ;
#419 = ORIENTED_EDGE ( 'NONE', *, *, #130, .T. ) ;
#420 = ORIENTED_EDGE ( 'NONE', *, *, #2123, .F. ) ;
#421 = VECTOR ( 'NONE', #2497, 1000.000000000000000 ) ;
#422 = ADVANCED_FACE ( 'NONE', ( #105 ), #1024, .T. ) ;
#423 = ORIENTED_EDGE ( 'NONE', *, *, #1377, .T. ) ;
#424 = FACE_OUTER_BOUND ( 'NONE', #1613, .T. ) ;
#425 = AXIS2_PLACEMENT_3D ( 'NONE', #1444, #2075, #31 ) ;
#426 = AXIS2_PLACEMENT_3D ( 'NONE', #1960, #2873, #1297 ) ;
#427 = CARTESIAN_POINT ( 'NONE',  ( -771.3459167827789997, 884.3151604516569932, 5.000000000000000000 ) ) ;
#428 = DIRECTION ( 'NONE',  ( 1.000000000000000000, 0.000000000000000000, 0.000000000000000000 ) ) ;
#429 = ORIENTED_EDGE ( 'NONE', *, *, #2416, .F. ) ;
#430 = EDGE_CURVE ( 'NONE', #476, #2252, #2613, .T. ) ;
#431 = FACE_OUTER_BOUND ( 'NONE', #1672, .T. ) ;
#432 = CARTESIAN_POINT ( 'NONE',  ( -791.6881233438613208, 917.2151604516620864, 26.00000000000002132 ) ) ;
#433 = DIRECTION ( 'NONE',  ( -0.000000000000000000, -0.000000000000000000, -1.000000000000000000 ) ) ;
#434 = CARTESIAN_POINT ( 'NONE',  ( -581.6881233438613208, 903.2151604516620864, 28.00000000000056488 ) ) ;
#435 = CIRCLE ( 'NONE', #770, 2.550000000000052225 ) ;
#436 = CARTESIAN_POINT ( 'NONE',  ( -581.6881233438613208, 915.2151604516612906, 11.99999999999987033 ) ) ;
#437 = PLANE ( 'NONE',  #2218 ) ;
#438 = CARTESIAN_POINT ( 'NONE',  ( -641.6881233438617755, 979.2151604516614043, 5.000000000000000000 ) ) ;
#439 = ORIENTED_EDGE ( 'NONE', *, *, #1032, .F. ) ;
#440 = AXIS2_PLACEMENT_3D ( 'NONE', #61, #1036, #538 ) ;
#441 = ORIENTED_EDGE ( 'NONE', *, *, #511, .T. ) ;
#442 = VECTOR ( 'NONE', #2333, 1000.000000000000000 ) ;
#443 = PLANE ( 'NONE',  #2633 ) ;
#444 = DIRECTION ( 'NONE',  ( 1.000000000000000000, 0.000000000000000000, 0.000000000000000000 ) ) ;
#445 = CYLINDRICAL_SURFACE ( 'NONE', #1811, 2.550000000000017586 ) ;
#446 = ADVANCED_FACE ( 'NONE', ( #543 ), #1645, .F. ) ;
#447 = CARTESIAN_POINT ( 'NONE',  ( -773.8959167827790679, 884.3151604516569932, 35.00000000000000000 ) ) ;
#448 = AXIS2_PLACEMENT_3D ( 'NONE', #2719, #1544, #2672 ) ;
#449 = DIRECTION ( 'NONE',  ( -1.000000000000000000, -0.000000000000000000, -0.000000000000000000 ) ) ;
#450 = VERTEX_POINT ( 'NONE', #509 ) ;
#451 = ORIENTED_EDGE ( 'NONE', *, *, #783, .T. ) ;
#452 = FACE_OUTER_BOUND ( 'NONE', #998, .T. ) ;
#453 = CARTESIAN_POINT ( 'NONE',  ( -734.1881233437800347, 962.8151604516662019, 0.000000000000000000 ) ) ;
#454 = CYLINDRICAL_SURFACE ( 'NONE', #2305, 64.99999999999994316 ) ;
#455 = VERTEX_POINT ( 'NONE', #1007 ) ;
#456 = VECTOR ( 'NONE', #2587, 1000.000000000000000 ) ;
#457 = VECTOR ( 'NONE', #2352, 1000.000000000000000 ) ;
#458 = CARTESIAN_POINT ( 'NONE',  ( -791.6881233438613208, 903.2151604516620864, 25.45000000000056772 ) ) ;
#459 = CIRCLE ( 'NONE', #2668, 2.550000000000052225 ) ;
#460 = EDGE_CURVE ( 'NONE', #2479, #2354, #2929, .T. ) ;
#461 = ADVANCED_FACE ( 'NONE', ( #1210 ), #2790, .F. ) ;
#462 = VECTOR ( 'NONE', #84, 1000.000000000000000 ) ;
#463 = EDGE_CURVE ( 'NONE', #2125, #1329, #723, .T. ) ;
#464 = ORIENTED_EDGE ( 'NONE', *, *, #2800, .T. ) ;
#465 = VERTEX_POINT ( 'NONE', #986 ) ;
#466 = ADVANCED_FACE ( 'NONE', ( #968 ), #2160, .F. ) ;
#467 = AXIS2_PLACEMENT_3D ( 'NONE', #1275, #2000, #2196 ) ;
#468 = CARTESIAN_POINT ( 'NONE',  ( -599.4803299049428915, 884.3151604516565385, 35.00000000000000000 ) ) ;
#469 = LINE ( 'NONE', #2057, #2517 ) ;
#470 = LINE ( 'NONE', #1184, #912 ) ;
#471 = ORIENTED_EDGE ( 'NONE', *, *, #146, .F. ) ;
#472 = AXIS2_PLACEMENT_3D ( 'NONE', #468, #2596, #2158 ) ;
#473 = LINE ( 'NONE', #2071, #1985 ) ;
#474 = DIRECTION ( 'NONE',  ( 0.000000000000000000, 0.000000000000000000, 1.000000000000000000 ) ) ;
#475 = EDGE_CURVE ( 'NONE', #2934, #2334, #954, .T. ) ;
#476 = VERTEX_POINT ( 'NONE', #1903 ) ;
#477 = ADVANCED_FACE ( 'NONE', ( #526 ), #494, .F. ) ;
#478 = ADVANCED_FACE ( 'NONE', ( #2802 ), #2322, .T. ) ;
#479 = LINE ( 'NONE', #1383, #803 ) ;
#480 = CARTESIAN_POINT ( 'NONE',  ( -602.0303299049429597, 884.3151604516565385, 35.00000000000000000 ) ) ;
#481 = ORIENTED_EDGE ( 'NONE', *, *, #713, .F. ) ;
#482 = CIRCLE ( 'NONE', #1389, 2.549999999999930989 ) ;
#483 = CIRCLE ( 'NONE', #2542, 2.549999999999927436 ) ;
#484 = DIRECTION ( 'NONE',  ( 1.000000000000000000, 0.000000000000000000, 0.000000000000000000 ) ) ;
#485 = EDGE_LOOP ( 'NONE', ( #79, #1692, #286, #1136 ) ) ;
#486 = CARTESIAN_POINT ( 'NONE',  ( -752.3417919911629497, 943.7927511018870064, 40.00000000000000000 ) ) ;
#487 = AXIS2_PLACEMENT_3D ( 'NONE', #2843, #807, #2875 ) ;
#488 = CIRCLE ( 'NONE', #2172, 2.550000000000052225 ) ;
#489 = ORIENTED_EDGE ( 'NONE', *, *, #557, .F. ) ;
#490 = EDGE_CURVE ( 'NONE', #338, #1538, #2817, .T. ) ;
#491 = EDGE_LOOP ( 'NONE', ( #2748, #2879, #50, #2659 ) ) ;
#492 = ADVANCED_FACE ( 'NONE', ( #2142 ), #1042, .T. ) ;
#493 = CARTESIAN_POINT ( 'NONE',  ( -796.6881233438613208, 894.2151604516619727, 0.000000000000000000 ) ) ;
#494 = CYLINDRICAL_SURFACE ( 'NONE', #2263, 2.550000000000052225 ) ;
#495 = ORIENTED_EDGE ( 'NONE', *, *, #1443, .T. ) ;
#496 = CARTESIAN_POINT ( 'NONE',  ( -639.1881233438608660, 945.3151604516609723, 0.000000000000000000 ) ) ;
#497 = LINE ( 'NONE', #973, #2715 ) ;
#498 = CARTESIAN_POINT ( 'NONE',  ( -773.8959167827790679, 884.3151604516569932, 0.000000000000000000 ) ) ;
#499 = AXIS2_PLACEMENT_3D ( 'NONE', #2867, #2822, #1491 ) ;
#500 = AXIS2_PLACEMENT_3D ( 'NONE', #985, #2599, #1486 ) ;
#501 = CARTESIAN_POINT ( 'NONE',  ( -651.0344546965593509, 829.2151604516614043, 37.50000000000000000 ) ) ;
#502 = CIRCLE ( 'NONE', #2083, 2.550000000000052225 ) ;
#503 = EDGE_LOOP ( 'NONE', ( #2122, #1726 ) ) ;
#504 = DIRECTION ( 'NONE',  ( 1.000000000000000000, 0.000000000000000000, 0.000000000000000000 ) ) ;
#505 = AXIS2_PLACEMENT_3D ( 'NONE', #76, #1478, #995 ) ;
#506 = EDGE_LOOP ( 'NONE', ( #914, #2056, #2754, #850 ) ) ;
#507 = EDGE_LOOP ( 'NONE', ( #1043, #135, #883, #1661 ) ) ;
#508 = DIRECTION ( 'NONE',  ( -1.000000000000000000, 0.000000000000000000, 0.000000000000000000 ) ) ;
#509 = CARTESIAN_POINT ( 'NONE',  ( -636.5381233437810806, 962.8151604516662019, 0.000000000000000000 ) ) ;
#510 = ORIENTED_EDGE ( 'NONE', *, *, #1817, .F. ) ;
#511 = EDGE_CURVE ( 'NONE', #338, #72, #2847, .T. ) ;
#512 = DIRECTION ( 'NONE',  ( 0.000000000000000000, 0.000000000000000000, -1.000000000000000000 ) ) ;
#513 = CARTESIAN_POINT ( 'NONE',  ( -744.6881233438608660, 925.3151604516613133, 0.000000000000000000 ) ) ;
#514 = VERTEX_POINT ( 'NONE', #2118 ) ;
#515 = DIRECTION ( 'NONE',  ( 0.000000000000000000, -1.000000000000000000, 0.000000000000000000 ) ) ;
#516 = AXIS2_PLACEMENT_3D ( 'NONE', #1530, #2272, #2011 ) ;
#517 = DIRECTION ( 'NONE',  ( 1.000000000000000000, 0.000000000000000000, 0.000000000000000000 ) ) ;
#518 = DIRECTION ( 'NONE',  ( 1.000000000000000000, 0.000000000000000000, 0.000000000000000000 ) ) ;
#519 = AXIS2_PLACEMENT_3D ( 'NONE', #1083, #1975, #619 ) ;
#520 = ORIENTED_EDGE ( 'NONE', *, *, #915, .F. ) ;
#521 = CARTESIAN_POINT ( 'NONE',  ( -596.9303299049429370, 884.3151604516565385, 5.000000000000000000 ) ) ;
#522 = DIRECTION ( 'NONE',  ( 1.000000000000000000, -0.000000000000000000, -0.000000000000000000 ) ) ;
#523 = ORIENTED_EDGE ( 'NONE', *, *, #2387, .T. ) ;
#524 = APPLICATION_CONTEXT ( 'automotive_design' ) ;
#525 = CARTESIAN_POINT ( 'NONE',  ( -641.6881233438613208, 894.2151604516614043, 40.00000000000000000 ) ) ;
#526 = FACE_OUTER_BOUND ( 'NONE', #1552, .T. ) ;
#527 = VERTEX_POINT ( 'NONE', #1698 ) ;
#528 = DIRECTION ( 'NONE',  ( -1.000000000000000000, -0.000000000000000000, -0.000000000000000000 ) ) ;
#529 = ORIENTED_EDGE ( 'NONE', *, *, #734, .T. ) ;
#530 = EDGE_CURVE ( 'NONE', #386, #1964, #816, .T. ) ;
#531 = DIRECTION ( 'NONE',  ( 0.000000000000000000, 0.000000000000000000, -1.000000000000000000 ) ) ;
#533 = DIRECTION ( 'NONE',  ( 0.000000000000000000, 0.000000000000000000, -1.000000000000000000 ) ) ;
#532 = AXIS2_PLACEMENT_3D ( 'NONE', #2592, #747, #518 ) ;
#534 = AXIS2_PLACEMENT_3D ( 'NONE', #2656, #2232, #2859 ) ;
#535 = EDGE_CURVE ( 'NONE', #2252, #831, #56, .T. ) ;
#536 = LINE ( 'NONE', #294, #46 ) ;
#537 = CARTESIAN_POINT ( 'NONE',  ( -621.0344546965593509, 943.7927511018867790, 40.00000000000000000 ) ) ;
#538 = DIRECTION ( 'NONE',  ( 0.000000000000000000, 0.000000000000000000, -1.000000000000000000 ) ) ;
#539 = ORIENTED_EDGE ( 'NONE', *, *, #2688, .T. ) ;
#540 = CARTESIAN_POINT ( 'NONE',  ( -599.1643969440772253, 904.3151604516566522, 35.00000000000000000 ) ) ;
#541 = VECTOR ( 'NONE', #2191, 1000.000000000000000 ) ;
#542 = ORIENTED_EDGE ( 'NONE', *, *, #2563, .F. ) ;
#543 = FACE_OUTER_BOUND ( 'NONE', #2694, .T. ) ;
#544 = EDGE_LOOP ( 'NONE', ( #1087, #1345 ) ) ;
#545 = FACE_OUTER_BOUND ( 'NONE', #507, .T. ) ;
#546 = VERTEX_POINT ( 'NONE', #2639 ) ;
#547 = DIRECTION ( 'NONE',  ( -1.000000000000000000, 0.000000000000000000, 0.000000000000000000 ) ) ;
#548 = DIRECTION ( 'NONE',  ( 0.000000000000000000, 0.000000000000000000, -1.000000000000000000 ) ) ;
#549 = EDGE_CURVE ( 'NONE', #2498, #2727, #1776, .T. ) ;
#550 = CARTESIAN_POINT ( 'NONE',  ( -752.3417919911629497, 943.7927511018870064, 40.00000000000000000 ) ) ;
#551 = FACE_BOUND ( 'NONE', #2407, .T. ) ;
#552 =( NAMED_UNIT ( * ) PLANE_ANGLE_UNIT ( ) SI_UNIT ( $, .RADIAN. ) );
#553 = ADVANCED_FACE ( 'NONE', ( #1671 ), #585, .T. ) ;
#554 = CIRCLE ( 'NONE', #78, 2.550000000000052225 ) ;
#555 = EDGE_LOOP ( 'NONE', ( #2059, #2465, #539, #811 ) ) ;
#556 = DIRECTION ( 'NONE',  ( 0.000000000000000000, 0.000000000000000000, 1.000000000000000000 ) ) ;
#557 = EDGE_CURVE ( 'NONE', #719, #1646, #1728, .T. ) ;
#558 = CIRCLE ( 'NONE', #1605, 64.99999999999994316 ) ;
#559 = ORIENTED_EDGE ( 'NONE', *, *, #617, .T. ) ;
#560 = CARTESIAN_POINT ( 'NONE',  ( -628.6881233438609797, 925.3151604516609723, 5.000000000000000000 ) ) ;
#561 = DIRECTION ( 'NONE',  ( 0.000000000000000000, 0.000000000000000000, 1.000000000000000000 ) ) ;
#562 = ORIENTED_EDGE ( 'NONE', *, *, #2907, .T. ) ;
#563 = CARTESIAN_POINT ( 'NONE',  ( -686.6881233438565459, 832.2151604516614043, 27.74752059641358670 ) ) ;
#564 = DIRECTION ( 'NONE',  ( 0.000000000000000000, -1.000000000000000000, 0.000000000000000000 ) ) ;
#565 = ORIENTED_EDGE ( 'NONE', *, *, #1763, .F. ) ;
#566 = DIRECTION ( 'NONE',  ( 0.000000000000000000, 0.000000000000000000, 1.000000000000000000 ) ) ;
#567 = ORIENTED_EDGE ( 'NONE', *, *, #535, .T. ) ;
#568 = EDGE_LOOP ( 'NONE', ( #1435, #1604, #983, #812 ) ) ;
#569 = DIRECTION ( 'NONE',  ( 0.000000000000000000, 0.000000000000000000, 1.000000000000000000 ) ) ;
#570 = DIRECTION ( 'NONE',  ( -0.000000000000000000, 0.000000000000000000, -1.000000000000000000 ) ) ;
#571 = DIRECTION ( 'NONE',  ( 0.000000000000000000, 0.000000000000000000, -1.000000000000000000 ) ) ;
#572 = CIRCLE ( 'NONE', #1664, 64.99999999999994316 ) ;
#573 = ORIENTED_EDGE ( 'NONE', *, *, #460, .F. ) ;
#574 = EDGE_CURVE ( 'NONE', #2055, #992, #14, .T. ) ;
#575 = ORIENTED_EDGE ( 'NONE', *, *, #1826, .F. ) ;
#576 = EDGE_CURVE ( 'NONE', #885, #1025, #6, .T. ) ;
#577 = DIRECTION ( 'NONE',  ( 1.000000000000000000, 0.000000000000000000, 0.000000000000000000 ) ) ;
#578 = EDGE_LOOP ( 'NONE', ( #358, #374, #1450, #1675 ) ) ;
#579 = CARTESIAN_POINT ( 'NONE',  ( -686.6881233438663230, 832.2151604516614043, 13.24752059641731705 ) ) ;
#580 = ORIENTED_EDGE ( 'NONE', *, *, #2162, .F. ) ;
#581 = LINE ( 'NONE', #93, #847 ) ;
#582 = CARTESIAN_POINT ( 'NONE',  ( -636.0344546965593509, 862.8375698014351656, 0.000000000000000000 ) ) ;
#583 = MECHANICAL_DESIGN_GEOMETRIC_PRESENTATION_REPRESENTATION (  '', ( #2450 ), #2209 ) ;
#584 = DIRECTION ( 'NONE',  ( 0.000000000000000000, 0.000000000000000000, 1.000000000000000000 ) ) ;
#585 = PLANE ( 'NONE',  #2499 ) ;
#586 = AXIS2_PLACEMENT_3D ( 'NONE', #2094, #1225, #88 ) ;
#587 = FACE_OUTER_BOUND ( 'NONE', #904, .T. ) ;
#588 = ADVANCED_FACE ( 'NONE', ( #2795 ), #1462, .F. ) ;
#589 = EDGE_LOOP ( 'NONE', ( #1229, #1911, #562, #410 ) ) ;
#590 = CARTESIAN_POINT ( 'NONE',  ( -686.6881233438565459, 829.2151604516614043, 29.24752059641355828 ) ) ;
#591 = ORIENTED_EDGE ( 'NONE', *, *, #1700, .T. ) ;
#592 = VECTOR ( 'NONE', #2953, 1000.000000000000000 ) ;
#593 = PLANE ( 'NONE',  #2746 ) ;
#594 = EDGE_CURVE ( 'NONE', #1875, #2355, #1280, .T. ) ;
#595 = ORIENTED_EDGE ( 'NONE', *, *, #1562, .T. ) ;
#596 = DIRECTION ( 'NONE',  ( -0.000000000000000000, -0.000000000000000000, -1.000000000000000000 ) ) ;
#597 = CARTESIAN_POINT ( 'NONE',  ( -639.1881233437811716, 977.3151604516611997, 5.000000000000000000 ) ) ;
#598 = ORIENTED_EDGE ( 'NONE', *, *, #460, .T. ) ;
#599 = CARTESIAN_POINT ( 'NONE',  ( -641.0344546965593509, 829.2184473247691585, 37.50000000000000000 ) ) ;
#600 = CARTESIAN_POINT ( 'NONE',  ( -639.1881233437811716, 962.8151604516662019, 5.000000000000000000 ) ) ;
#601 = DIRECTION ( 'NONE',  ( 0.000000000000000000, 0.000000000000000000, -1.000000000000000000 ) ) ;
#602 = LINE ( 'NONE', #1512, #2029 ) ;
#603 = CARTESIAN_POINT ( 'NONE',  ( -576.6881233438613208, 903.2151604516620864, 25.45000000000057838 ) ) ;
#604 = LINE ( 'NONE', #1298, #1341 ) ;
#605 = AXIS2_PLACEMENT_3D ( 'NONE', #241, #1649, #2538 ) ;
#606 = PLANE ( 'NONE',  #855 ) ;
#607 = VECTOR ( 'NONE', #2801, 1000.000000000000000 ) ;
#608 = ORIENTED_EDGE ( 'NONE', *, *, #859, .F. ) ;
#609 = AXIS2_PLACEMENT_3D ( 'NONE', #1524, #2051, #1793 ) ;
#610 = ORIENTED_EDGE ( 'NONE', *, *, #832, .T. ) ;
#611 = CARTESIAN_POINT ( 'NONE',  ( -686.6881233438663230, 832.2151604516614043, 14.74752059641728863 ) ) ;
#612 = CARTESIAN_POINT ( 'NONE',  ( -791.6881233438613208, 903.2151604516620864, 30.55000000000056204 ) ) ;
#613 = VERTEX_POINT ( 'NONE', #1480 ) ;
#614 = ADVANCED_FACE ( 'NONE', ( #296 ), #116, .F. ) ;
#615 = DIRECTION ( 'NONE',  ( -1.000000000000000000, -0.000000000000000000, -0.000000000000000000 ) ) ;
#616 = DIRECTION ( 'NONE',  ( -0.000000000000000000, -0.000000000000000000, -1.000000000000000000 ) ) ;
#617 = EDGE_CURVE ( 'NONE', #1344, #1800, #77, .T. ) ;
#618 = CARTESIAN_POINT ( 'NONE',  ( -576.6881233438613208, 894.2151604516614043, 40.00000000000000000 ) ) ;
#619 = DIRECTION ( 'NONE',  ( 1.000000000000000000, 0.000000000000000000, 0.000000000000000000 ) ) ;
#620 = CIRCLE ( 'NONE', #1657, 2.549999999999904787 ) ;
#621 = DIRECTION ( 'NONE',  ( 1.000000000000000000, 0.000000000000000000, 0.000000000000000000 ) ) ;
#622 = AXIS2_PLACEMENT_3D ( 'NONE', #1870, #1442, #533 ) ;
#623 = DIRECTION ( 'NONE',  ( -0.000000000000000000, -0.000000000000000000, -1.000000000000000000 ) ) ;
#624 = DIRECTION ( 'NONE',  ( 1.000000000000000000, 0.000000000000000000, 0.000000000000000000 ) ) ;
#625 = ORIENTED_EDGE ( 'NONE', *, *, #58, .F. ) ;
#626 = MANIFOLD_SOLID_BREP ( 'Cut-Extrude5', #2531 ) ;
#627 = PLANE ( 'NONE',  #2803 ) ;
#628 = ORIENTED_EDGE ( 'NONE', *, *, #2316, .F. ) ;
#629 = CARTESIAN_POINT ( 'NONE',  ( -641.6881233438617755, 979.2151604516614043, 5.000000000000000000 ) ) ;
#630 = FACE_OUTER_BOUND ( 'NONE', #2616, .T. ) ;
#631 = EDGE_CURVE ( 'NONE', #1682, #171, #1965, .T. ) ;
#632 = CARTESIAN_POINT ( 'NONE',  ( -776.7618497436448024, 904.3151604516571069, 0.000000000000000000 ) ) ;
#633 = DIRECTION ( 'NONE',  ( 3.382059365454163486E-15, 1.000000000000000000, -0.000000000000000000 ) ) ;
#634 = DIRECTION ( 'NONE',  ( -0.000000000000000000, -0.000000000000000000, -1.000000000000000000 ) ) ;
#635 = AXIS2_PLACEMENT_3D ( 'NONE', #1852, #288, #2353 ) ;
#636 = DIRECTION ( 'NONE',  ( 1.000000000000000000, -0.000000000000000000, -0.000000000000000000 ) ) ;
#637 = ORIENTED_EDGE ( 'NONE', *, *, #334, .F. ) ;
#638 = ORIENTED_EDGE ( 'NONE', *, *, #2422, .F. ) ;
#639 = DIRECTION ( 'NONE',  ( 0.000000000000000000, 0.000000000000000000, 1.000000000000000000 ) ) ;
#640 = CARTESIAN_POINT ( 'NONE',  ( -581.6881233438613208, 917.2151604516620864, 26.00000000000002132 ) ) ;
#641 = DIRECTION ( 'NONE',  ( 1.000000000000000000, 0.000000000000000000, 0.000000000000000000 ) ) ;
#642 = VERTEX_POINT ( 'NONE', #2654 ) ;
#643 = CIRCLE ( 'NONE', #207, 2.550000000000052225 ) ;
#644 = CARTESIAN_POINT ( 'NONE',  ( -694.6881233438593881, 832.2151604516614043, 21.24752059642039015 ) ) ;
#645 = CARTESIAN_POINT ( 'NONE',  ( -601.7143969440772935, 904.3151604516566522, 40.00000000000000000 ) ) ;
#646 = DIRECTION ( 'NONE',  ( -1.000000000000000000, 0.000000000000000000, 0.000000000000000000 ) ) ;
#647 = ADVANCED_FACE ( 'NONE', ( #1122 ), #2938, .F. ) ;
#648 = EDGE_CURVE ( 'NONE', #465, #766, #1028, .T. ) ;
#649 = LINE ( 'NONE', #2735, #1 ) ;
#650 = VERTEX_POINT ( 'NONE', #2230 ) ;
#651 = AXIS2_PLACEMENT_3D ( 'NONE', #838, #1741, #185 ) ;
#652 = EDGE_LOOP ( 'NONE', ( #870, #2554 ) ) ;
#653 = ADVANCED_FACE ( 'NONE', ( #2670, #414 ), #828, .T. ) ;
#654 = CIRCLE ( 'NONE', #2666, 64.99999999999994316 ) ;
#655 = VERTEX_POINT ( 'NONE', #1509 ) ;
#656 = CARTESIAN_POINT ( 'NONE',  ( -599.4803299049428915, 884.3151604516565385, 0.000000000000000000 ) ) ;
#657 = DIRECTION ( 'NONE',  ( -1.000000000000000000, 0.000000000000000000, 0.000000000000000000 ) ) ;
#658 = AXIS2_PLACEMENT_3D ( 'NONE', #366, #1292, #841 ) ;
#659 = ADVANCED_FACE ( 'NONE', ( #1542 ), #2921, .F. ) ;
#660 = ORIENTED_EDGE ( 'NONE', *, *, #549, .F. ) ;
#661 = VECTOR ( 'NONE', #2513, 1000.000000000000000 ) ;
#662 = CIRCLE ( 'NONE', #1804, 14.49999999999507239 ) ;
#663 = DIRECTION ( 'NONE',  ( -0.000000000000000000, -1.000000000000000000, -0.000000000000000000 ) ) ;
#664 = FACE_OUTER_BOUND ( 'NONE', #1706, .T. ) ;
#665 = CARTESIAN_POINT ( 'NONE',  ( -771.6618497436446660, 904.3151604516571069, 0.000000000000000000 ) ) ;
#666 = DIRECTION ( 'NONE',  ( 0.000000000000000000, -0.000000000000000000, -1.000000000000000000 ) ) ;
#667 = CARTESIAN_POINT ( 'NONE',  ( -641.6881233438613208, 894.2151604516614043, 5.000000000000000000 ) ) ;
#668 = ORIENTED_EDGE ( 'NONE', *, *, #2363, .T. ) ;
#669 = EDGE_CURVE ( 'NONE', #1315, #1347, #2593, .T. ) ;
#670 = ORIENTED_EDGE ( 'NONE', *, *, #2480, .F. ) ;
#671 = VECTOR ( 'NONE', #1031, 1000.000000000000000 ) ;
#672 = ORIENTED_EDGE ( 'NONE', *, *, #949, .F. ) ;
#673 = CARTESIAN_POINT ( 'NONE',  ( -628.6881233438609797, 925.3151604516609723, 5.000000000000000000 ) ) ;
#674 = ADVANCED_FACE ( 'NONE', ( #2024 ), #862, .F. ) ;
#675 = CIRCLE ( 'NONE', #2769, 2.550000000000052225 ) ;
#676 = VECTOR ( 'NONE', #1843, 1000.000000000000000 ) ;
#677 = DIRECTION ( 'NONE',  ( -0.000000000000000000, 0.000000000000000000, 1.000000000000000000 ) ) ;
#678 = ORIENTED_EDGE ( 'NONE', *, *, #1625, .F. ) ;
#679 = DIRECTION ( 'NONE',  ( 0.000000000000000000, 0.000000000000000000, 1.000000000000000000 ) ) ;
#680 = DIRECTION ( 'NONE',  ( 0.000000000000000000, -1.000000000000000000, 0.000000000000000000 ) ) ;
#681 = CARTESIAN_POINT ( 'NONE',  ( -734.1881233437800347, 962.8151604516662019, 5.000000000000000000 ) ) ;
#682 = CARTESIAN_POINT ( 'NONE',  ( -576.6881233438613208, 901.2151604516615180, 14.00000000000048850 ) ) ;
#683 = CARTESIAN_POINT ( 'NONE',  ( -576.6881233438613208, 894.2151604516614043, 0.000000000000000000 ) ) ;
#684 = DIRECTION ( 'NONE',  ( -0.000000000000000000, -1.000000000000000000, -0.000000000000000000 ) ) ;
#685 = EDGE_LOOP ( 'NONE', ( #2223, #965, #2463, #1388 ) ) ;
#686 = VERTEX_POINT ( 'NONE', #2699 ) ;
#687 = LINE ( 'NONE', #937, #1424 ) ;
#688 = CARTESIAN_POINT ( 'NONE',  ( -599.4803299049428915, 884.3151604516565385, 0.000000000000000000 ) ) ;
#689 = CARTESIAN_POINT ( 'NONE',  ( -651.0344546965593509, 847.8375698014352793, 37.50000000000000000 ) ) ;
#690 = EDGE_CURVE ( 'NONE', #197, #869, #2687, .T. ) ;
#691 = CARTESIAN_POINT ( 'NONE',  ( -576.6881233438613208, 924.2151604516609495, 0.000000000000000000 ) ) ;
#692 = CARTESIAN_POINT ( 'NONE',  ( -581.6881233438613208, 903.2151604516620864, 28.00000000000056488 ) ) ;
#693 = VERTEX_POINT ( 'NONE', #2871 ) ;
#694 = VECTOR ( 'NONE', #835, 1000.000000000000000 ) ;
#695 = ORIENTED_EDGE ( 'NONE', *, *, #594, .T. ) ;
#696 = ORIENTED_EDGE ( 'NONE', *, *, #475, .F. ) ;
#697 = DIRECTION ( 'NONE',  ( -1.000000000000000000, 0.000000000000000000, 0.000000000000000000 ) ) ;
#698 = DIRECTION ( 'NONE',  ( -1.000000000000000000, 0.000000000000000000, 0.000000000000000000 ) ) ;
#699 = EDGE_LOOP ( 'NONE', ( #955, #789, #2135, #2610, #2928, #2760 ) ) ;
#700 = AXIS2_PLACEMENT_3D ( 'NONE', #339, #2836, #1714 ) ;
#701 = EDGE_CURVE ( 'NONE', #1378, #849, #148, .T. ) ;
#702 = AXIS2_PLACEMENT_3D ( 'NONE', #2405, #1882, #1209 ) ;
#703 = DIRECTION ( 'NONE',  ( 0.000000000000000000, 0.000000000000000000, -1.000000000000000000 ) ) ;
#704 = ORIENTED_EDGE ( 'NONE', *, *, #1881, .F. ) ;
#705 = AXIS2_PLACEMENT_3D ( 'NONE', #644, #413, #2457 ) ;
#706 = PLANE ( 'NONE',  #1423 ) ;
#707 = ORIENTED_EDGE ( 'NONE', *, *, #2512, .T. ) ;
#708 = EDGE_LOOP ( 'NONE', ( #575, #2520, #325, #1674 ) ) ;
#709 = CARTESIAN_POINT ( 'NONE',  ( -602.0303299049429597, 884.3151604516565385, 5.000000000000000000 ) ) ;
#710 = ORIENTED_EDGE ( 'NONE', *, *, #2373, .F. ) ;
#711 = AXIS2_PLACEMENT_3D ( 'NONE', #2724, #1356, #223 ) ;
#712 = CYLINDRICAL_SURFACE ( 'NONE', #1057, 2.549999999999986500 ) ;
#713 = EDGE_CURVE ( 'NONE', #70, #1548, #1258, .T. ) ;
#714 = FACE_BOUND ( 'NONE', #2796, .T. ) ;
#715 = DIRECTION ( 'NONE',  ( 0.000000000000000000, 0.000000000000000000, -1.000000000000000000 ) ) ;
#716 = ADVANCED_FACE ( 'NONE', ( #1525 ), #1323, .F. ) ;
#717 = ORIENTED_EDGE ( 'NONE', *, *, #1072, .F. ) ;
#718 = ORIENTED_EDGE ( 'NONE', *, *, #1120, .T. ) ;
#719 = VERTEX_POINT ( 'NONE', #2717 ) ;
#720 = CARTESIAN_POINT ( 'NONE',  ( -581.6881233438613208, 917.2151604516620864, 26.00000000000002132 ) ) ;
#721 = DIRECTION ( 'NONE',  ( 0.000000000000000000, 0.000000000000000000, -1.000000000000000000 ) ) ;
#722 = VERTEX_POINT ( 'NONE', #2216 ) ;
#723 = CIRCLE ( 'NONE', #2402, 2.550000000000052225 ) ;
#724 = VECTOR ( 'NONE', #2627, 1000.000000000000000 ) ;
#725 = CARTESIAN_POINT ( 'NONE',  ( -599.4803299049428915, 884.3151604516565385, 35.00000000000000000 ) ) ;
#726 = CARTESIAN_POINT ( 'NONE',  ( -694.6881233438593881, 832.2151604516614043, 22.74752059642035817 ) ) ;
#727 = ORIENTED_EDGE ( 'NONE', *, *, #1259, .T. ) ;
#728 = DIRECTION ( 'NONE',  ( -0.000000000000000000, -0.000000000000000000, -1.000000000000000000 ) ) ;
#729 = LINE ( 'NONE', #1636, #1069 ) ;
#730 = FACE_BOUND ( 'NONE', #2568, .T. ) ;
#731 = PRODUCT_DEFINITION ( 'UNKNOWN', '', #32, #2721 ) ;
#732 = CIRCLE ( 'NONE', #933, 14.49999999999507239 ) ;
#733 = VERTEX_POINT ( 'NONE', #645 ) ;
#734 = EDGE_CURVE ( 'NONE', #2235, #450, #35, .T. ) ;
#735 = ORIENTED_EDGE ( 'NONE', *, *, #202, .F. ) ;
#736 = ORIENTED_EDGE ( 'NONE', *, *, #1982, .F. ) ;
#737 = ADVANCED_FACE ( 'NONE', ( #664 ), #2886, .T. ) ;
#738 = DIRECTION ( 'NONE',  ( -0.000000000000000000, -0.000000000000000000, 1.000000000000000000 ) ) ;
#739 = FACE_OUTER_BOUND ( 'NONE', #2266, .T. ) ;
#740 = ORIENTED_EDGE ( 'NONE', *, *, #2500, .T. ) ;
#741 = DIRECTION ( 'NONE',  ( 0.000000000000000000, 0.000000000000000000, -1.000000000000000000 ) ) ;
#742 = DIRECTION ( 'NONE',  ( 0.000000000000000000, -1.000000000000000000, 0.000000000000000000 ) ) ;
#743 = LINE ( 'NONE', #1428, #1380 ) ;
#744 = VECTOR ( 'NONE', #2535, 1000.000000000000000 ) ;
#745 = AXIS2_PLACEMENT_3D ( 'NONE', #590, #2644, #1006 ) ;
#746 = DIRECTION ( 'NONE',  ( 0.000000000000000000, 0.000000000000000000, 1.000000000000000000 ) ) ;
#747 = DIRECTION ( 'NONE',  ( 0.000000000000000000, 0.000000000000000000, 1.000000000000000000 ) ) ;
#748 = VECTOR ( 'NONE', #2653, 999.9999999999998863 ) ;
#749 = VERTEX_POINT ( 'NONE', #2473 ) ;
#750 = CARTESIAN_POINT ( 'NONE',  ( -641.8381233437812625, 962.8151604516662019, 5.000000000000000000 ) ) ;
#751 = VECTOR ( 'NONE', #1235, 1000.000000000000000 ) ;
#752 = EDGE_CURVE ( 'NONE', #2645, #2626, #362, .T. ) ;
#753 = ORIENTED_EDGE ( 'NONE', *, *, #180, .T. ) ;
#754 = CARTESIAN_POINT ( 'NONE',  ( -581.6881233438613208, 901.2151604516615180, 16.55000000000039506 ) ) ;
#755 = DIRECTION ( 'NONE',  ( -1.000000000000000000, 0.000000000000000000, 0.000000000000000000 ) ) ;
#756 = ORIENTED_EDGE ( 'NONE', *, *, #1259, .F. ) ;
#757 = EDGE_CURVE ( 'NONE', #686, #1329, #1474, .T. ) ;
#758 = CARTESIAN_POINT ( 'NONE',  ( -686.6881233438565459, 832.2151604516614043, 27.74752059641358670 ) ) ;
#759 = ORIENTED_EDGE ( 'NONE', *, *, #2824, .F. ) ;
#760 = VECTOR ( 'NONE', #1094, 1000.000000000000000 ) ;
#761 = DIRECTION ( 'NONE',  ( 0.000000000000000000, 0.000000000000000000, -1.000000000000000000 ) ) ;
#762 = DIRECTION ( 'NONE',  ( -0.000000000000000000, -0.000000000000000000, -1.000000000000000000 ) ) ;
#763 = CARTESIAN_POINT ( 'NONE',  ( -796.6881233438613208, 894.2151604516619727, 5.000000000000000000 ) ) ;
#764 = CARTESIAN_POINT ( 'NONE',  ( -651.0344546965594645, 811.1874040743415435, 37.50000000000000000 ) ) ;
#765 = FILL_AREA_STYLE_COLOUR ( '', #1912 ) ;
#766 = VERTEX_POINT ( 'NONE', #10 ) ;
#767 = CARTESIAN_POINT ( 'NONE',  ( -641.6881233438613208, 894.2151604516614043, 5.000000000000000000 ) ) ;
#768 = CARTESIAN_POINT ( 'NONE',  ( -734.1881233437800347, 962.8151604516662019, 5.000000000000000000 ) ) ;
#769 = ORIENTED_EDGE ( 'NONE', *, *, #631, .T. ) ;
#770 = AXIS2_PLACEMENT_3D ( 'NONE', #1472, #2776, #1678 ) ;
#771 = FACE_OUTER_BOUND ( 'NONE', #2831, .T. ) ;
#772 = ORIENTED_EDGE ( 'NONE', *, *, #1204, .F. ) ;
#773 =( NAMED_UNIT ( * ) SI_UNIT ( $, .STERADIAN. ) SOLID_ANGLE_UNIT ( ) );
#774 = DIRECTION ( 'NONE',  ( 0.000000000000000000, 0.000000000000000000, 1.000000000000000000 ) ) ;
#775 = ORIENTED_EDGE ( 'NONE', *, *, #1833, .F. ) ;
#776 = ADVANCED_FACE ( 'NONE', ( #1789 ), #2788, .F. ) ;
#777 = AXIS2_PLACEMENT_3D ( 'NONE', #2154, #2857, #1653 ) ;
#778 = DIRECTION ( 'NONE',  ( 0.000000000000000000, -0.000000000000000000, -1.000000000000000000 ) ) ;
#779 = VERTEX_POINT ( 'NONE', #2127 ) ;
#780 = CARTESIAN_POINT ( 'NONE',  ( -737.3417919911629497, 862.8375698014356203, 5.000000000000000000 ) ) ;
#782 = CYLINDRICAL_SURFACE ( 'NONE', #622, 2.549999999999927436 ) ;
#781 = AXIS2_PLACEMENT_3D ( 'NONE', #1256, #2600, #774 ) ;
#783 = EDGE_CURVE ( 'NONE', #2033, #901, #1901, .T. ) ;
#784 = ADVANCED_FACE ( 'NONE', ( #1445 ), #2780, .F. ) ;
#785 = CIRCLE ( 'NONE', #971, 2.549999999999986500 ) ;
#786 = LINE ( 'NONE', #1745, #1648 ) ;
#787 = DIRECTION ( 'NONE',  ( 0.000000000000000000, 0.000000000000000000, 1.000000000000000000 ) ) ;
#788 = EDGE_CURVE ( 'NONE', #2507, #2626, #2575, .T. ) ;
#789 = ORIENTED_EDGE ( 'NONE', *, *, #8, .F. ) ;
#790 = DIRECTION ( 'NONE',  ( -0.000000000000000000, -0.000000000000000000, -1.000000000000000000 ) ) ;
#791 = CIRCLE ( 'NONE', #2459, 64.99999999999994316 ) ;
#792 = ORIENTED_EDGE ( 'NONE', *, *, #1639, .F. ) ;
#793 = DIRECTION ( 'NONE',  ( 0.000000000000000000, 0.000000000000000000, -1.000000000000000000 ) ) ;
#794 = ORIENTED_EDGE ( 'NONE', *, *, #2606, .F. ) ;
#795 = DIRECTION ( 'NONE',  ( 1.000000000000000000, 0.000000000000000000, 0.000000000000000000 ) ) ;
#796 = ORIENTED_EDGE ( 'NONE', *, *, #2428, .F. ) ;
#797 = CARTESIAN_POINT ( 'NONE',  ( -686.6881233438565459, 829.2151604516614043, 30.74752059641352631 ) ) ;
#798 = FACE_OUTER_BOUND ( 'NONE', #485, .T. ) ;
#799 = EDGE_CURVE ( 'NONE', #2485, #1517, #662, .T. ) ;
#800 = AXIS2_PLACEMENT_3D ( 'NONE', #2035, #2947, #2682 ) ;
#801 = DIRECTION ( 'NONE',  ( 1.000000000000000000, 0.000000000000000000, 0.000000000000000000 ) ) ;
#802 =( NAMED_UNIT ( * ) SI_UNIT ( $, .STERADIAN. ) SOLID_ANGLE_UNIT ( ) );
#803 = VECTOR ( 'NONE', #1148, 1000.000000000000114 ) ;
#804 = EDGE_CURVE ( 'NONE', #1646, #2121, #2622, .T. ) ;
#805 = ORIENTED_EDGE ( 'NONE', *, *, #2316, .T. ) ;
#806 = VECTOR ( 'NONE', #38, 1000.000000000000000 ) ;
#807 = DIRECTION ( 'NONE',  ( 0.000000000000000000, -0.000000000000000000, -1.000000000000000000 ) ) ;
#808 = EDGE_LOOP ( 'NONE', ( #2537, #2131, #2286, #2900 ) ) ;
#809 = FACE_OUTER_BOUND ( 'NONE', #2578, .T. ) ;
#810 = CARTESIAN_POINT ( 'NONE',  ( -641.6881233438617755, 989.2151604516615180, 5.000000000000000000 ) ) ;
#811 = ORIENTED_EDGE ( 'NONE', *, *, #8, .T. ) ;
#812 = ORIENTED_EDGE ( 'NONE', *, *, #1346, .F. ) ;
#813 = DIRECTION ( 'NONE',  ( -0.000000000000000000, 0.000000000000000000, 1.000000000000000000 ) ) ;
#814 = DIRECTION ( 'NONE',  ( 1.000000000000000000, 0.000000000000000000, 0.000000000000000000 ) ) ;
#815 = CARTESIAN_POINT ( 'NONE',  ( -596.9303299049429370, 884.3151604516565385, 35.00000000000000000 ) ) ;
#816 = LINE ( 'NONE', #2576, #1823 ) ;
#817 = ADVANCED_FACE ( 'NONE', ( #2330, #282, #2101, #730, #1670 ), #1217, .F. ) ;
#818 = CIRCLE ( 'NONE', #2006, 2.550000000000052225 ) ;
#819 = CARTESIAN_POINT ( 'NONE',  ( -686.6881233438565459, 832.2151604516614043, 30.74752059641352631 ) ) ;
#820 = CARTESIAN_POINT ( 'NONE',  ( -731.6881233438607524, 829.2151604516614043, 0.000000000000000000 ) ) ;
#821 = EDGE_CURVE ( 'NONE', #33, #110, #1651, .T. ) ;
#822 = VERTEX_POINT ( 'NONE', #550 ) ;
#823 = ORIENTED_EDGE ( 'NONE', *, *, #2082, .T. ) ;
#824 = VERTEX_POINT ( 'NONE', #2397 ) ;
#825 = CYLINDRICAL_SURFACE ( 'NONE', #1144, 15.00000000000001421 ) ;
#826 = CARTESIAN_POINT ( 'NONE',  ( -737.3417919911629497, 862.8375698014356203, 0.000000000000000000 ) ) ;
#827 = FACE_BOUND ( 'NONE', #375, .T. ) ;
#828 = PLANE ( 'NONE',  #1080 ) ;
#829 = LINE ( 'NONE', #1735, #1591 ) ;
#830 = DIRECTION ( 'NONE',  ( 1.000000000000000000, -3.382059365454163486E-15, 0.000000000000000000 ) ) ;
#831 = VERTEX_POINT ( 'NONE', #2169 ) ;
#832 = EDGE_CURVE ( 'NONE', #2088, #1264, #1684, .T. ) ;
#833 = ORIENTED_EDGE ( 'NONE', *, *, #463, .F. ) ;
#834 = CIRCLE ( 'NONE', #174, 2.549999999999996714 ) ;
#835 = DIRECTION ( 'NONE',  ( -0.000000000000000000, -0.000000000000000000, -1.000000000000000000 ) ) ;
#836 = VERTEX_POINT ( 'NONE', #1872 ) ;
#837 = EDGE_CURVE ( 'NONE', #779, #1945, #1265, .T. ) ;
#838 = CARTESIAN_POINT ( 'NONE',  ( -791.6881233438613208, 917.2151604516620864, 26.00000000000002132 ) ) ;
#839 = CARTESIAN_POINT ( 'NONE',  ( -599.1643969440772253, 904.3151604516566522, 40.00000000000000000 ) ) ;
#840 = ORIENTED_EDGE ( 'NONE', *, *, #2533, .F. ) ;
#841 = DIRECTION ( 'NONE',  ( 0.000000000000000000, 0.000000000000000000, 1.000000000000000000 ) ) ;
#842 = DIRECTION ( 'NONE',  ( 0.000000000000000000, 0.000000000000000000, 1.000000000000000000 ) ) ;
#843 = CARTESIAN_POINT ( 'NONE',  ( -581.6881233438613208, 915.2151604516612906, 11.99999999999987033 ) ) ;
#844 = PLANE ( 'NONE',  #448 ) ;
#845 = DIRECTION ( 'NONE',  ( 0.000000000000000000, 0.000000000000000000, 1.000000000000000000 ) ) ;
#846 = CARTESIAN_POINT ( 'NONE',  ( -581.6881233438613208, 901.2151604516615180, 14.00000000000048850 ) ) ;
#847 = VECTOR ( 'NONE', #1950, 1000.000000000000000 ) ;
#848 = CARTESIAN_POINT ( 'NONE',  ( -581.6881233438613208, 903.2151604516620864, 28.00000000000056488 ) ) ;
#849 = VERTEX_POINT ( 'NONE', #131 ) ;
#850 = ORIENTED_EDGE ( 'NONE', *, *, #2722, .F. ) ;
#851 = EDGE_CURVE ( 'NONE', #267, #2227, #2379, .T. ) ;
#852 = AXIS2_PLACEMENT_3D ( 'NONE', #2380, #2153, #801 ) ;
#853 = ORIENTED_EDGE ( 'NONE', *, *, #2373, .T. ) ;
#854 = CARTESIAN_POINT ( 'NONE',  ( -791.6881233438613208, 917.2151604516620864, 26.00000000000002132 ) ) ;
#855 = AXIS2_PLACEMENT_3D ( 'NONE', #1560, #2176, #2434 ) ;
#856 = CARTESIAN_POINT ( 'NONE',  ( -791.6881233438613208, 901.2151604516615180, 11.45000000000058193 ) ) ;
#857 = CYLINDRICAL_SURFACE ( 'NONE', #467, 2.549999999999930989 ) ;
#858 = EDGE_LOOP ( 'NONE', ( #2178, #194 ) ) ;
#859 = EDGE_CURVE ( 'NONE', #1245, #2493, #1375, .T. ) ;
#860 = ADVANCED_FACE ( 'NONE', ( #1017 ), #2152, .F. ) ;
#861 = CARTESIAN_POINT ( 'NONE',  ( -621.0344546965593509, 943.7927511018867790, 5.000000000000000000 ) ) ;
#862 = CYLINDRICAL_SURFACE ( 'NONE', #381, 1.499999999999963141 ) ;
#863 = CARTESIAN_POINT ( 'NONE',  ( -601.7143969440772935, 904.3151604516566522, 5.000000000000000000 ) ) ;
#864 = AXIS2_PLACEMENT_3D ( 'NONE', #2134, #2343, #2114 ) ;
#865 = DIRECTION ( 'NONE',  ( -0.000000000000000000, -0.000000000000000000, -1.000000000000000000 ) ) ;
#866 = VECTOR ( 'NONE', #1022, 1000.000000000000000 ) ;
#867 = DIRECTION ( 'NONE',  ( -0.000000000000000000, -1.000000000000000000, -0.000000000000000000 ) ) ;
#868 = VERTEX_POINT ( 'NONE', #2425 ) ;
#869 = VERTEX_POINT ( 'NONE', #691 ) ;
#870 = ORIENTED_EDGE ( 'NONE', *, *, #2042, .T. ) ;
#871 = CARTESIAN_POINT ( 'NONE',  ( -796.6881233438613208, 917.2151604516620864, 23.45000000000009166 ) ) ;
#872 = DIRECTION ( 'NONE',  ( 0.000000000000000000, 0.000000000000000000, 1.000000000000000000 ) ) ;
#873 = ADVANCED_FACE ( 'NONE', ( #2896 ), #627, .T. ) ;
#874 = EDGE_CURVE ( 'NONE', #719, #1347, #1878, .T. ) ;
#875 = CYLINDRICAL_SURFACE ( 'NONE', #2044, 2.550000000000052225 ) ;
#876 = CARTESIAN_POINT ( 'NONE',  ( -581.6881233438613208, 915.2151604516612906, 9.449999999999862510 ) ) ;
#877 = DIRECTION ( 'NONE',  ( 0.000000000000000000, 0.000000000000000000, 1.000000000000000000 ) ) ;
#878 = ADVANCED_FACE ( 'NONE', ( #771 ), #606, .F. ) ;
#879 = CARTESIAN_POINT ( 'NONE',  ( -639.1881233438608660, 945.3151604516609723, 5.000000000000000000 ) ) ;
#880 = AXIS2_PLACEMENT_3D ( 'NONE', #272, #2830, #721 ) ;
#881 = VECTOR ( 'NONE', #634, 1000.000000000000000 ) ;
#882 = FACE_OUTER_BOUND ( 'NONE', #1824, .T. ) ;
#883 = ORIENTED_EDGE ( 'NONE', *, *, #1108, .T. ) ;
#884 = ADVANCED_FACE ( 'NONE', ( #1924 ), #1874, .T. ) ;
#885 = VERTEX_POINT ( 'NONE', #2607 ) ;
#886 = EDGE_LOOP ( 'NONE', ( #759, #225 ) ) ;
#887 = CARTESIAN_POINT ( 'NONE',  ( -734.1881233437800347, 962.8151604516662019, 5.000000000000000000 ) ) ;
#888 = DIRECTION ( 'NONE',  ( -0.000000000000000000, -0.000000000000000000, -1.000000000000000000 ) ) ;
#889 = VECTOR ( 'NONE', #417, 1000.000000000000000 ) ;
#890 = DIRECTION ( 'NONE',  ( 1.000000000000000000, 0.000000000000000000, 0.000000000000000000 ) ) ;
#891 = DIRECTION ( 'NONE',  ( 0.000000000000000000, 0.000000000000000000, -1.000000000000000000 ) ) ;
#892 = VERTEX_POINT ( 'NONE', #2884 ) ;
#893 = VECTOR ( 'NONE', #2557, 1000.000000000000000 ) ;
#894 = DIRECTION ( 'NONE',  ( 1.000000000000000000, 0.000000000000000000, 0.000000000000000000 ) ) ;
#895 = DIRECTION ( 'NONE',  ( -0.000000000000000000, -1.000000000000000000, -0.000000000000000000 ) ) ;
#896 = ADVANCED_FACE ( 'NONE', ( #2949, #2487, #909, #2262, #1532, #2012 ), #2892, .T. ) ;
#897 = DIRECTION ( 'NONE',  ( -0.000000000000000000, -0.000000000000000000, 1.000000000000000000 ) ) ;
#898 = CARTESIAN_POINT ( 'NONE',  ( -641.6881233438617755, 979.2151604516614043, 5.000000000000000000 ) ) ;
#899 = LINE ( 'NONE', #1798, #299 ) ;
#900 = DIRECTION ( 'NONE',  ( 0.000000000000000000, 0.000000000000000000, 1.000000000000000000 ) ) ;
#901 = VERTEX_POINT ( 'NONE', #2783 ) ;
#902 = AXIS2_PLACEMENT_3D ( 'NONE', #2164, #596, #547 ) ;
#903 = ORIENTED_EDGE ( 'NONE', *, *, #530, .T. ) ;
#904 = EDGE_LOOP ( 'NONE', ( #157, #1787, #183, #1101 ) ) ;
#905 = CARTESIAN_POINT ( 'NONE',  ( -639.1881233437811716, 962.8151604516662019, 5.000000000000000000 ) ) ;
#906 = FACE_BOUND ( 'NONE', #2292, .T. ) ;
#907 = ORIENTED_EDGE ( 'NONE', *, *, #1033, .T. ) ;
#908 = AXIS2_PLACEMENT_3D ( 'NONE', #1494, #1922, #2870 ) ;
#909 = FACE_BOUND ( 'NONE', #2481, .T. ) ;
#910 = DIRECTION ( 'NONE',  ( 0.000000000000000000, 0.000000000000000000, 1.000000000000000000 ) ) ;
#911 = FACE_BOUND ( 'NONE', #290, .T. ) ;
#912 = VECTOR ( 'NONE', #248, 1000.000000000000000 ) ;
#913 = CARTESIAN_POINT ( 'NONE',  ( -734.1881233438608660, 948.3151604516663156, 5.000000000000000000 ) ) ;
#914 = ORIENTED_EDGE ( 'NONE', *, *, #2416, .T. ) ;
#915 = EDGE_CURVE ( 'NONE', #1245, #2235, #2813, .T. ) ;
#916 = EDGE_LOOP ( 'NONE', ( #348, #216, #1314, #224 ) ) ;
#917 = ORIENTED_EDGE ( 'NONE', *, *, #2956, .T. ) ;
#918 = CIRCLE ( 'NONE', #1295, 2.550000000000052225 ) ;
#919 = CARTESIAN_POINT ( 'NONE',  ( -599.4803299049428915, 884.3151604516565385, 35.00000000000000000 ) ) ;
#920 = DIRECTION ( 'NONE',  ( -1.000000000000000000, -0.000000000000000000, -0.000000000000000000 ) ) ;
#921 = FACE_OUTER_BOUND ( 'NONE', #1162, .T. ) ;
#922 = CARTESIAN_POINT ( 'NONE',  ( -731.6881233438608660, 979.2151604516614043, 5.000000000000000000 ) ) ;
#923 = VERTEX_POINT ( 'NONE', #999 ) ;
#924 = AXIS2_PLACEMENT_3D ( 'NONE', #2427, #2458, #1956 ) ;
#925 = ORIENTED_EDGE ( 'NONE', *, *, #274, .F. ) ;
#926 = EDGE_CURVE ( 'NONE', #1936, #940, #1207, .T. ) ;
#927 = ORIENTED_EDGE ( 'NONE', *, *, #576, .F. ) ;
#928 = LINE ( 'NONE', #2509, #744 ) ;
#929 = CARTESIAN_POINT ( 'NONE',  ( -596.6143969440771571, 904.3151604516566522, 0.000000000000000000 ) ) ;
#930 = ORIENTED_EDGE ( 'NONE', *, *, #2401, .T. ) ;
#931 = EDGE_CURVE ( 'NONE', #37, #2793, #483, .T. ) ;
#932 = DIRECTION ( 'NONE',  ( 1.000000000000000000, 0.000000000000000000, 0.000000000000000000 ) ) ;
#933 = AXIS2_PLACEMENT_3D ( 'NONE', #1128, #2270, #2447 ) ;
#934 = FACE_OUTER_BOUND ( 'NONE', #2415, .T. ) ;
#935 = ORIENTED_EDGE ( 'NONE', *, *, #1485, .T. ) ;
#936 = ORIENTED_EDGE ( 'NONE', *, *, #851, .T. ) ;
#937 = CARTESIAN_POINT ( 'NONE',  ( -678.6881233438632535, 832.2151604516614043, 19.74752059641049229 ) ) ;
#938 = DIRECTION ( 'NONE',  ( -0.000000000000000000, -0.000000000000000000, -1.000000000000000000 ) ) ;
#939 = FACE_OUTER_BOUND ( 'NONE', #568, .T. ) ;
#940 = VERTEX_POINT ( 'NONE', #1482 ) ;
#941 = EDGE_CURVE ( 'NONE', #974, #1762, #785, .T. ) ;
#942 = AXIS2_PLACEMENT_3D ( 'NONE', #1288, #2806, #761 ) ;
#943 = DIRECTION ( 'NONE',  ( 0.000000000000000000, 0.000000000000000000, 1.000000000000000000 ) ) ;
#944 = ADVANCED_FACE ( 'NONE', ( #64 ), #1896, .T. ) ;
#945 = AXIS2_PLACEMENT_3D ( 'NONE', #2265, #680, #2686 ) ;
#946 = CARTESIAN_POINT ( 'NONE',  ( -641.6881233438617755, 989.2151604516615180, 0.000000000000000000 ) ) ;
#947 = DIRECTION ( 'NONE',  ( 0.000000000000000000, 0.000000000000000000, 1.000000000000000000 ) ) ;
#948 = UNCERTAINTY_MEASURE_WITH_UNIT (LENGTH_MEASURE( 1.000000000000000082E-05 ), #2138, 'distance_accuracy_value', 'NONE');
#949 = EDGE_CURVE ( 'NONE', #923, #613, #2404, .T. ) ;
#950 = ORIENTED_EDGE ( 'NONE', *, *, #1616, .T. ) ;
#951 = ORIENTED_EDGE ( 'NONE', *, *, #752, .F. ) ;
#952 = VECTOR ( 'NONE', #259, 1000.000000000000000 ) ;
#953 = LINE ( 'NONE', #1173, #1511 ) ;
#954 = LINE ( 'NONE', #2553, #211 ) ;
#955 = ORIENTED_EDGE ( 'NONE', *, *, #1831, .F. ) ;
#956 = FACE_OUTER_BOUND ( 'NONE', #2410, .T. ) ;
#957 = CIRCLE ( 'NONE', #2197, 2.550000000000052225 ) ;
#958 = EDGE_CURVE ( 'NONE', #1344, #197, #1038, .T. ) ;
#959 = CARTESIAN_POINT ( 'NONE',  ( -641.6881233438613208, 894.2151604516614043, 5.000000000000000000 ) ) ;
#960 = EDGE_CURVE ( 'NONE', #465, #2611, #1417, .T. ) ;
#961 = CARTESIAN_POINT ( 'NONE',  ( -599.1643969440772253, 904.3151604516566522, 5.000000000000000000 ) ) ;
#962 = EDGE_CURVE ( 'NONE', #693, #2090, #1439, .T. ) ;
#963 = ORIENTED_EDGE ( 'NONE', *, *, #1923, .T. ) ;
#964 = VECTOR ( 'NONE', #337, 999.9999999999998863 ) ;
#965 = ORIENTED_EDGE ( 'NONE', *, *, #62, .F. ) ;
#966 = VERTEX_POINT ( 'NONE', #521 ) ;
#967 = CARTESIAN_POINT ( 'NONE',  ( -776.4459167827790225, 884.3151604516569932, 35.00000000000000000 ) ) ;
#968 = FACE_OUTER_BOUND ( 'NONE', #1170, .T. ) ;
#969 = VERTEX_POINT ( 'NONE', #2349 ) ;
#970 = VECTOR ( 'NONE', #1243, 1000.000000000000000 ) ;
#971 = AXIS2_PLACEMENT_3D ( 'NONE', #1451, #2579, #2365 ) ;
#972 = DIRECTION ( 'NONE',  ( 0.000000000000000000, 0.000000000000000000, -1.000000000000000000 ) ) ;
#973 = CARTESIAN_POINT ( 'NONE',  ( -734.1881233438608660, 977.3151604516610860, 5.000000000000000000 ) ) ;
#974 = VERTEX_POINT ( 'NONE', #603 ) ;
#975 = CARTESIAN_POINT ( 'NONE',  ( -599.1643969440772253, 904.3151604516566522, 0.000000000000000000 ) ) ;
#976 = DIRECTION ( 'NONE',  ( -0.000000000000000000, -0.000000000000000000, -1.000000000000000000 ) ) ;
#977 = DIRECTION ( 'NONE',  ( -0.000000000000000000, -0.000000000000000000, -1.000000000000000000 ) ) ;
#978 = VECTOR ( 'NONE', #1585, 1000.000000000000000 ) ;
#979 = EDGE_CURVE ( 'NONE', #2665, #1884, #2502, .T. ) ;
#980 = VERTEX_POINT ( 'NONE', #819 ) ;
#981 = ADVANCED_FACE ( 'NONE', ( #177 ), #2702, .T. ) ;
#982 = EDGE_CURVE ( 'NONE', #2665, #2111, #2217, .T. ) ;
#983 = ORIENTED_EDGE ( 'NONE', *, *, #2629, .T. ) ;
#984 = DIRECTION ( 'NONE',  ( 0.000000000000000000, 0.000000000000000000, 1.000000000000000000 ) ) ;
#985 = CARTESIAN_POINT ( 'NONE',  ( -581.6881233438613208, 915.2151604516612906, 11.99999999999987033 ) ) ;
#986 = CARTESIAN_POINT ( 'NONE',  ( -791.6881233438613208, 917.2151604516620864, 23.45000000000009166 ) ) ;
#987 = ORIENTED_EDGE ( 'NONE', *, *, #1543, .F. ) ;
#988 = DIRECTION ( 'NONE',  ( 1.000000000000000000, 0.000000000000000000, 0.000000000000000000 ) ) ;
#989 = ORIENTED_EDGE ( 'NONE', *, *, #1877, .F. ) ;
#990 = DIRECTION ( 'NONE',  ( -0.000000000000000000, -0.000000000000000000, -1.000000000000000000 ) ) ;
#991 = FACE_OUTER_BOUND ( 'NONE', #377, .T. ) ;
#992 = VERTEX_POINT ( 'NONE', #863 ) ;
#993 = AXIS2_PLACEMENT_3D ( 'NONE', #959, #1855, #1634 ) ;
#994 = CIRCLE ( 'NONE', #1146, 14.49999999999984723 ) ;
#995 = DIRECTION ( 'NONE',  ( 1.000000000000000000, 0.000000000000000000, 0.000000000000000000 ) ) ;
#996 = DIRECTION ( 'NONE',  ( 0.000000000000000000, -1.000000000000000000, 0.000000000000000000 ) ) ;
#997 = AXIS2_PLACEMENT_3D ( 'NONE', #1788, #1092, #1117 ) ;
#998 = EDGE_LOOP ( 'NONE', ( #2614, #1547, #51, #2821, #628, #1040 ) ) ;
#999 = CARTESIAN_POINT ( 'NONE',  ( -596.6143969440771571, 904.3151604516566522, 35.00000000000000000 ) ) ;
#1000 = AXIS2_PLACEMENT_3D ( 'NONE', #1858, #60, #569 ) ;
#1001 = FACE_BOUND ( 'NONE', #1215, .T. ) ;
#1002 = ORIENTED_EDGE ( 'NONE', *, *, #1277, .F. ) ;
#1003 = ORIENTED_EDGE ( 'NONE', *, *, #26, .F. ) ;
#1004 = EDGE_CURVE ( 'NONE', #1150, #2258, #1942, .T. ) ;
#1005 = EDGE_CURVE ( 'NONE', #1517, #2418, #2878, .T. ) ;
#1006 = DIRECTION ( 'NONE',  ( 0.000000000000000000, 0.000000000000000000, -1.000000000000000000 ) ) ;
#1007 = CARTESIAN_POINT ( 'NONE',  ( -736.8381233437801257, 962.8151604516662019, 5.000000000000000000 ) ) ;
#1008 = VERTEX_POINT ( 'NONE', #416 ) ;
#1009 = CARTESIAN_POINT ( 'NONE',  ( -731.6881233438607524, 989.2151604516615180, 40.00000000000000000 ) ) ;
#1010 = ADVANCED_FACE ( 'NONE', ( #2476 ), #1545, .F. ) ;
#1011 = CIRCLE ( 'NONE', #2193, 15.00000000000001421 ) ;
#1012 = CARTESIAN_POINT ( 'NONE',  ( -641.6881233438613208, 894.2151604516614043, 0.000000000000000000 ) ) ;
#1013 = LINE ( 'NONE', #1715, #671 ) ;
#1014 = VERTEX_POINT ( 'NONE', #136 ) ;
#1015 = AXIS2_PLACEMENT_3D ( 'NONE', #340, #2605, #2358 ) ;
#1016 = EDGE_CURVE ( 'NONE', #642, #1115, #1989, .T. ) ;
#1017 = FACE_OUTER_BOUND ( 'NONE', #2238, .T. ) ;
#1018 = DIRECTION ( 'NONE',  ( 1.000000000000000000, -0.000000000000000000, -0.000000000000000000 ) ) ;
#1019 = DIRECTION ( 'NONE',  ( -0.7961621941230431210, -0.6050832675336359490, -0.000000000000000000 ) ) ;
#1020 = EDGE_LOOP ( 'NONE', ( #2367, #1638, #2414, #2375 ) ) ;
#1021 = DIRECTION ( 'NONE',  ( -1.000000000000000000, 0.000000000000000000, 0.000000000000000000 ) ) ;
#1022 = DIRECTION ( 'NONE',  ( -1.000000000000000000, -0.000000000000000000, -0.000000000000000000 ) ) ;
#1023 = ORIENTED_EDGE ( 'NONE', *, *, #180, .F. ) ;
#1024 = PLANE ( 'NONE',  #635 ) ;
#1025 = VERTEX_POINT ( 'NONE', #2190 ) ;
#1026 = CARTESIAN_POINT ( 'NONE',  ( -621.0344546965593509, 943.7927511018867790, 5.000000000000000000 ) ) ;
#1027 = ADVANCED_FACE ( 'NONE', ( #587 ), #150, .F. ) ;
#1028 = CIRCLE ( 'NONE', #341, 2.549999999999930989 ) ;
#1029 = ORIENTED_EDGE ( 'NONE', *, *, #2401, .F. ) ;
#1030 = CARTESIAN_POINT ( 'NONE',  ( -694.6881233438593881, 832.2151604516614043, 21.24752059642039015 ) ) ;
#1031 = DIRECTION ( 'NONE',  ( -1.000000000000000000, 0.000000000000000000, 0.000000000000000000 ) ) ;
#1032 = EDGE_CURVE ( 'NONE', #722, #1254, #2924, .T. ) ;
#1033 = EDGE_CURVE ( 'NONE', #2273, #284, #1815, .T. ) ;
#1034 = DIRECTION ( 'NONE',  ( 0.000000000000000000, 0.000000000000000000, -1.000000000000000000 ) ) ;
#1035 = DIRECTION ( 'NONE',  ( 0.000000000000000000, -1.000000000000000000, 0.000000000000000000 ) ) ;
#1036 = DIRECTION ( 'NONE',  ( -0.000000000000000000, -1.000000000000000000, -0.000000000000000000 ) ) ;
#1037 = EDGE_LOOP ( 'NONE', ( #2156, #1565, #610, #1490 ) ) ;
#1038 = LINE ( 'NONE', #1926, #1127 ) ;
#1039 = AXIS2_PLACEMENT_3D ( 'NONE', #2720, #2264, #2149 ) ;
#1040 = ORIENTED_EDGE ( 'NONE', *, *, #9, .F. ) ;
#1041 = DIRECTION ( 'NONE',  ( 1.000000000000000000, 0.000000000000000000, 0.000000000000000000 ) ) ;
#1042 = PLANE ( 'NONE',  #2642 ) ;
#1043 = ORIENTED_EDGE ( 'NONE', *, *, #2167, .F. ) ;
#1044 = ORIENTED_EDGE ( 'NONE', *, *, #2737, .T. ) ;
#1045 = ADVANCED_FACE ( 'NONE', ( #2204 ), #164, .F. ) ;
#1046 = CARTESIAN_POINT ( 'NONE',  ( -771.6618497436446660, 904.3151604516571069, 5.000000000000000000 ) ) ;
#1047 = CARTESIAN_POINT ( 'NONE',  ( -773.8959167827790679, 884.3151604516569932, 5.000000000000000000 ) ) ;
#1048 = DIRECTION ( 'NONE',  ( 0.000000000000000000, 0.000000000000000000, 1.000000000000000000 ) ) ;
#1049 = ORIENTED_EDGE ( 'NONE', *, *, #1748, .F. ) ;
#1050 = EDGE_CURVE ( 'NONE', #1438, #2111, #1296, .T. ) ;
#1051 = AXIS2_PLACEMENT_3D ( 'NONE', #1419, #738, #2762 ) ;
#1052 = LINE ( 'NONE', #342, #748 ) ;
#1053 = DIRECTION ( 'NONE',  ( 0.000000000000000000, 0.000000000000000000, 1.000000000000000000 ) ) ;
#1054 = DIRECTION ( 'NONE',  ( 1.000000000000000000, 0.000000000000000000, 0.000000000000000000 ) ) ;
#1055 = CARTESIAN_POINT ( 'NONE',  ( -581.6881233438613208, 901.2151604516615180, 14.00000000000048850 ) ) ;
#1056 = CIRCLE ( 'NONE', #1699, 20.00000000000001776 ) ;
#1057 = AXIS2_PLACEMENT_3D ( 'NONE', #692, #2327, #291 ) ;
#1058 = EDGE_LOOP ( 'NONE', ( #1029, #1900, #598, #1522 ) ) ;
#1059 = ORIENTED_EDGE ( 'NONE', *, *, #350, .F. ) ;
#1060 = ORIENTED_EDGE ( 'NONE', *, *, #1724, .T. ) ;
#1061 = DIRECTION ( 'NONE',  ( 1.000000000000000000, 0.000000000000000000, 0.000000000000000000 ) ) ;
#1062 = DIRECTION ( 'NONE',  ( -0.6050832675212306500, -0.7961621941324712459, 0.000000000000000000 ) ) ;
#1063 = AXIS2_PLACEMENT_3D ( 'NONE', #2409, #1537, #364 ) ;
#1064 = DIRECTION ( 'NONE',  ( 1.000000000000000000, 0.000000000000000000, 0.000000000000000000 ) ) ;
#1065 = DIRECTION ( 'NONE',  ( -0.000000000000000000, -0.000000000000000000, -1.000000000000000000 ) ) ;
#1066 = DIRECTION ( 'NONE',  ( 0.000000000000000000, 0.000000000000000000, 1.000000000000000000 ) ) ;
#1067 = ADVANCED_FACE ( 'NONE', ( #382 ), #398, .F. ) ;
#1068 = CYLINDRICAL_SURFACE ( 'NONE', #349, 2.550000000000052225 ) ;
#1069 = VECTOR ( 'NONE', #2558, 1000.000000000000000 ) ;
#1070 = CARTESIAN_POINT ( 'NONE',  ( -771.3459167827789997, 884.3151604516569932, 5.000000000000000000 ) ) ;
#1071 = CARTESIAN_POINT ( 'NONE',  ( -628.6881233438609797, 945.3151604516609723, 5.000000000000000000 ) ) ;
#1072 = EDGE_CURVE ( 'NONE', #33, #1838, #1111, .T. ) ;
#1073 = ORIENTED_EDGE ( 'NONE', *, *, #1668, .T. ) ;
#1074 = EDGE_LOOP ( 'NONE', ( #2192, #2070, #668, #1180 ) ) ;
#1075 = DIRECTION ( 'NONE',  ( 1.000000000000000000, 0.000000000000000000, -0.000000000000000000 ) ) ;
#1076 = EDGE_LOOP ( 'NONE', ( #917, #2482, #2913, #1994, #1211, #2823, #2047, #63 ) ) ;
#1077 = CARTESIAN_POINT ( 'NONE',  ( -796.6881233438613208, 924.2151604516609495, 0.000000000000000000 ) ) ;
#1078 = CARTESIAN_POINT ( 'NONE',  ( -601.7143969440772935, 904.3151604516566522, 5.000000000000000000 ) ) ;
#1079 = ORIENTED_EDGE ( 'NONE', *, *, #962, .F. ) ;
#1080 = AXIS2_PLACEMENT_3D ( 'NONE', #2245, #633, #1746 ) ;
#1081 = CARTESIAN_POINT ( 'NONE',  ( -694.6881233438593881, 832.2151604516614043, 22.74752059642035817 ) ) ;
#1082 = DIRECTION ( 'NONE',  ( 1.000000000000000000, 0.000000000000000000, 0.000000000000000000 ) ) ;
#1083 = CARTESIAN_POINT ( 'NONE',  ( -599.1643969440772253, 904.3151604516566522, 35.00000000000000000 ) ) ;
#1084 = EDGE_CURVE ( 'NONE', #966, #650, #1623, .T. ) ;
#1085 = FACE_OUTER_BOUND ( 'NONE', #1836, .T. ) ;
#1086 = CARTESIAN_POINT ( 'NONE',  ( -639.1881233437811716, 962.8151604516662019, 5.000000000000000000 ) ) ;
#1087 = ORIENTED_EDGE ( 'NONE', *, *, #1050, .T. ) ;
#1088 = EDGE_CURVE ( 'NONE', #179, #892, #1426, .T. ) ;
#1089 = ORIENTED_EDGE ( 'NONE', *, *, #278, .T. ) ;
#1090 = CIRCLE ( 'NONE', #1268, 1.499999999999970024 ) ;
#1091 = VERTEX_POINT ( 'NONE', #2281 ) ;
#1092 = DIRECTION ( 'NONE',  ( -1.000000000000000000, 0.000000000000000000, 0.000000000000000000 ) ) ;
#1093 = DIRECTION ( 'NONE',  ( 0.000000000000000000, -0.000000000000000000, -1.000000000000000000 ) ) ;
#1094 = DIRECTION ( 'NONE',  ( -0.000000000000000000, -0.000000000000000000, -1.000000000000000000 ) ) ;
#1095 = DIRECTION ( 'NONE',  ( 1.000000000000000000, 0.000000000000000000, 0.000000000000000000 ) ) ;
#1096 = CARTESIAN_POINT ( 'NONE',  ( -639.1881233437811716, 962.8151604516662019, 0.000000000000000000 ) ) ;
#1097 = CARTESIAN_POINT ( 'NONE',  ( -641.6881233438613208, 894.2151604516614043, 5.000000000000000000 ) ) ;
#1098 = DIRECTION ( 'NONE',  ( 0.000000000000000000, 0.000000000000000000, 1.000000000000000000 ) ) ;
#1099 = EDGE_CURVE ( 'NONE', #2498, #2385, #2074, .T. ) ;
#1100 = ORIENTED_EDGE ( 'NONE', *, *, #430, .T. ) ;
#1101 = ORIENTED_EDGE ( 'NONE', *, *, #783, .F. ) ;
#1102 = AXIS2_PLACEMENT_3D ( 'NONE', #2885, #1018, #1910 ) ;
#1103 = ADVANCED_FACE ( 'NONE', ( #1584 ), #1155, .F. ) ;
#1104 = VERTEX_POINT ( 'NONE', #2941 ) ;
#1105 = CYLINDRICAL_SURFACE ( 'NONE', #34, 2.650000000000041211 ) ;
#1106 = CARTESIAN_POINT ( 'NONE',  ( -641.6881233438617755, 989.2151604516615180, 5.000000000000000000 ) ) ;
#1107 = DIRECTION ( 'NONE',  ( 0.000000000000000000, 0.000000000000000000, 1.000000000000000000 ) ) ;
#1108 = EDGE_CURVE ( 'NONE', #1925, #476, #2516, .T. ) ;
#1109 = FACE_OUTER_BOUND ( 'NONE', #708, .T. ) ;
#1110 = DIRECTION ( 'NONE',  ( 0.7961621941230431210, 0.6050832675336359490, 0.000000000000000000 ) ) ;
#1111 = LINE ( 'NONE', #898, #2247 ) ;
#1112 = CIRCLE ( 'NONE', #2862, 2.550000000000052225 ) ;
#1113 = VECTOR ( 'NONE', #867, 1000.000000000000000 ) ;
#1114 = FACE_OUTER_BOUND ( 'NONE', #1679, .T. ) ;
#1115 = VERTEX_POINT ( 'NONE', #922 ) ;
#1116 = EDGE_LOOP ( 'NONE', ( #1154, #2598, #1617, #2510 ) ) ;
#1117 = DIRECTION ( 'NONE',  ( 0.000000000000000000, 0.000000000000000000, 1.000000000000000000 ) ) ;
#1118 = PLANE ( 'NONE',  #228 ) ;
#1119 = DIRECTION ( 'NONE',  ( 3.382059365454163486E-15, 1.000000000000000000, -0.000000000000000000 ) ) ;
#1120 = EDGE_CURVE ( 'NONE', #72, #1091, #2064, .T. ) ;
#1121 = FACE_OUTER_BOUND ( 'NONE', #916, .T. ) ;
#1122 = FACE_OUTER_BOUND ( 'NONE', #1020, .T. ) ;
#1123 = EDGE_CURVE ( 'NONE', #1329, #2125, #2198, .T. ) ;
#1124 = PLANE ( 'NONE',  #1497 ) ;
#1125 = AXIS2_PLACEMENT_3D ( 'NONE', #1293, #1066, #1082 ) ;
#1126 = CARTESIAN_POINT ( 'NONE',  ( -596.9303299049429370, 884.3151604516565385, 5.000000000000000000 ) ) ;
#1127 = VECTOR ( 'NONE', #1703, 1000.000000000000000 ) ;
#1128 = CARTESIAN_POINT ( 'NONE',  ( -639.1881233437811716, 962.8151604516662019, 5.000000000000000000 ) ) ;
#1129 = EDGE_LOOP ( 'NONE', ( #935, #2421, #1433, #559 ) ) ;
#1130 = VERTEX_POINT ( 'NONE', #1812 ) ;
#1131 = ORIENTED_EDGE ( 'NONE', *, *, #1005, .T. ) ;
#1132 = LINE ( 'NONE', #2946, #2376 ) ;
#1133 = CIRCLE ( 'NONE', #1976, 2.549999999999904787 ) ;
#1134 = LINE ( 'NONE', #172, #2895 ) ;
#1135 = ORIENTED_EDGE ( 'NONE', *, *, #804, .T. ) ;
#1136 = ORIENTED_EDGE ( 'NONE', *, *, #86, .F. ) ;
#1137 = ADVANCED_FACE ( 'NONE', ( #2951, #714, #18, #911, #934 ), #706, .F. ) ;
#1138 = CARTESIAN_POINT ( 'NONE',  ( -641.6881233438613208, 924.2151604516615180, 5.000000000000000000 ) ) ;
#1139 = EDGE_LOOP ( 'NONE', ( #772, #2031 ) ) ;
#1140 = EDGE_CURVE ( 'NONE', #1743, #901, #2145, .T. ) ;
#1141 = CARTESIAN_POINT ( 'NONE',  ( -678.6881233438632535, 832.2151604516614043, 21.24752059641045321 ) ) ;
#1142 = CARTESIAN_POINT ( 'NONE',  ( -599.4803299049428915, 884.3151604516565385, 5.000000000000000000 ) ) ;
#1143 = ORIENTED_EDGE ( 'NONE', *, *, #799, .F. ) ;
#1144 = AXIS2_PLACEMENT_3D ( 'NONE', #780, #1889, #2195 ) ;
#1145 = EDGE_LOOP ( 'NONE', ( #2494, #1487, #1594, #1534 ) ) ;
#1146 = AXIS2_PLACEMENT_3D ( 'NONE', #453, #2080, #2321 ) ;
#1147 = EDGE_LOOP ( 'NONE', ( #529, #823 ) ) ;
#1148 = DIRECTION ( 'NONE',  ( -0.7961621941230431210, -0.6050832675336359490, -0.000000000000000000 ) ) ;
#1149 = CARTESIAN_POINT ( 'NONE',  ( -621.0344546965593509, 943.7927511018867790, 40.00000000000000000 ) ) ;
#1150 = VERTEX_POINT ( 'NONE', #2530 ) ;
#1151 = VECTOR ( 'NONE', #1337, 1000.000000000000000 ) ;
#1152 = AXIS2_PLACEMENT_3D ( 'NONE', #1338, #204, #1519 ) ;
#1153 = CYLINDRICAL_SURFACE ( 'NONE', #609, 2.550000000000052225 ) ;
#1154 = ORIENTED_EDGE ( 'NONE', *, *, #1899, .F. ) ;
#1155 = CYLINDRICAL_SURFACE ( 'NONE', #1954, 1.499999999999963141 ) ;
#1156 = ADVANCED_FACE ( 'NONE', ( #2543 ), #1795, .F. ) ;
#1157 = CARTESIAN_POINT ( 'NONE',  ( -731.6881233438607524, 829.2151604516614043, 40.00000000000000000 ) ) ;
#1158 = LINE ( 'NONE', #2954, #1248 ) ;
#1159 = VERTEX_POINT ( 'NONE', #2529 ) ;
#1160 = EDGE_LOOP ( 'NONE', ( #1688, #753, #2001, #2866, #1632, #769, #2815, #1199, #20, #1131, #423, #2935, #695, #126, #2588, #2221, #1898 ) ) ;
#1161 = ADVANCED_FACE ( 'NONE', ( #1166 ), #2073, .F. ) ;
#1162 = EDGE_LOOP ( 'NONE', ( #1914, #2129, #903, #2296 ) ) ;
#1163 = DIRECTION ( 'NONE',  ( 1.000000000000000000, 0.000000000000000000, 0.000000000000000000 ) ) ;
#1164 = ORIENTED_EDGE ( 'NONE', *, *, #1429, .T. ) ;
#1165 = LINE ( 'NONE', #2753, #1744 ) ;
#1166 = FACE_OUTER_BOUND ( 'NONE', #1827, .T. ) ;
#1167 = DIRECTION ( 'NONE',  ( -0.000000000000000000, -1.000000000000000000, -0.000000000000000000 ) ) ;
#1168 = ORIENTED_EDGE ( 'NONE', *, *, #1346, .T. ) ;
#1169 = EDGE_CURVE ( 'NONE', #1159, #386, #488, .T. ) ;
#1170 = EDGE_LOOP ( 'NONE', ( #1621, #1357, #1590, #2437 ) ) ;
#1171 = ORIENTED_EDGE ( 'NONE', *, *, #576, .T. ) ;
#1172 = CARTESIAN_POINT ( 'NONE',  ( -752.3417919911629497, 862.8375698014356203, 40.00000000000000000 ) ) ;
#1173 = CARTESIAN_POINT ( 'NONE',  ( -651.0344546965594645, 829.2151604516614043, 37.50000000000000000 ) ) ;
#1174 = CARTESIAN_POINT ( 'NONE',  ( -796.6881233438613208, 917.2151604516620864, 26.00000000000002132 ) ) ;
#1175 = EDGE_LOOP ( 'NONE', ( #718, #193, #269, #441 ) ) ;
#1176 = CYLINDRICAL_SURFACE ( 'NONE', #1803, 2.550000000000052225 ) ;
#1177 = LINE ( 'NONE', #2765, #893 ) ;
#1178 = EDGE_LOOP ( 'NONE', ( #495, #36 ) ) ;
#1179 = EDGE_CURVE ( 'NONE', #2934, #2548, #1177, .T. ) ;
#1180 = ORIENTED_EDGE ( 'NONE', *, *, #832, .F. ) ;
#1181 = CIRCLE ( 'NONE', #651, 2.549999999999930989 ) ;
#1182 = FACE_OUTER_BOUND ( 'NONE', #1037, .T. ) ;
#1183 = LINE ( 'NONE', #1864, #806 ) ;
#1184 = CARTESIAN_POINT ( 'NONE',  ( -731.6881233438608660, 979.2151604516614043, 5.000000000000000000 ) ) ;
#1185 = ORIENTED_EDGE ( 'NONE', *, *, #1228, .T. ) ;
#1186 = EDGE_CURVE ( 'NONE', #1538, #2934, #791, .T. ) ;
#1187 = AXIS2_PLACEMENT_3D ( 'NONE', #525, #139, #1041 ) ;
#1188 = ADVANCED_FACE ( 'NONE', ( #2621 ), #1809, .F. ) ;
#1189 = VECTOR ( 'NONE', #1352, 1000.000000000000000 ) ;
#1190 = CARTESIAN_POINT ( 'NONE',  ( -734.1881233438608660, 977.3151604516610860, 0.000000000000000000 ) ) ;
#1191 = EDGE_CURVE ( 'NONE', #2550, #686, #643, .T. ) ;
#1192 = AXIS2_PLACEMENT_3D ( 'NONE', #905, #2034, #1806 ) ;
#1193 = DIRECTION ( 'NONE',  ( -1.000000000000000000, 0.000000000000000000, 0.000000000000000000 ) ) ;
#1194 = CARTESIAN_POINT ( 'NONE',  ( -628.6881233438609797, 945.3151604516609723, 5.000000000000000000 ) ) ;
#1195 = VERTEX_POINT ( 'NONE', #109 ) ;
#1196 = ORIENTED_EDGE ( 'NONE', *, *, #1191, .F. ) ;
#1197 = DIRECTION ( 'NONE',  ( 0.000000000000000000, -1.000000000000000000, 0.000000000000000000 ) ) ;
#1198 = DIRECTION ( 'NONE',  ( 1.000000000000000000, 0.000000000000000000, 0.000000000000000000 ) ) ;
#1199 = ORIENTED_EDGE ( 'NONE', *, *, #2444, .T. ) ;
#1200 = CARTESIAN_POINT ( 'NONE',  ( -731.6881233438613208, 894.2151604516614043, 5.000000000000000000 ) ) ;
#1201 = EDGE_CURVE ( 'NONE', #892, #179, #2253, .T. ) ;
#1202 = DIRECTION ( 'NONE',  ( 0.000000000000000000, 0.000000000000000000, -1.000000000000000000 ) ) ;
#1203 = ORIENTED_EDGE ( 'NONE', *, *, #2648, .T. ) ;
#1204 = EDGE_CURVE ( 'NONE', #1964, #1500, #435, .T. ) ;
#1205 = PLANE ( 'NONE',  #425 ) ;
#1206 = EDGE_LOOP ( 'NONE', ( #1331, #660, #1588, #2647 ) ) ;
#1207 = LINE ( 'NONE', #1640, #724 ) ;
#1208 = EDGE_LOOP ( 'NONE', ( #2943, #2098, #2449, #2151, #1600, #736, #1904, #1825 ) ) ;
#1209 = DIRECTION ( 'NONE',  ( 0.000000000000000000, -0.000000000000000000, -1.000000000000000000 ) ) ;
#1210 = FACE_OUTER_BOUND ( 'NONE', #2391, .T. ) ;
#1211 = ORIENTED_EDGE ( 'NONE', *, *, #1186, .T. ) ;
#1212 = ORIENTED_EDGE ( 'NONE', *, *, #2295, .F. ) ;
#1213 = DIRECTION ( 'NONE',  ( 0.000000000000000000, 0.000000000000000000, 1.000000000000000000 ) ) ;
#1214 = CARTESIAN_POINT ( 'NONE',  ( -599.1643969440772253, 904.3151604516566522, 35.00000000000000000 ) ) ;
#1215 = EDGE_LOOP ( 'NONE', ( #608, #2213 ) ) ;
#1216 = DIRECTION ( 'NONE',  ( 0.000000000000000000, 0.000000000000000000, -1.000000000000000000 ) ) ;
#1217 = PLANE ( 'NONE',  #1000 ) ;
#1218 = DIRECTION ( 'NONE',  ( 0.000000000000000000, 0.000000000000000000, 1.000000000000000000 ) ) ;
#1219 = VECTOR ( 'NONE', #1269, 1000.000000000000000 ) ;
#1220 = ADVANCED_FACE ( 'NONE', ( #1854 ), #1906, .T. ) ;
#1221 = EDGE_LOOP ( 'NONE', ( #794, #2092, #2260, #1301 ) ) ;
#1222 = ORIENTED_EDGE ( 'NONE', *, *, #926, .F. ) ;
#1223 = ORIENTED_EDGE ( 'NONE', *, *, #2085, .F. ) ;
#1224 = DIRECTION ( 'NONE',  ( 1.000000000000000000, 0.000000000000000000, 0.000000000000000000 ) ) ;
#1225 = DIRECTION ( 'NONE',  ( 0.000000000000000000, -1.000000000000000000, 0.000000000000000000 ) ) ;
#1226 = ORIENTED_EDGE ( 'NONE', *, *, #2835, .F. ) ;
#1227 = CARTESIAN_POINT ( 'NONE',  ( -653.6881233437762830, 962.8151604516662019, 0.000000000000000000 ) ) ;
#1228 = EDGE_CURVE ( 'NONE', #1130, #831, #2602, .T. ) ;
#1229 = ORIENTED_EDGE ( 'NONE', *, *, #1201, .F. ) ;
#1230 = CYLINDRICAL_SURFACE ( 'NONE', #902, 2.550000000000052225 ) ;
#1231 = DIRECTION ( 'NONE',  ( 0.000000000000000000, -0.000000000000000000, -1.000000000000000000 ) ) ;
#1232 = EDGE_LOOP ( 'NONE', ( #1276, #2339, #1980, #542 ) ) ;
#1233 = CIRCLE ( 'NONE', #605, 2.550000000000052225 ) ;
#1234 = AXIS2_PLACEMENT_3D ( 'NONE', #1468, #302, #1224 ) ;
#1235 = DIRECTION ( 'NONE',  ( -0.000000000000000000, -0.000000000000000000, -1.000000000000000000 ) ) ;
#1236 = PLANE ( 'NONE',  #2519 ) ;
#1237 = CIRCLE ( 'NONE', #997, 2.549999999999906564 ) ;
#1238 = EDGE_LOOP ( 'NONE', ( #40, #2917 ) ) ;
#1239 = AXIS2_PLACEMENT_3D ( 'NONE', #1194, #2120, #666 ) ;
#1240 = ADVANCED_FACE ( 'NONE', ( #545 ), #1408, .T. ) ;
#1241 = ORIENTED_EDGE ( 'NONE', *, *, #960, .T. ) ;
#1242 = ADVANCED_FACE ( 'NONE', ( #956 ), #1456, .T. ) ;
#1243 = DIRECTION ( 'NONE',  ( -1.000000000000000000, 0.000000000000000000, 0.000000000000000000 ) ) ;
#1244 = LINE ( 'NONE', #2146, #1489 ) ;
#1245 = VERTEX_POINT ( 'NONE', #2374 ) ;
#1246 = DIRECTION ( 'NONE',  ( 1.000000000000000000, -0.000000000000000000, -0.000000000000000000 ) ) ;
#1247 = CARTESIAN_POINT ( 'NONE',  ( -731.5381233437799438, 962.8151604516662019, 0.000000000000000000 ) ) ;
#1248 = VECTOR ( 'NONE', #684, 1000.000000000000000 ) ;
#1249 = CARTESIAN_POINT ( 'NONE',  ( -639.1881233437811716, 962.8151604516662019, 5.000000000000000000 ) ) ;
#1250 = CARTESIAN_POINT ( 'NONE',  ( -731.6881233438613208, 924.2151604516615180, 0.000000000000000000 ) ) ;
#1251 = EDGE_LOOP ( 'NONE', ( #429, #361 ) ) ;
#1252 = CARTESIAN_POINT ( 'NONE',  ( -796.6881233438613208, 901.2151604516615180, 11.45000000000058193 ) ) ;
#1253 = ADVANCED_FACE ( 'NONE', ( #1260 ), #2804, .F. ) ;
#1254 = VERTEX_POINT ( 'NONE', #496 ) ;
#1255 = CARTESIAN_POINT ( 'NONE',  ( 0.000000000000000000, 0.000000000000000000, 0.000000000000000000 ) ) ;
#1256 = CARTESIAN_POINT ( 'NONE',  ( -639.1881233438608660, 945.3151604516609723, 5.000000000000000000 ) ) ;
#1257 = ORIENTED_EDGE ( 'NONE', *, *, #384, .T. ) ;
#1258 = CIRCLE ( 'NONE', #1125, 2.650000000000041211 ) ;
#1259 = EDGE_CURVE ( 'NONE', #849, #749, #1996, .T. ) ;
#1260 = FACE_OUTER_BOUND ( 'NONE', #1074, .T. ) ;
#1261 = VERTEX_POINT ( 'NONE', #758 ) ;
#1262 = CARTESIAN_POINT ( 'NONE',  ( -636.5381233437810806, 962.8151604516662019, 5.000000000000000000 ) ) ;
#1263 = CARTESIAN_POINT ( 'NONE',  ( -773.8959167827790679, 884.3151604516569932, 5.000000000000000000 ) ) ;
#1264 = VERTEX_POINT ( 'NONE', #2585 ) ;
#1265 = LINE ( 'NONE', #764, #2671 ) ;
#1266 = PLANE ( 'NONE',  #266 ) ;
#1267 = ORIENTED_EDGE ( 'NONE', *, *, #1523, .T. ) ;
#1268 = AXIS2_PLACEMENT_3D ( 'NONE', #579, #1738, #1488 ) ;
#1269 = DIRECTION ( 'NONE',  ( -0.000000000000000000, -0.000000000000000000, -1.000000000000000000 ) ) ;
#1270 = ORIENTED_EDGE ( 'NONE', *, *, #701, .T. ) ;
#1271 = EDGE_LOOP ( 'NONE', ( #1997, #2110 ) ) ;
#1272 = CARTESIAN_POINT ( 'NONE',  ( -731.6881233438607524, 829.2151604516614043, 40.00000000000000000 ) ) ;
#1273 = ORIENTED_EDGE ( 'NONE', *, *, #2259, .T. ) ;
#1274 = DIRECTION ( 'NONE',  ( -1.000000000000000000, 0.000000000000000000, 0.000000000000000000 ) ) ;
#1275 = CARTESIAN_POINT ( 'NONE',  ( -791.6881233438613208, 917.2151604516620864, 26.00000000000002132 ) ) ;
#1276 = ORIENTED_EDGE ( 'NONE', *, *, #41, .F. ) ;
#1277 = EDGE_CURVE ( 'NONE', #1195, #1907, #1244, .T. ) ;
#1278 = CIRCLE ( 'NONE', #2612, 1.499999999999966693 ) ;
#1279 = FACE_OUTER_BOUND ( 'NONE', #1758, .T. ) ;
#1280 = LINE ( 'NONE', #2624, #2102 ) ;
#1281 = EDGE_CURVE ( 'NONE', #2493, #450, #2658, .T. ) ;
#1282 = CARTESIAN_POINT ( 'NONE',  ( -791.6881233438613208, 915.2151604516612906, 11.99999999999987033 ) ) ;
#1283 = CIRCLE ( 'NONE', #1561, 1.499999999999966693 ) ;
#1284 = AXIS2_PLACEMENT_3D ( 'NONE', #1637, #2117, #1034 ) ;
#1285 = ORIENTED_EDGE ( 'NONE', *, *, #2480, .T. ) ;
#1286 = EDGE_LOOP ( 'NONE', ( #2741, #1818, #2709, #520 ) ) ;
#1287 = EDGE_LOOP ( 'NONE', ( #625, #2081 ) ) ;
#1288 = CARTESIAN_POINT ( 'NONE',  ( -686.6881233438565459, 832.2151604516614043, 29.24752059641355828 ) ) ;
#1289 = CARTESIAN_POINT ( 'NONE',  ( -599.4803299049428915, 884.3151604516565385, 40.00000000000000000 ) ) ;
#1290 = CIRCLE ( 'NONE', #383, 2.650000000000041211 ) ;
#1291 = ADVANCED_FACE ( 'NONE', ( #2177 ), #437, .F. ) ;
#1292 = DIRECTION ( 'NONE',  ( -1.000000000000000000, -0.000000000000000000, -0.000000000000000000 ) ) ;
#1293 = CARTESIAN_POINT ( 'NONE',  ( -734.1881233437800347, 962.8151604516662019, 0.000000000000000000 ) ) ;
#1294 = CARTESIAN_POINT ( 'NONE',  ( -791.6881233438613208, 915.2151604516612906, 14.54999999999988702 ) ) ;
#1295 = AXIS2_PLACEMENT_3D ( 'NONE', #1142, #1586, #1992 ) ;
#1296 = CIRCLE ( 'NONE', #2007, 2.550000000000052225 ) ;
#1297 = DIRECTION ( 'NONE',  ( 0.000000000000000000, 0.000000000000000000, 1.000000000000000000 ) ) ;
#1298 = CARTESIAN_POINT ( 'NONE',  ( -621.0344546965593509, 847.8375698014351656, 0.000000000000000000 ) ) ;
#1299 = DIRECTION ( 'NONE',  ( 0.000000000000000000, 0.000000000000000000, -1.000000000000000000 ) ) ;
#1300 = ORIENTED_EDGE ( 'NONE', *, *, #2800, .F. ) ;
#1301 = ORIENTED_EDGE ( 'NONE', *, *, #701, .F. ) ;
#1302 = ORIENTED_EDGE ( 'NONE', *, *, #594, .F. ) ;
#1303 = DIRECTION ( 'NONE',  ( 0.000000000000000000, 0.000000000000000000, 1.000000000000000000 ) ) ;
#1304 = LINE ( 'NONE', #2212, #1573 ) ;
#1305 = VERTEX_POINT ( 'NONE', #2655 ) ;
#1306 = PLANE ( 'NONE',  #2324 ) ;
#1307 = CARTESIAN_POINT ( 'NONE',  ( -686.6881233438565459, 832.2151604516614043, 29.24752059641355828 ) ) ;
#1308 = LINE ( 'NONE', #1294, #2652 ) ;
#1309 = CARTESIAN_POINT ( 'NONE',  ( -639.1881233437811716, 962.8151604516662019, 0.000000000000000000 ) ) ;
#1310 = EDGE_CURVE ( 'NONE', #1863, #693, #829, .T. ) ;
#1311 = ADVANCED_FACE ( 'NONE', ( #163 ), #844, .F. ) ;
#1312 = DIRECTION ( 'NONE',  ( 1.000000000000000000, 0.000000000000000000, 0.000000000000000000 ) ) ;
#1313 = DIRECTION ( 'NONE',  ( 0.000000000000000000, 0.000000000000000000, 1.000000000000000000 ) ) ;
#1314 = ORIENTED_EDGE ( 'NONE', *, *, #1905, .T. ) ;
#1315 = VERTEX_POINT ( 'NONE', #1572 ) ;
#1316 = EDGE_CURVE ( 'NONE', #171, #1254, #1781, .T. ) ;
#1317 = VECTOR ( 'NONE', #623, 1000.000000000000000 ) ;
#1318 = EDGE_LOOP ( 'NONE', ( #2708, #141 ) ) ;
#1319 = CARTESIAN_POINT ( 'NONE',  ( -639.1881233437811716, 962.8151604516662019, 5.000000000000000000 ) ) ;
#1320 = DIRECTION ( 'NONE',  ( 0.000000000000000000, -1.000000000000000000, 0.000000000000000000 ) ) ;
#1321 = CARTESIAN_POINT ( 'NONE',  ( -576.6881233438613208, 924.2151604516609495, 40.00000000000000000 ) ) ;
#1322 = LINE ( 'NONE', #2004, #1151 ) ;
#1323 = CYLINDRICAL_SURFACE ( 'NONE', #1413, 1.499999999999970024 ) ;
#1324 = VECTOR ( 'NONE', #2419, 1000.000000000000000 ) ;
#1325 = LINE ( 'NONE', #2704, #592 ) ;
#1326 = ORIENTED_EDGE ( 'NONE', *, *, #1088, .T. ) ;
#1327 = EDGE_CURVE ( 'NONE', #869, #72, #1736, .T. ) ;
#1328 = CIRCLE ( 'NONE', #1187, 64.99999999999994316 ) ;
#1329 = VERTEX_POINT ( 'NONE', #665 ) ;
#1330 = AXIS2_PLACEMENT_3D ( 'NONE', #447, #2278, #2244 ) ;
#1331 = ORIENTED_EDGE ( 'NONE', *, *, #2182, .F. ) ;
#1332 = DIRECTION ( 'NONE',  ( -1.000000000000000000, 0.000000000000000000, 0.000000000000000000 ) ) ;
#1333 = EDGE_CURVE ( 'NONE', #179, #974, #602, .T. ) ;
#1334 = CARTESIAN_POINT ( 'NONE',  ( -774.2118497436447342, 904.3151604516571069, 35.00000000000000000 ) ) ;
#1335 = LINE ( 'NONE', #2240, #2243 ) ;
#1336 = EDGE_LOOP ( 'NONE', ( #2662, #2869, #2891, #2787, #1079 ) ) ;
#1337 = DIRECTION ( 'NONE',  ( -0.000000000000000000, -0.000000000000000000, 1.000000000000000000 ) ) ;
#1338 = CARTESIAN_POINT ( 'NONE',  ( -686.6881233438663230, 829.2151604516614043, 13.24752059641731705 ) ) ;
#1339 = DIRECTION ( 'NONE',  ( -0.7961621941324713569, 0.6050832675212306500, -0.000000000000000000 ) ) ;
#1340 = DIRECTION ( 'NONE',  ( -1.000000000000000000, 0.000000000000000000, 0.000000000000000000 ) ) ;
#1341 = VECTOR ( 'NONE', #2205, 1000.000000000000000 ) ;
#1342 = VECTOR ( 'NONE', #2268, 1000.000000000000000 ) ;
#1343 = PLANE ( 'NONE',  #373 ) ;
#1344 = VERTEX_POINT ( 'NONE', #618 ) ;
#1345 = ORIENTED_EDGE ( 'NONE', *, *, #86, .T. ) ;
#1346 = EDGE_CURVE ( 'NONE', #167, #1820, #1308, .T. ) ;
#1347 = VERTEX_POINT ( 'NONE', #2203 ) ;
#1348 = FACE_OUTER_BOUND ( 'NONE', #2166, .T. ) ;
#1349 = CARTESIAN_POINT ( 'NONE',  ( -731.5381233437799438, 962.8151604516662019, 5.000000000000000000 ) ) ;
#1350 = DIRECTION ( 'NONE',  ( -0.000000000000000000, -1.000000000000000000, -0.000000000000000000 ) ) ;
#1351 = EDGE_CURVE ( 'NONE', #289, #103, #834, .T. ) ;
#1352 = DIRECTION ( 'NONE',  ( -0.000000000000000000, -0.000000000000000000, -1.000000000000000000 ) ) ;
#1353 = DIRECTION ( 'NONE',  ( 0.000000000000000000, 0.000000000000000000, 1.000000000000000000 ) ) ;
#1354 = VECTOR ( 'NONE', #2171, 1000.000000000000000 ) ;
#1355 = CARTESIAN_POINT ( 'NONE',  ( -641.0344546965593509, 829.2184473247691585, 5.000000000000000000 ) ) ;
#1356 = DIRECTION ( 'NONE',  ( -1.000000000000000000, 0.000000000000000000, 0.000000000000000000 ) ) ;
#1357 = ORIENTED_EDGE ( 'NONE', *, *, #1084, .T. ) ;
#1358 = ORIENTED_EDGE ( 'NONE', *, *, #1739, .T. ) ;
#1359 = DIRECTION ( 'NONE',  ( 0.000000000000000000, 0.000000000000000000, 1.000000000000000000 ) ) ;
#1360 = AXIS2_PLACEMENT_3D ( 'NONE', #2231, #149, #2008 ) ;
#1361 = DIRECTION ( 'NONE',  ( 0.000000000000000000, 0.000000000000000000, -1.000000000000000000 ) ) ;
#1362 = CARTESIAN_POINT ( 'NONE',  ( -791.6881233438613208, 915.2151604516612906, 11.99999999999987033 ) ) ;
#1363 = EDGE_CURVE ( 'NONE', #613, #733, #1526, .T. ) ;
#1364 = DIRECTION ( 'NONE',  ( -1.000000000000000000, 0.000000000000000000, 0.000000000000000000 ) ) ;
#1365 = ADVANCED_FACE ( 'NONE', ( #380 ), #1068, .F. ) ;
#1366 = LINE ( 'NONE', #1157, #394 ) ;
#1367 = FACE_OUTER_BOUND ( 'NONE', #2828, .T. ) ;
#1368 = VECTOR ( 'NONE', #813, 1000.000000000000000 ) ;
#1369 = ORIENTED_EDGE ( 'NONE', *, *, #752, .T. ) ;
#1370 = AXIS2_PLACEMENT_3D ( 'NONE', #2523, #2068, #1602 ) ;
#1371 = VERTEX_POINT ( 'NONE', #2475 ) ;
#1372 = DIRECTION ( 'NONE',  ( 0.000000000000000000, 0.000000000000000000, -1.000000000000000000 ) ) ;
#1373 = LINE ( 'NONE', #1149, #421 ) ;
#1374 = AXIS2_PLACEMENT_3D ( 'NONE', #2137, #2638, #355 ) ;
#1375 = CIRCLE ( 'NONE', #90, 2.650000000000041211 ) ;
#1376 = DIRECTION ( 'NONE',  ( 1.000000000000000000, -0.000000000000000000, -0.000000000000000000 ) ) ;
#1377 = EDGE_CURVE ( 'NONE', #2418, #2077, #415, .T. ) ;
#1378 = VERTEX_POINT ( 'NONE', #2888 ) ;
#1379 = EDGE_LOOP ( 'NONE', ( #796, #1993, #2738, #2818, #1223, #1943, #118, #1847 ) ) ;
#1380 = VECTOR ( 'NONE', #762, 1000.000000000000000 ) ;
#1381 = VECTOR ( 'NONE', #1839, 1000.000000000000000 ) ;
#1382 = EDGE_LOOP ( 'NONE', ( #2065, #2161, #1226, #249 ) ) ;
#1383 = CARTESIAN_POINT ( 'NONE',  ( -734.1881233438608660, 977.3151604516610860, 5.000000000000000000 ) ) ;
#1384 = DIRECTION ( 'NONE',  ( 0.000000000000000000, 0.000000000000000000, 1.000000000000000000 ) ) ;
#1385 = CARTESIAN_POINT ( 'NONE',  ( -734.1881233438608660, 948.3151604516663156, 0.000000000000000000 ) ) ;
#1386 = DIRECTION ( 'NONE',  ( -0.000000000000000000, -1.000000000000000000, -0.000000000000000000 ) ) ;
#1387 = AXIS2_PLACEMENT_3D ( 'NONE', #1873, #787, #2841 ) ;
#1388 = ORIENTED_EDGE ( 'NONE', *, *, #2824, .T. ) ;
#1389 = AXIS2_PLACEMENT_3D ( 'NONE', #1174, #698, #2069 ) ;
#1390 = ADVANCED_FACE ( 'NONE', ( #205 ), #1124, .T. ) ;
#1391 = EDGE_LOOP ( 'NONE', ( #1049, #925, #2018, #2222 ) ) ;
#1392 = EDGE_CURVE ( 'NONE', #2697, #1315, #2675, .T. ) ;
#1393 = CARTESIAN_POINT ( 'NONE',  ( -791.6881233438613208, 903.2151604516620864, 28.00000000000056488 ) ) ;
#1394 = DIRECTION ( 'NONE',  ( -0.000000000000000000, -0.000000000000000000, -1.000000000000000000 ) ) ;
#1395 = LINE ( 'NONE', #1620, #151 ) ;
#1396 = ORIENTED_EDGE ( 'NONE', *, *, #1186, .F. ) ;
#1397 = VECTOR ( 'NONE', #125, 1000.000000000000000 ) ;
#1398 = DIRECTION ( 'NONE',  ( -0.000000000000000000, -1.000000000000000000, -0.000000000000000000 ) ) ;
#1399 = ORIENTED_EDGE ( 'NONE', *, *, #2589, .T. ) ;
#1400 = DIRECTION ( 'NONE',  ( -0.5036999084910243063, -0.8638786964534627133, -0.000000000000000000 ) ) ;
#1401 = ORIENTED_EDGE ( 'NONE', *, *, #2907, .F. ) ;
#1402 = EDGE_CURVE ( 'NONE', #1014, #1130, #1784, .T. ) ;
#1403 = VERTEX_POINT ( 'NONE', #178 ) ;
#1404 = CYLINDRICAL_SURFACE ( 'NONE', #1051, 2.550000000000052225 ) ;
#1405 = CARTESIAN_POINT ( 'NONE',  ( -599.1643969440772253, 904.3151604516566522, 5.000000000000000000 ) ) ;
#1406 = ORIENTED_EDGE ( 'NONE', *, *, #2066, .F. ) ;
#1407 = AXIS2_PLACEMENT_3D ( 'NONE', #720, #271, #258 ) ;
#1408 = PLANE ( 'NONE',  #2811 ) ;
#1409 = CIRCLE ( 'NONE', #1801, 2.650000000000041211 ) ;
#1410 = DIRECTION ( 'NONE',  ( -1.000000000000000000, 0.000000000000000000, 0.000000000000000000 ) ) ;
#1411 = ORIENTED_EDGE ( 'NONE', *, *, #1484, .T. ) ;
#1412 = VECTOR ( 'NONE', #2097, 1000.000000000000000 ) ;
#1413 = AXIS2_PLACEMENT_3D ( 'NONE', #1307, #895, #1780 ) ;
#1414 = CARTESIAN_POINT ( 'NONE',  ( -576.6881233438613208, 901.2151604516615180, 16.55000000000039506 ) ) ;
#1415 = DIRECTION ( 'NONE',  ( -0.000000000000000000, -1.000000000000000000, -0.000000000000000000 ) ) ;
#1416 = ORIENTED_EDGE ( 'NONE', *, *, #2027, .F. ) ;
#1417 = LINE ( 'NONE', #2400, #442 ) ;
#1418 = ORIENTED_EDGE ( 'NONE', *, *, #2781, .T. ) ;
#1419 = CARTESIAN_POINT ( 'NONE',  ( -774.2118497436447342, 904.3151604516571069, 35.00000000000000000 ) ) ;
#1420 = DIRECTION ( 'NONE',  ( 0.000000000000000000, 0.000000000000000000, 1.000000000000000000 ) ) ;
#1421 = ORIENTED_EDGE ( 'NONE', *, *, #1982, .T. ) ;
#1422 = ADVANCED_FACE ( 'NONE', ( #400 ), #2234, .F. ) ;
#1423 = AXIS2_PLACEMENT_3D ( 'NONE', #2734, #252, #206 ) ;
#1424 = VECTOR ( 'NONE', #82, 1000.000000000000000 ) ;
#1425 = EDGE_LOOP ( 'NONE', ( #2323, #1587 ) ) ;
#1426 = CIRCLE ( 'NONE', #47, 2.549999999999986500 ) ;
#1427 = FACE_OUTER_BOUND ( 'NONE', #2926, .T. ) ;
#1428 = CARTESIAN_POINT ( 'NONE',  ( -641.6881233438617755, 979.2151604516614043, 5.000000000000000000 ) ) ;
#1429 = EDGE_CURVE ( 'NONE', #1546, #33, #1828, .T. ) ;
#1430 = EDGE_CURVE ( 'NONE', #2930, #1743, #1325, .T. ) ;
#1431 = DIRECTION ( 'NONE',  ( 0.000000000000000000, -1.000000000000000000, 0.000000000000000000 ) ) ;
#1432 = DIRECTION ( 'NONE',  ( -0.000000000000000000, -0.000000000000000000, -1.000000000000000000 ) ) ;
#1433 = ORIENTED_EDGE ( 'NONE', *, *, #958, .F. ) ;
#1434 = EDGE_CURVE ( 'NONE', #1546, #1517, #1752, .T. ) ;
#1435 = ORIENTED_EDGE ( 'NONE', *, *, #2528, .F. ) ;
#1436 = DIRECTION ( 'NONE',  ( 1.000000000000000000, 0.000000000000000000, 0.000000000000000000 ) ) ;
#1437 = PLANE ( 'NONE',  #781 ) ;
#1438 = VERTEX_POINT ( 'NONE', #2010 ) ;
#1439 = CIRCLE ( 'NONE', #2106, 64.99999999999994316 ) ;
#1440 = ORIENTED_EDGE ( 'NONE', *, *, #788, .F. ) ;
#1441 = DIRECTION ( 'NONE',  ( 0.000000000000000000, 0.000000000000000000, 1.000000000000000000 ) ) ;
#1442 = DIRECTION ( 'NONE',  ( 1.000000000000000000, -0.000000000000000000, -0.000000000000000000 ) ) ;
#1443 = EDGE_CURVE ( 'NONE', #167, #2062, #124, .T. ) ;
#1444 = CARTESIAN_POINT ( 'NONE',  ( -651.0344546965594645, 811.1874040743415435, 37.50000000000000000 ) ) ;
#1445 = FACE_OUTER_BOUND ( 'NONE', #2140, .T. ) ;
#1446 = DIRECTION ( 'NONE',  ( 1.000000000000000000, 0.000000000000000000, 0.000000000000000000 ) ) ;
#1447 = CARTESIAN_POINT ( 'NONE',  ( -576.6881233438613208, 894.2151604516614043, 5.000000000000000000 ) ) ;
#1448 = AXIS2_PLACEMENT_3D ( 'NONE', #1961, #1737, #1751 ) ;
#1449 = EDGE_CURVE ( 'NONE', #655, #1546, #732, .T. ) ;
#1450 = ORIENTED_EDGE ( 'NONE', *, *, #2726, .T. ) ;
#1451 = CARTESIAN_POINT ( 'NONE',  ( -576.6881233438613208, 903.2151604516620864, 28.00000000000056488 ) ) ;
#1452 = AXIS2_PLACEMENT_3D ( 'NONE', #2096, #1647, #512 ) ;
#1453 = ORIENTED_EDGE ( 'NONE', *, *, #1683, .F. ) ;
#1454 = EDGE_LOOP ( 'NONE', ( #740, #930 ) ) ;
#1455 = DIRECTION ( 'NONE',  ( -0.000000000000000000, -1.000000000000000000, -0.000000000000000000 ) ) ;
#1456 = CYLINDRICAL_SURFACE ( 'NONE', #1574, 64.99999999999994316 ) ;
#1457 = CARTESIAN_POINT ( 'NONE',  ( -737.3417919911629497, 847.8375698014356203, 40.00000000000000000 ) ) ;
#1458 = CARTESIAN_POINT ( 'NONE',  ( -791.6881233438613208, 903.2151604516620864, 28.00000000000056488 ) ) ;
#1459 = CIRCLE ( 'NONE', #942, 1.499999999999970024 ) ;
#1460 = CIRCLE ( 'NONE', #1837, 2.549999999999996714 ) ;
#1461 = DIRECTION ( 'NONE',  ( 0.5036999084910241953, 0.8638786964534626023, 0.000000000000000000 ) ) ;
#1462 = CYLINDRICAL_SURFACE ( 'NONE', #777, 20.00000000000001776 ) ;
#1463 = ADVANCED_FACE ( 'NONE', ( #385 ), #2220, .T. ) ;
#1464 = CIRCLE ( 'NONE', #1374, 2.650000000000041211 ) ;
#1465 = VERTEX_POINT ( 'NONE', #1991 ) ;
#1466 = EDGE_CURVE ( 'NONE', #2090, #359, #2462, .T. ) ;
#1467 = ORIENTED_EDGE ( 'NONE', *, *, #2461, .F. ) ;
#1468 = CARTESIAN_POINT ( 'NONE',  ( -773.8959167827790679, 884.3151604516569932, 40.00000000000000000 ) ) ;
#1469 = FACE_OUTER_BOUND ( 'NONE', #1058, .T. ) ;
#1470 = ORIENTED_EDGE ( 'NONE', *, *, #1363, .F. ) ;
#1471 = CARTESIAN_POINT ( 'NONE',  ( -581.6881233438613208, 901.2151604516615180, 14.00000000000048850 ) ) ;
#1472 = CARTESIAN_POINT ( 'NONE',  ( -774.2118497436447342, 904.3151604516571069, 40.00000000000000000 ) ) ;
#1473 = EDGE_LOOP ( 'NONE', ( #471, #2684, #1421, #1931, #717 ) ) ;
#1474 = LINE ( 'NONE', #1046, #2287 ) ;
#1475 = DIRECTION ( 'NONE',  ( 1.000000000000000000, 0.000000000000000000, 0.000000000000000000 ) ) ;
#1476 = CARTESIAN_POINT ( 'NONE',  ( -576.6881233438613208, 901.2151604516615180, 14.00000000000048850 ) ) ;
#1477 = CIRCLE ( 'NONE', #2490, 2.550000000000052225 ) ;
#1478 = DIRECTION ( 'NONE',  ( -0.000000000000000000, -0.000000000000000000, -1.000000000000000000 ) ) ;
#1479 = CARTESIAN_POINT ( 'NONE',  ( -752.3417919911629497, 943.7927511018870064, 40.00000000000000000 ) ) ;
#1480 = CARTESIAN_POINT ( 'NONE',  ( -601.7143969440772935, 904.3151604516566522, 35.00000000000000000 ) ) ;
#1481 = VERTEX_POINT ( 'NONE', #2909 ) ;
#1482 = CARTESIAN_POINT ( 'NONE',  ( -694.6881233438593881, 829.2151604516614043, 19.74752059642042568 ) ) ;
#1483 = ORIENTED_EDGE ( 'NONE', *, *, #2629, .F. ) ;
#1484 = EDGE_CURVE ( 'NONE', #2252, #1481, #899, .T. ) ;
#1485 = EDGE_CURVE ( 'NONE', #1800, #869, #234, .T. ) ;
#1486 = DIRECTION ( 'NONE',  ( 0.000000000000000000, 0.000000000000000000, -1.000000000000000000 ) ) ;
#1487 = ORIENTED_EDGE ( 'NONE', *, *, #2952, .T. ) ;
#1488 = DIRECTION ( 'NONE',  ( 0.000000000000000000, 0.000000000000000000, -1.000000000000000000 ) ) ;
#1489 = VECTOR ( 'NONE', #795, 1000.000000000000000 ) ;
#1490 = ORIENTED_EDGE ( 'NONE', *, *, #202, .T. ) ;
#1491 = DIRECTION ( 'NONE',  ( 0.000000000000000000, 0.000000000000000000, -1.000000000000000000 ) ) ;
#1493 = LINE ( 'NONE', #353, #952 ) ;
#1492 = AXIS2_PLACEMENT_3D ( 'NONE', #2370, #2389, #1631 ) ;
#1494 = CARTESIAN_POINT ( 'NONE',  ( -581.6881233438613208, 917.2151604516620864, 26.00000000000002132 ) ) ;
#1495 = CARTESIAN_POINT ( 'NONE',  ( -773.8959167827790679, 884.3151604516569932, 35.00000000000000000 ) ) ;
#1496 = DIRECTION ( 'NONE',  ( 0.000000000000000000, 0.000000000000000000, -1.000000000000000000 ) ) ;
#1497 = AXIS2_PLACEMENT_3D ( 'NONE', #2723, #1513, #2043 ) ;
#1498 = LINE ( 'NONE', #820, #19 ) ;
#1499 = ORIENTED_EDGE ( 'NONE', *, *, #804, .F. ) ;
#1500 = VERTEX_POINT ( 'NONE', #2504 ) ;
#1501 = CARTESIAN_POINT ( 'NONE',  ( -773.8959167827790679, 884.3151604516569932, 35.00000000000000000 ) ) ;
#1502 = EDGE_CURVE ( 'NONE', #1578, #1863, #1366, .T. ) ;
#1503 = ORIENTED_EDGE ( 'NONE', *, *, #2085, .T. ) ;
#1504 = DIRECTION ( 'NONE',  ( 0.000000000000000000, 0.000000000000000000, 1.000000000000000000 ) ) ;
#1505 = FACE_OUTER_BOUND ( 'NONE', #1677, .T. ) ;
#1506 = ORIENTED_EDGE ( 'NONE', *, *, #1310, .F. ) ;
#1507 = AXIS2_PLACEMENT_3D ( 'NONE', #1334, #1303, #2225 ) ;
#1508 = FACE_OUTER_BOUND ( 'NONE', #2318, .T. ) ;
#1509 = CARTESIAN_POINT ( 'NONE',  ( -639.1881233438608660, 948.3151604516710904, 5.000000000000000000 ) ) ;
#1510 = FACE_OUTER_BOUND ( 'NONE', #155, .T. ) ;
#1511 = VECTOR ( 'NONE', #1819, 1000.000000000000000 ) ;
#1512 = CARTESIAN_POINT ( 'NONE',  ( -581.6881233438613208, 903.2151604516620864, 25.45000000000057838 ) ) ;
#1513 = DIRECTION ( 'NONE',  ( -1.000000000000000000, 0.000000000000000000, 0.000000000000000000 ) ) ;
#1514 = AXIS2_PLACEMENT_3D ( 'NONE', #1393, #67, #984 ) ;
#1515 = ORIENTED_EDGE ( 'NONE', *, *, #2219, .F. ) ;
#1516 = CARTESIAN_POINT ( 'NONE',  ( -581.6881233438613208, 901.2151604516615180, 11.45000000000058371 ) ) ;
#1517 = VERTEX_POINT ( 'NONE', #1227 ) ;
#1518 = ORIENTED_EDGE ( 'NONE', *, *, #2119, .T. ) ;
#1519 = DIRECTION ( 'NONE',  ( 0.000000000000000000, 0.000000000000000000, -1.000000000000000000 ) ) ;
#1520 = PLANE ( 'NONE',  #1695 ) ;
#1521 = LINE ( 'NONE', #1761, #2384 ) ;
#1522 = ORIENTED_EDGE ( 'NONE', *, *, #1523, .F. ) ;
#1523 = EDGE_CURVE ( 'NONE', #1261, #2354, #107, .T. ) ;
#1524 = CARTESIAN_POINT ( 'NONE',  ( -774.2118497436447342, 904.3151604516571069, 35.00000000000000000 ) ) ;
#1525 = FACE_OUTER_BOUND ( 'NONE', #1978, .T. ) ;
#1526 = LINE ( 'NONE', #2443, #1868 ) ;
#1527 = CARTESIAN_POINT ( 'NONE',  ( -773.8959167827790679, 884.3151604516569932, 0.000000000000000000 ) ) ;
#1528 = DIRECTION ( 'NONE',  ( 1.000000000000000000, 0.000000000000000000, 0.000000000000000000 ) ) ;
#1529 = DIRECTION ( 'NONE',  ( 1.000000000000000000, -0.000000000000000000, -0.000000000000000000 ) ) ;
#1530 = CARTESIAN_POINT ( 'NONE',  ( -686.6881233438663230, 832.2151604516614043, 13.24752059641731705 ) ) ;
#1531 = ORIENTED_EDGE ( 'NONE', *, *, #648, .F. ) ;
#1532 = FACE_OUTER_BOUND ( 'NONE', #1076, .T. ) ;
#1533 = ORIENTED_EDGE ( 'NONE', *, *, #297, .F. ) ;
#1534 = ORIENTED_EDGE ( 'NONE', *, *, #1123, .F. ) ;
#1535 = FACE_BOUND ( 'NONE', #2635, .T. ) ;
#1536 = DIRECTION ( 'NONE',  ( -0.7961621941324713569, 0.6050832675212306500, -0.000000000000000000 ) ) ;
#1537 = DIRECTION ( 'NONE',  ( -0.000000000000000000, -0.000000000000000000, -1.000000000000000000 ) ) ;
#1538 = VERTEX_POINT ( 'NONE', #1009 ) ;
#1539 = AXIS2_PLACEMENT_3D ( 'NONE', #2413, #1432, #356 ) ;
#1540 = CIRCLE ( 'NONE', #2778, 2.549999999999930989 ) ;
#1541 = DIRECTION ( 'NONE',  ( -1.000000000000000000, -0.000000000000000000, -0.000000000000000000 ) ) ;
#1542 = FACE_OUTER_BOUND ( 'NONE', #1206, .T. ) ;
#1543 = EDGE_CURVE ( 'NONE', #2227, #1682, #91, .T. ) ;
#1544 = DIRECTION ( 'NONE',  ( 0.000000000000000000, 0.000000000000000000, 1.000000000000000000 ) ) ;
#1545 = CYLINDRICAL_SURFACE ( 'NONE', #534, 2.549999999999996714 ) ;
#1546 = VERTEX_POINT ( 'NONE', #1947 ) ;
#1547 = ORIENTED_EDGE ( 'NONE', *, *, #146, .T. ) ;
#1548 = VERTEX_POINT ( 'NONE', #1917 ) ;
#1549 = DIRECTION ( 'NONE',  ( 1.000000000000000000, 0.000000000000000000, -0.000000000000000000 ) ) ;
#1550 = CARTESIAN_POINT ( 'NONE',  ( -628.6881233438609797, 945.3151604516609723, 5.000000000000000000 ) ) ;
#1551 = DIRECTION ( 'NONE',  ( 0.7961621941324712459, -0.6050832675212306500, 0.000000000000000000 ) ) ;
#1552 = EDGE_LOOP ( 'NONE', ( #1966, #210, #510, #2772 ) ) ;
#1553 = ORIENTED_EDGE ( 'NONE', *, *, #1899, .T. ) ;
#1554 = CARTESIAN_POINT ( 'NONE',  ( -791.6881233438613208, 915.2151604516612906, 11.99999999999987033 ) ) ;
#1555 = DIRECTION ( 'NONE',  ( 1.000000000000000000, 0.000000000000000000, 0.000000000000000000 ) ) ;
#1556 = DIRECTION ( 'NONE',  ( -0.000000000000000000, -0.000000000000000000, -1.000000000000000000 ) ) ;
#1557 = DIRECTION ( 'NONE',  ( 1.000000000000000000, 0.000000000000000000, 0.000000000000000000 ) ) ;
#1558 = EDGE_CURVE ( 'NONE', #2033, #2930, #1133, .T. ) ;
#1559 = CARTESIAN_POINT ( 'NONE',  ( -791.6881233438613208, 915.2151604516612906, 11.99999999999987033 ) ) ;
#1560 = CARTESIAN_POINT ( 'NONE',  ( -641.6881233438613208, 894.2151604516614043, 5.000000000000000000 ) ) ;
#1561 = AXIS2_PLACEMENT_3D ( 'NONE', #115, #1035, #1938 ) ;
#1562 = EDGE_CURVE ( 'NONE', #2680, #2507, #1090, .T. ) ;
#1563 = EDGE_LOOP ( 'NONE', ( #1862, #1135, #401, #670, #1416 ) ) ;
#1564 = VECTOR ( 'NONE', #2526, 1000.000000000000000 ) ;
#1565 = ORIENTED_EDGE ( 'NONE', *, *, #2054, .F. ) ;
#1566 = DIRECTION ( 'NONE',  ( 0.000000000000000000, 0.000000000000000000, 1.000000000000000000 ) ) ;
#1567 = DIRECTION ( 'NONE',  ( 0.000000000000000000, 0.000000000000000000, 1.000000000000000000 ) ) ;
#1568 = CARTESIAN_POINT ( 'NONE',  ( -581.6881233438613208, 915.2151604516612906, 14.54999999999987814 ) ) ;
#1569 = EDGE_LOOP ( 'NONE', ( #1470, #672, #2394, #65 ) ) ;
#1570 = CARTESIAN_POINT ( 'NONE',  ( -744.6881233438607524, 945.3151604516613133, 5.000000000000000000 ) ) ;
#1571 = DIRECTION ( 'NONE',  ( -0.000000000000000000, -0.000000000000000000, -1.000000000000000000 ) ) ;
#1572 = CARTESIAN_POINT ( 'NONE',  ( -621.0344546965593509, 862.8375698014351656, 40.00000000000000000 ) ) ;
#1573 = VECTOR ( 'NONE', #1119, 1000.000000000000000 ) ;
#1574 = AXIS2_PLACEMENT_3D ( 'NONE', #1200, #2393, #1886 ) ;
#1575 = CIRCLE ( 'NONE', #330, 1.499999999999966693 ) ;
#1576 = VECTOR ( 'NONE', #2503, 1000.000000000000000 ) ;
#1577 = ORIENTED_EDGE ( 'NONE', *, *, #1711, .F. ) ;
#1578 = VERTEX_POINT ( 'NONE', #1272 ) ;
#1579 = EDGE_CURVE ( 'NONE', #1305, #1104, #2832, .T. ) ;
#1580 = ORIENTED_EDGE ( 'NONE', *, *, #549, .T. ) ;
#1581 = CARTESIAN_POINT ( 'NONE',  ( -596.6143969440771571, 904.3151604516566522, 35.00000000000000000 ) ) ;
#1582 = ADVANCED_FACE ( 'NONE', ( #2646 ), #593, .T. ) ;
#1583 = LINE ( 'NONE', #2472, #187 ) ;
#1584 = FACE_OUTER_BOUND ( 'NONE', #120, .T. ) ;
#1585 = DIRECTION ( 'NONE',  ( 0.000000000000000000, 1.000000000000000000, 0.000000000000000000 ) ) ;
#1586 = DIRECTION ( 'NONE',  ( 0.000000000000000000, 0.000000000000000000, 1.000000000000000000 ) ) ;
#1587 = ORIENTED_EDGE ( 'NONE', *, *, #713, .T. ) ;
#1588 = ORIENTED_EDGE ( 'NONE', *, *, #1099, .T. ) ;
#1589 = DIRECTION ( 'NONE',  ( 0.000000000000000000, 0.000000000000000000, 1.000000000000000000 ) ) ;
#1590 = ORIENTED_EDGE ( 'NONE', *, *, #1970, .F. ) ;
#1591 = VECTOR ( 'NONE', #433, 1000.000000000000000 ) ;
#1592 = DIRECTION ( 'NONE',  ( 0.000000000000000000, 0.000000000000000000, 1.000000000000000000 ) ) ;
#1593 = CARTESIAN_POINT ( 'NONE',  ( -621.0344546965593509, 943.7927511018867790, 40.00000000000000000 ) ) ;
#1594 = ORIENTED_EDGE ( 'NONE', *, *, #2326, .T. ) ;
#1595 = EDGE_CURVE ( 'NONE', #2350, #2385, #2786, .T. ) ;
#1596 = CARTESIAN_POINT ( 'NONE',  ( -639.1881233438608660, 945.3151604516609723, 5.000000000000000000 ) ) ;
#1597 = EDGE_CURVE ( 'NONE', #836, #37, #1927, .T. ) ;
#1598 = DIRECTION ( 'NONE',  ( 1.000000000000000000, 0.000000000000000000, 0.000000000000000000 ) ) ;
#1599 = CIRCLE ( 'NONE', #29, 2.550000000000006928 ) ;
#1600 = ORIENTED_EDGE ( 'NONE', *, *, #2752, .F. ) ;
#1601 = FACE_OUTER_BOUND ( 'NONE', #2207, .T. ) ;
#1602 = DIRECTION ( 'NONE',  ( -1.000000000000000000, 0.000000000000000000, 0.000000000000000000 ) ) ;
#1603 = LINE ( 'NONE', #689, #2630 ) ;
#1604 = ORIENTED_EDGE ( 'NONE', *, *, #2819, .T. ) ;
#1605 = AXIS2_PLACEMENT_3D ( 'NONE', #1250, #584, #1685 ) ;
#1606 = EDGE_CURVE ( 'NONE', #868, #1008, #1498, .T. ) ;
#1607 = VECTOR ( 'NONE', #119, 1000.000000000000000 ) ;
#1608 = LINE ( 'NONE', #250, #661 ) ;
#1609 = EDGE_CURVE ( 'NONE', #359, #1907, #1687, .T. ) ;
#1610 = DIRECTION ( 'NONE',  ( 0.000000000000000000, 0.000000000000000000, -1.000000000000000000 ) ) ;
#1611 = ADVANCED_FACE ( 'NONE', ( #2674 ), #1704, .T. ) ;
#1612 = ORIENTED_EDGE ( 'NONE', *, *, #2667, .T. ) ;
#1613 = EDGE_LOOP ( 'NONE', ( #2320, #2340, #2045, #481 ) ) ;
#1614 = CIRCLE ( 'NONE', #2091, 64.99999999999994316 ) ;
#1615 = AXIS2_PLACEMENT_3D ( 'NONE', #682, #232, #1610 ) ;
#1616 = EDGE_CURVE ( 'NONE', #2930, #2033, #2271, .T. ) ;
#1617 = ORIENTED_EDGE ( 'NONE', *, *, #1597, .T. ) ;
#1618 = CARTESIAN_POINT ( 'NONE',  ( -641.6881233438613208, 894.2151604516614043, 5.000000000000000000 ) ) ;
#1619 = CARTESIAN_POINT ( 'NONE',  ( -641.6881233438613208, 894.2151604516614043, 5.000000000000000000 ) ) ;
#1620 = CARTESIAN_POINT ( 'NONE',  ( -686.6881233438663230, 832.2151604516614043, 14.74752059641728685 ) ) ;
#1621 = ORIENTED_EDGE ( 'NONE', *, *, #334, .T. ) ;
#1622 = CARTESIAN_POINT ( 'NONE',  ( -686.6881233438565459, 829.2151604516614043, 27.74752059641358670 ) ) ;
#1623 = LINE ( 'NONE', #1126, #1342 ) ;
#1624 = LINE ( 'NONE', #265, #199 ) ;
#1625 = EDGE_CURVE ( 'NONE', #2334, #1578, #1614, .T. ) ;
#1626 = ORIENTED_EDGE ( 'NONE', *, *, #669, .F. ) ;
#1627 = CIRCLE ( 'NONE', #2063, 2.550000000000052225 ) ;
#1628 = AXIS2_PLACEMENT_3D ( 'NONE', #767, #790, #1021 ) ;
#1629 = EDGE_CURVE ( 'NONE', #2581, #171, #2175, .T. ) ;
#1630 = CARTESIAN_POINT ( 'NONE',  ( -796.6881233438613208, 917.2151604516620864, 28.54999999999995453 ) ) ;
#1631 = DIRECTION ( 'NONE',  ( -1.000000000000000000, 0.000000000000000000, 0.000000000000000000 ) ) ;
#1632 = ORIENTED_EDGE ( 'NONE', *, *, #1639, .T. ) ;
#1633 = AXIS2_PLACEMENT_3D ( 'NONE', #1086, #865, #1783 ) ;
#1634 = DIRECTION ( 'NONE',  ( 1.000000000000000000, 0.000000000000000000, -0.000000000000000000 ) ) ;
#1635 = CARTESIAN_POINT ( 'NONE',  ( -774.2118497436447342, 904.3151604516571069, 35.00000000000000000 ) ) ;
#1636 = CARTESIAN_POINT ( 'NONE',  ( -731.6881233438608660, 979.2151604516614043, 0.000000000000000000 ) ) ;
#1637 = CARTESIAN_POINT ( 'NONE',  ( -694.6881233438593881, 832.2151604516614043, 21.24752059642039015 ) ) ;
#1638 = ORIENTED_EDGE ( 'NONE', *, *, #2041, .T. ) ;
#1639 = EDGE_CURVE ( 'NONE', #2697, #1682, #604, .T. ) ;
#1640 = CARTESIAN_POINT ( 'NONE',  ( -694.6881233438593881, 832.2151604516614043, 19.74752059642042568 ) ) ;
#1641 = ORIENTED_EDGE ( 'NONE', *, *, #2444, .F. ) ;
#1642 = ADVANCED_FACE ( 'NONE', ( #1085 ), #1977, .T. ) ;
#1643 = CIRCLE ( 'NONE', #403, 2.549999999999906564 ) ;
#1644 = CARTESIAN_POINT ( 'NONE',  ( -796.6881233438613208, 903.2151604516620864, 28.00000000000056488 ) ) ;
#1645 = CYLINDRICAL_SURFACE ( 'NONE', #1778, 2.549999999999906564 ) ;
#1646 = VERTEX_POINT ( 'NONE', #1172 ) ;
#1647 = DIRECTION ( 'NONE',  ( 1.000000000000000000, 0.000000000000000000, 0.000000000000000000 ) ) ;
#1648 = VECTOR ( 'NONE', #2669, 1000.000000000000000 ) ;
#1649 = DIRECTION ( 'NONE',  ( 0.000000000000000000, 0.000000000000000000, 1.000000000000000000 ) ) ;
#1650 = FACE_OUTER_BOUND ( 'NONE', #1116, .T. ) ;
#1651 = CIRCLE ( 'NONE', #505, 14.49999999999507239 ) ;
#1652 = CARTESIAN_POINT ( 'NONE',  ( -694.6881233438593881, 829.2151604516614043, 21.24752059642039015 ) ) ;
#1653 = DIRECTION ( 'NONE',  ( -1.000000000000000000, 0.000000000000000000, 0.000000000000000000 ) ) ;
#1654 = VERTEX_POINT ( 'NONE', #1252 ) ;
#1655 = DIRECTION ( 'NONE',  ( 1.000000000000000000, 0.000000000000000000, 0.000000000000000000 ) ) ;
#1656 = ORIENTED_EDGE ( 'NONE', *, *, #2219, .T. ) ;
#1657 = AXIS2_PLACEMENT_3D ( 'NONE', #1476, #94, #548 ) ;
#1658 = EDGE_LOOP ( 'NONE', ( #1612, #83 ) ) ;
#1659 = DIRECTION ( 'NONE',  ( 0.000000000000000000, 0.000000000000000000, -1.000000000000000000 ) ) ;
#1660 = CARTESIAN_POINT ( 'NONE',  ( -791.6881233438613208, 901.2151604516615180, 14.00000000000048850 ) ) ;
#1661 = ORIENTED_EDGE ( 'NONE', *, *, #2515, .T. ) ;
#1662 = ADVANCED_FACE ( 'NONE', ( #1601 ), #2522, .T. ) ;
#1663 = CARTESIAN_POINT ( 'NONE',  ( -752.3417919911629497, 943.7927511018870064, 5.000000000000000000 ) ) ;
#1664 = AXIS2_PLACEMENT_3D ( 'NONE', #2505, #900, #624 ) ;
#1665 = ORIENTED_EDGE ( 'NONE', *, *, #962, .T. ) ;
#1666 = LINE ( 'NONE', #2618, #456 ) ;
#1667 = CARTESIAN_POINT ( 'NONE',  ( -686.6881233438663230, 832.2151604516614043, 13.24752059641731705 ) ) ;
#1668 = EDGE_CURVE ( 'NONE', #766, #2775, #257, .T. ) ;
#1669 = DIRECTION ( 'NONE',  ( -0.000000000000000000, -0.000000000000000000, -1.000000000000000000 ) ) ;
#1670 = FACE_OUTER_BOUND ( 'NONE', #1129, .T. ) ;
#1671 = FACE_OUTER_BOUND ( 'NONE', #1563, .T. ) ;
#1672 = EDGE_LOOP ( 'NONE', ( #270, #304, #1168, #238 ) ) ;
#1673 = CARTESIAN_POINT ( 'NONE',  ( -791.6881233438613208, 917.2151604516620864, 28.54999999999995453 ) ) ;
#1674 = ORIENTED_EDGE ( 'NONE', *, *, #1099, .F. ) ;
#1675 = ORIENTED_EDGE ( 'NONE', *, *, #2861, .F. ) ;
#1676 = CYLINDRICAL_SURFACE ( 'NONE', #2541, 1.499999999999970024 ) ;
#1677 = EDGE_LOOP ( 'NONE', ( #273, #2371, #2194, #2032, #2540 ) ) ;
#1678 = DIRECTION ( 'NONE',  ( 1.000000000000000000, 0.000000000000000000, 0.000000000000000000 ) ) ;
#1679 = EDGE_LOOP ( 'NONE', ( #1533, #1948, #2747, #464 ) ) ;
#1680 = ADVANCED_FACE ( 'NONE', ( #1182 ), #317, .F. ) ;
#1681 = DIRECTION ( 'NONE',  ( -0.000000000000000000, -0.000000000000000000, -1.000000000000000000 ) ) ;
#1682 = VERTEX_POINT ( 'NONE', #2739 ) ;
#1683 = EDGE_CURVE ( 'NONE', #1025, #1465, #687, .T. ) ;
#1684 = LINE ( 'NONE', #1893, #2046 ) ;
#1685 = DIRECTION ( 'NONE',  ( 1.000000000000000000, 0.000000000000000000, 0.000000000000000000 ) ) ;
#1686 = AXIS2_PLACEMENT_3D ( 'NONE', #681, #728, #220 ) ;
#1687 = CIRCLE ( 'NONE', #487, 64.99999999999994316 ) ;
#1688 = ORIENTED_EDGE ( 'NONE', *, *, #1921, .T. ) ;
#1689 = ORIENTED_EDGE ( 'NONE', *, *, #1169, .T. ) ;
#1690 = CARTESIAN_POINT ( 'NONE',  ( -686.6881233438565459, 832.2151604516614043, 29.24752059641355828 ) ) ;
#1691 = ORIENTED_EDGE ( 'NONE', *, *, #2500, .F. ) ;
#1692 = ORIENTED_EDGE ( 'NONE', *, *, #979, .T. ) ;
#1693 = CARTESIAN_POINT ( 'NONE',  ( -731.6881233438607524, 989.2151604516615180, 5.000000000000000000 ) ) ;
#1694 = CYLINDRICAL_SURFACE ( 'NONE', #2729, 2.550000000000052225 ) ;
#1695 = AXIS2_PLACEMENT_3D ( 'NONE', #1106, #1320, #1093 ) ;
#1696 = CIRCLE ( 'NONE', #1988, 2.550000000000052225 ) ;
#1697 = CARTESIAN_POINT ( 'NONE',  ( -641.6881233438617755, 979.2151604516614043, 0.000000000000000000 ) ) ;
#1698 = CARTESIAN_POINT ( 'NONE',  ( -602.0303299049429597, 884.3151604516565385, 35.00000000000000000 ) ) ;
#1699 = AXIS2_PLACEMENT_3D ( 'NONE', #673, #1359, #1054 ) ;
#1700 = EDGE_CURVE ( 'NONE', #1104, #1945, #2300, .T. ) ;
#1701 = ADVANCED_FACE ( 'NONE', ( #1001, #452 ), #2761, .T. ) ;
#1702 = ORIENTED_EDGE ( 'NONE', *, *, #1722, .F. ) ;
#1703 = DIRECTION ( 'NONE',  ( 0.000000000000000000, 1.000000000000000000, 0.000000000000000000 ) ) ;
#1704 = PLANE ( 'NONE',  #2168 ) ;
#1705 = CARTESIAN_POINT ( 'NONE',  ( -636.5381233437810806, 962.8151604516662019, 5.000000000000000000 ) ) ;
#1706 = EDGE_LOOP ( 'NONE', ( #1302, #1846, #1044, #523 ) ) ;
#1707 = DIRECTION ( 'NONE',  ( 0.000000000000000000, 0.000000000000000000, 1.000000000000000000 ) ) ;
#1708 = CARTESIAN_POINT ( 'NONE',  ( -731.6881233438608660, 979.2151604516614043, 5.000000000000000000 ) ) ;
#1709 = ORIENTED_EDGE ( 'NONE', *, *, #1606, .T. ) ;
#1710 = DIRECTION ( 'NONE',  ( 0.000000000000000000, 0.000000000000000000, -1.000000000000000000 ) ) ;
#1711 = EDGE_CURVE ( 'NONE', #1130, #1925, #2864, .T. ) ;
#1712 = ORIENTED_EDGE ( 'NONE', *, *, #1668, .F. ) ;
#1713 = VECTOR ( 'NONE', #2439, 1000.000000000000000 ) ;
#1714 = DIRECTION ( 'NONE',  ( 0.000000000000000000, 0.000000000000000000, 1.000000000000000000 ) ) ;
#1715 = CARTESIAN_POINT ( 'NONE',  ( -628.6881233438609797, 945.3151604516609723, 5.000000000000000000 ) ) ;
#1716 = ORIENTED_EDGE ( 'NONE', *, *, #1963, .T. ) ;
#1717 = VECTOR ( 'NONE', #2657, 1000.000000000000000 ) ;
#1718 = DIRECTION ( 'NONE',  ( 0.000000000000000000, 0.000000000000000000, 1.000000000000000000 ) ) ;
#1719 = FACE_BOUND ( 'NONE', #886, .T. ) ;
#1720 = DIRECTION ( 'NONE',  ( -0.000000000000000000, -0.000000000000000000, 1.000000000000000000 ) ) ;
#1721 = DIRECTION ( 'NONE',  ( -1.000000000000000000, 0.000000000000000000, 0.000000000000000000 ) ) ;
#1722 = EDGE_CURVE ( 'NONE', #779, #1195, #280, .T. ) ;
#1723 = DIRECTION ( 'NONE',  ( 1.000000000000000000, 0.000000000000000000, 0.000000000000000000 ) ) ;
#1724 = EDGE_CURVE ( 'NONE', #85, #940, #1575, .T. ) ;
#1725 = LINE ( 'NONE', #2159, #607 ) ;
#1726 = ORIENTED_EDGE ( 'NONE', *, *, #2861, .T. ) ;
#1727 = CARTESIAN_POINT ( 'NONE',  ( -651.0344546965593509, 847.8375698014352793, 22.50000000000000355 ) ) ;
#1728 = CIRCLE ( 'NONE', #1539, 15.00000000000001421 ) ;
#1729 = ORIENTED_EDGE ( 'NONE', *, *, #2667, .F. ) ;
#1730 = FACE_OUTER_BOUND ( 'NONE', #2893, .T. ) ;
#1731 = CARTESIAN_POINT ( 'NONE',  ( -596.6143969440771571, 904.3151604516566522, 5.000000000000000000 ) ) ;
#1732 = ORIENTED_EDGE ( 'NONE', *, *, #926, .T. ) ;
#1733 = DIRECTION ( 'NONE',  ( 0.8638786964534627133, -0.5036999084910243063, 0.000000000000000000 ) ) ;
#1734 = DIRECTION ( 'NONE',  ( 1.000000000000000000, 0.000000000000000000, 0.000000000000000000 ) ) ;
#1735 = CARTESIAN_POINT ( 'NONE',  ( -641.6881233438617755, 829.2151604516614043, 5.000000000000000000 ) ) ;
#1736 = CIRCLE ( 'NONE', #1360, 64.99999999999994316 ) ;
#1737 = DIRECTION ( 'NONE',  ( 0.000000000000000000, 0.000000000000000000, 1.000000000000000000 ) ) ;
#1738 = DIRECTION ( 'NONE',  ( 0.000000000000000000, -1.000000000000000000, 0.000000000000000000 ) ) ;
#1739 = EDGE_CURVE ( 'NONE', #2548, #2785, #2116, .T. ) ;
#1740 = ORIENTED_EDGE ( 'NONE', *, *, #2186, .T. ) ;
#1741 = DIRECTION ( 'NONE',  ( -1.000000000000000000, 0.000000000000000000, 0.000000000000000000 ) ) ;
#1742 = LINE ( 'NONE', #612, #1713 ) ;
#1743 = VERTEX_POINT ( 'NONE', #1414 ) ;
#1744 = VECTOR ( 'NONE', #2060, 1000.000000000000000 ) ;
#1745 = CARTESIAN_POINT ( 'NONE',  ( -731.6881233438607524, 829.2151604516614043, 5.000000000000000000 ) ) ;
#1746 = DIRECTION ( 'NONE',  ( -1.000000000000000000, 3.382059365454163486E-15, 0.000000000000000000 ) ) ;
#1747 = VECTOR ( 'NONE', #938, 1000.000000000000000 ) ;
#1748 = EDGE_CURVE ( 'NONE', #2348, #1305, #536, .T. ) ;
#1749 = DIRECTION ( 'NONE',  ( 0.000000000000000000, 0.000000000000000000, 1.000000000000000000 ) ) ;
#1750 = CARTESIAN_POINT ( 'NONE',  ( -773.8959167827790679, 884.3151604516569932, 5.000000000000000000 ) ) ;
#1751 = DIRECTION ( 'NONE',  ( 1.000000000000000000, 0.000000000000000000, 0.000000000000000000 ) ) ;
#1752 = LINE ( 'NONE', #191, #1317 ) ;
#1753 = AXIS2_PLACEMENT_3D ( 'NONE', #2919, #1718, #1064 ) ;
#1754 = PLANE ( 'NONE',  #2143 ) ;
#1755 = ORIENTED_EDGE ( 'NONE', *, *, #1562, .F. ) ;
#1756 = ORIENTED_EDGE ( 'NONE', *, *, #2547, .F. ) ;
#1757 = DIRECTION ( 'NONE',  ( -1.000000000000000000, 0.000000000000000000, 0.000000000000000000 ) ) ;
#1758 = EDGE_LOOP ( 'NONE', ( #1358, #565, #696, #2144 ) ) ;
#1759 = FACE_BOUND ( 'NONE', #503, .T. ) ;
#1760 = FACE_OUTER_BOUND ( 'NONE', #1286, .T. ) ;
#1761 = CARTESIAN_POINT ( 'NONE',  ( -641.6881233438617755, 979.2151604516614043, 5.000000000000000000 ) ) ;
#1762 = VERTEX_POINT ( 'NONE', #2100 ) ;
#1763 = EDGE_CURVE ( 'NONE', #2334, #2785, #2808, .T. ) ;
#1764 = LINE ( 'NONE', #2950, #2233 ) ;
#1765 = DIRECTION ( 'NONE',  ( 0.000000000000000000, 0.000000000000000000, -1.000000000000000000 ) ) ;
#1766 = EDGE_CURVE ( 'NONE', #1500, #1964, #1477, .T. ) ;
#1767 = AXIS2_PLACEMENT_3D ( 'NONE', #540, #556, #2311 ) ;
#1768 = CARTESIAN_POINT ( 'NONE',  ( -752.3417919911629497, 847.8375698014356203, 0.000000000000000000 ) ) ;
#1769 = CARTESIAN_POINT ( 'NONE',  ( -734.1881233437800347, 962.8151604516662019, 5.000000000000000000 ) ) ;
#1770 = CARTESIAN_POINT ( 'NONE',  ( -641.6881233438617755, 829.2151604516614043, 40.00000000000000000 ) ) ;
#1771 = ORIENTED_EDGE ( 'NONE', *, *, #2119, .F. ) ;
#1772 = ORIENTED_EDGE ( 'NONE', *, *, #1579, .T. ) ;
#1773 = DIRECTION ( 'NONE',  ( -1.000000000000000000, -0.000000000000000000, -0.000000000000000000 ) ) ;
#1774 = CARTESIAN_POINT ( 'NONE',  ( -734.1881233437800347, 962.8151604516662019, 5.000000000000000000 ) ) ;
#1775 = ORIENTED_EDGE ( 'NONE', *, *, #1995, .T. ) ;
#1776 = CIRCLE ( 'NONE', #245, 2.550000000000052225 ) ;
#1777 = EDGE_CURVE ( 'NONE', #320, #1838, #1624, .T. ) ;
#1778 = AXIS2_PLACEMENT_3D ( 'NONE', #1660, #2583, #1915 ) ;
#1779 = LINE ( 'NONE', #1822, #1189 ) ;
#1780 = DIRECTION ( 'NONE',  ( 0.000000000000000000, 0.000000000000000000, -1.000000000000000000 ) ) ;
#1781 = LINE ( 'NONE', #2431, #2112 ) ;
#1782 = EDGE_CURVE ( 'NONE', #992, #2055, #675, .T. ) ;
#1783 = DIRECTION ( 'NONE',  ( 1.000000000000000000, 0.000000000000000000, 0.000000000000000000 ) ) ;
#1784 = CIRCLE ( 'NONE', #2356, 14.49999999999984723 ) ;
#1785 = ORIENTED_EDGE ( 'NONE', *, *, #2148, .F. ) ;
#1786 = CARTESIAN_POINT ( 'NONE',  ( -791.6881233438613208, 901.2151604516615180, 14.00000000000048850 ) ) ;
#1787 = ORIENTED_EDGE ( 'NONE', *, *, #1430, .T. ) ;
#1788 = CARTESIAN_POINT ( 'NONE',  ( -796.6881233438613208, 901.2151604516615180, 14.00000000000048850 ) ) ;
#1789 = FACE_OUTER_BOUND ( 'NONE', #244, .T. ) ;
#1790 = DIRECTION ( 'NONE',  ( 0.000000000000000000, 0.000000000000000000, 1.000000000000000000 ) ) ;
#1791 = CARTESIAN_POINT ( 'NONE',  ( -641.6881233438617755, 989.2151604516615180, 40.00000000000000000 ) ) ;
#1792 = ORIENTED_EDGE ( 'NONE', *, *, #2428, .T. ) ;
#1793 = DIRECTION ( 'NONE',  ( 1.000000000000000000, 0.000000000000000000, 0.000000000000000000 ) ) ;
#1794 = AXIS2_PLACEMENT_3D ( 'NONE', #2792, #742, #1919 ) ;
#1795 = CYLINDRICAL_SURFACE ( 'NONE', #1039, 2.550000000000052225 ) ;
#1796 = ADVANCED_FACE ( 'NONE', ( #2590 ), #1205, .F. ) ;
#1797 = CIRCLE ( 'NONE', #745, 1.499999999999970024 ) ;
#1798 = CARTESIAN_POINT ( 'NONE',  ( -744.6881233438607524, 945.3151604516613133, 5.000000000000000000 ) ) ;
#1799 = CARTESIAN_POINT ( 'NONE',  ( -694.6881233438593881, 832.2151604516614043, 19.74752059642042568 ) ) ;
#1800 = VERTEX_POINT ( 'NONE', #2086 ) ;
#1801 = AXIS2_PLACEMENT_3D ( 'NONE', #2199, #2623, #1446 ) ;
#1802 = EDGE_CURVE ( 'NONE', #642, #822, #45, .T. ) ;
#1803 = AXIS2_PLACEMENT_3D ( 'NONE', #262, #990, #1410 ) ;
#1804 = AXIS2_PLACEMENT_3D ( 'NONE', #2360, #976, #517 ) ;
#1805 = ORIENTED_EDGE ( 'NONE', *, *, #1963, .F. ) ;
#1806 = DIRECTION ( 'NONE',  ( -1.000000000000000000, 0.000000000000000000, 0.000000000000000000 ) ) ;
#1807 = PLANE ( 'NONE',  #1932 ) ;
#1808 = DIRECTION ( 'NONE',  ( -0.000000000000000000, -0.000000000000000000, 1.000000000000000000 ) ) ;
#1809 = PLANE ( 'NONE',  #2834 ) ;
#1810 = FACE_OUTER_BOUND ( 'NONE', #1382, .T. ) ;
#1811 = AXIS2_PLACEMENT_3D ( 'NONE', #1362, #920, #2302 ) ;
#1812 = CARTESIAN_POINT ( 'NONE',  ( -732.8329570650049618, 977.2516948126846046, 5.000000000000000000 ) ) ;
#1813 = CARTESIAN_POINT ( 'NONE',  ( -734.1881233438608660, 945.3151604516613133, 0.000000000000000000 ) ) ;
#1814 = AXIS2_PLACEMENT_3D ( 'NONE', #372, #2890, #2628 ) ;
#1815 = CIRCLE ( 'NONE', #426, 2.549999999999996714 ) ;
#1816 = DIRECTION ( 'NONE',  ( 1.000000000000000000, 0.000000000000000000, -0.000000000000000000 ) ) ;
#1817 = EDGE_CURVE ( 'NONE', #2827, #346, #957, .T. ) ;
#1818 = ORIENTED_EDGE ( 'NONE', *, *, #1281, .T. ) ;
#1819 = DIRECTION ( 'NONE',  ( -1.000000000000000000, 0.000000000000000000, -0.000000000000000000 ) ) ;
#1820 = VERTEX_POINT ( 'NONE', #2794 ) ;
#1821 = CARTESIAN_POINT ( 'NONE',  ( -641.0344546965594645, 811.1874040743415435, 37.50000000000000000 ) ) ;
#1822 = CARTESIAN_POINT ( 'NONE',  ( -736.8381233437801257, 962.8151604516662019, 5.000000000000000000 ) ) ;
#1823 = VECTOR ( 'NONE', #1720, 1000.000000000000000 ) ;
#1824 = EDGE_LOOP ( 'NONE', ( #1326, #2364 ) ) ;
#1825 = ORIENTED_EDGE ( 'NONE', *, *, #669, .T. ) ;
#1826 = EDGE_CURVE ( 'NONE', #2727, #2498, #818, .T. ) ;
#1827 = EDGE_LOOP ( 'NONE', ( #2095, #2855, #420, #580 ) ) ;
#1828 = CIRCLE ( 'NONE', #1633, 14.49999999999507239 ) ;
#1829 = CARTESIAN_POINT ( 'NONE',  ( -639.1881233438608660, 948.3151604516710904, 5.000000000000000000 ) ) ;
#1830 = CARTESIAN_POINT ( 'NONE',  ( -599.4803299049428915, 884.3151604516565385, 5.000000000000000000 ) ) ;
#1831 = EDGE_CURVE ( 'NONE', #2077, #1875, #729, .T. ) ;
#1832 = CARTESIAN_POINT ( 'NONE',  ( -796.6881233438613208, 894.2151604516619727, 40.00000000000000000 ) ) ;
#1833 = EDGE_CURVE ( 'NONE', #2208, #1481, #2329, .T. ) ;
#1834 = ADVANCED_FACE ( 'NONE', ( #1367 ), #1343, .F. ) ;
#1835 = AXIS2_PLACEMENT_3D ( 'NONE', #1012, #1441, #1475 ) ;
#1836 = EDGE_LOOP ( 'NONE', ( #100, #950 ) ) ;
#1837 = AXIS2_PLACEMENT_3D ( 'NONE', #1644, #508, #226 ) ;
#1838 = VERTEX_POINT ( 'NONE', #438 ) ;
#1839 = DIRECTION ( 'NONE',  ( -0.000000000000000000, -0.000000000000000000, 1.000000000000000000 ) ) ;
#1840 = CARTESIAN_POINT ( 'NONE',  ( -791.6881233438613208, 915.2151604516612906, 9.449999999999851852 ) ) ;
#1841 = ADVANCED_FACE ( 'NONE', ( #882 ), #1754, .T. ) ;
#1842 = DIRECTION ( 'NONE',  ( -1.000000000000000000, 0.000000000000000000, -0.000000000000000000 ) ) ;
#1843 = DIRECTION ( 'NONE',  ( -1.000000000000000000, 0.000000000000000000, 0.000000000000000000 ) ) ;
#1844 = DIRECTION ( 'NONE',  ( -1.000000000000000000, 0.000000000000000000, 0.000000000000000000 ) ) ;
#1845 = VECTOR ( 'NONE', #409, 1000.000000000000000 ) ;
#1846 = ORIENTED_EDGE ( 'NONE', *, *, #313, .F. ) ;
#1847 = ORIENTED_EDGE ( 'NONE', *, *, #1485, .F. ) ;
#1848 = VECTOR ( 'NONE', #636, 1000.000000000000000 ) ;
#1849 = AXIS2_PLACEMENT_3D ( 'NONE', #1055, #2432, #1496 ) ;
#1850 = EDGE_LOOP ( 'NONE', ( #637, #989 ) ) ;
#1851 = LINE ( 'NONE', #709, #2798 ) ;
#1852 = CARTESIAN_POINT ( 'NONE',  ( -694.6881233438593881, 832.2151604516614043, 21.24752059642039015 ) ) ;
#1853 = EDGE_LOOP ( 'NONE', ( #246, #1665, #153, #2560, #2284, #1792, #2451, #2147 ) ) ;
#1854 = FACE_OUTER_BOUND ( 'NONE', #2714, .T. ) ;
#1855 = DIRECTION ( 'NONE',  ( 0.000000000000000000, 0.000000000000000000, 1.000000000000000000 ) ) ;
#1856 = ADVANCED_FACE ( 'NONE', ( #1114 ), #2030, .F. ) ;
#1857 = CARTESIAN_POINT ( 'NONE',  ( -773.8959167827790679, 884.3151604516569932, 35.00000000000000000 ) ) ;
#1858 = CARTESIAN_POINT ( 'NONE',  ( -576.6881233438613208, 894.2151604516614043, 5.000000000000000000 ) ) ;
#1859 = EDGE_CURVE ( 'NONE', #1820, #514, #154, .T. ) ;
#1860 = ORIENTED_EDGE ( 'NONE', *, *, #1392, .F. ) ;
#1861 = DIRECTION ( 'NONE',  ( 1.000000000000000000, 0.000000000000000000, -0.000000000000000000 ) ) ;
#1862 = ORIENTED_EDGE ( 'NONE', *, *, #2936, .T. ) ;
#1863 = VERTEX_POINT ( 'NONE', #1770 ) ;
#1864 = CARTESIAN_POINT ( 'NONE',  ( -731.6881233438608660, 979.2151604516614043, 40.00000000000000000 ) ) ;
#1865 = CARTESIAN_POINT ( 'NONE',  ( -774.2118497436447342, 904.3151604516571069, 0.000000000000000000 ) ) ;
#1866 = EDGE_LOOP ( 'NONE', ( #775, #1952, #1100, #1411 ) ) ;
#1867 = DIRECTION ( 'NONE',  ( 1.000000000000000000, 0.000000000000000000, 0.000000000000000000 ) ) ;
#1868 = VECTOR ( 'NONE', #897, 1000.000000000000000 ) ;
#1869 = DIRECTION ( 'NONE',  ( -0.000000000000000000, -0.000000000000000000, -1.000000000000000000 ) ) ;
#1870 = CARTESIAN_POINT ( 'NONE',  ( -581.6881233438613208, 917.2151604516620864, 26.00000000000002132 ) ) ;
#1871 = CARTESIAN_POINT ( 'NONE',  ( -774.2118497436447342, 904.3151604516571069, 40.00000000000000000 ) ) ;
#1872 = CARTESIAN_POINT ( 'NONE',  ( -581.6881233438613208, 917.2151604516620864, 23.45000000000009521 ) ) ;
#1873 = CARTESIAN_POINT ( 'NONE',  ( -599.1643969440772253, 904.3151604516566522, 5.000000000000000000 ) ) ;
#1874 = PLANE ( 'NONE',  #1239 ) ;
#1875 = VERTEX_POINT ( 'NONE', #208 ) ;
#1876 = DIRECTION ( 'NONE',  ( -0.000000000000000000, 0.000000000000000000, 1.000000000000000000 ) ) ;
#1877 = EDGE_CURVE ( 'NONE', #966, #969, #918, .T. ) ;
#1878 = LINE ( 'NONE', #300, #462 ) ;
#1879 = ORIENTED_EDGE ( 'NONE', *, *, #1392, .T. ) ;
#1880 = CIRCLE ( 'NONE', #1794, 1.499999999999970024 ) ;
#1881 = EDGE_CURVE ( 'NONE', #980, #2479, #2910, .T. ) ;
#1882 = DIRECTION ( 'NONE',  ( 0.000000000000000000, -1.000000000000000000, 0.000000000000000000 ) ) ;
#1883 = DIRECTION ( 'NONE',  ( 0.000000000000000000, 0.000000000000000000, -1.000000000000000000 ) ) ;
#1884 = VERTEX_POINT ( 'NONE', #2690 ) ;
#1885 = VECTOR ( 'NONE', #52, 1000.000000000000000 ) ;
#1886 = DIRECTION ( 'NONE',  ( -1.000000000000000000, 0.000000000000000000, 0.000000000000000000 ) ) ;
#1887 = EDGE_LOOP ( 'NONE', ( #489, #2713, #1023, #1499 ) ) ;
#1888 = VECTOR ( 'NONE', #2442, 1000.000000000000000 ) ;
#1889 = DIRECTION ( 'NONE',  ( -0.000000000000000000, 0.000000000000000000, 1.000000000000000000 ) ) ;
#1890 = PLANE ( 'NONE',  #2294 ) ;
#1891 = AXIS2_PLACEMENT_3D ( 'NONE', #1987, #2905, #1110 ) ;
#1892 = DIRECTION ( 'NONE',  ( -0.000000000000000000, -0.000000000000000000, -1.000000000000000000 ) ) ;
#1893 = CARTESIAN_POINT ( 'NONE',  ( -596.9303299049429370, 884.3151604516565385, 35.00000000000000000 ) ) ;
#1894 = CARTESIAN_POINT ( 'NONE',  ( -628.6881233438609797, 925.3151604516609723, 0.000000000000000000 ) ) ;
#1895 = ORIENTED_EDGE ( 'NONE', *, *, #2054, .T. ) ;
#1896 = CYLINDRICAL_SURFACE ( 'NONE', #1628, 64.99999999999994316 ) ;
#1897 = DIRECTION ( 'NONE',  ( 0.000000000000000000, 0.000000000000000000, 1.000000000000000000 ) ) ;
#1898 = ORIENTED_EDGE ( 'NONE', *, *, #2295, .T. ) ;
#1899 = EDGE_CURVE ( 'NONE', #2707, #2793, #2706, .T. ) ;
#1900 = ORIENTED_EDGE ( 'NONE', *, *, #1881, .T. ) ;
#1901 = LINE ( 'NONE', #1516, #2325 ) ;
#1902 = PLANE ( 'NONE',  #702 ) ;
#1903 = CARTESIAN_POINT ( 'NONE',  ( -734.1881233438608660, 945.3151604516613133, 5.000000000000000000 ) ) ;
#1904 = ORIENTED_EDGE ( 'NONE', *, *, #278, .F. ) ;
#1905 = EDGE_CURVE ( 'NONE', #89, #298, #649, .T. ) ;
#1906 = PLANE ( 'NONE',  #2155 ) ;
#1907 = VERTEX_POINT ( 'NONE', #2676 ) ;
#1908 = CARTESIAN_POINT ( 'NONE',  ( -791.6881233438613208, 901.2151604516615180, 14.00000000000048850 ) ) ;
#1909 = ORIENTED_EDGE ( 'NONE', *, *, #1005, .F. ) ;
#1910 = DIRECTION ( 'NONE',  ( 0.000000000000000000, 0.000000000000000000, -1.000000000000000000 ) ) ;
#1911 = ORIENTED_EDGE ( 'NONE', *, *, #2341, .T. ) ;
#1912 = COLOUR_RGB ( '',0.7921568627450980005, 0.8196078431372548767, 0.9333333333333333481 ) ;
#1913 = VECTOR ( 'NONE', #215, 1000.000000000000000 ) ;
#1914 = ORIENTED_EDGE ( 'NONE', *, *, #261, .F. ) ;
#1915 = DIRECTION ( 'NONE',  ( 0.000000000000000000, 0.000000000000000000, 1.000000000000000000 ) ) ;
#1916 = ORIENTED_EDGE ( 'NONE', *, *, #2952, .F. ) ;
#1917 = CARTESIAN_POINT ( 'NONE',  ( -736.8381233437801257, 962.8151604516662019, 0.000000000000000000 ) ) ;
#1918 = ORIENTED_EDGE ( 'NONE', *, *, #1072, .T. ) ;
#1919 = DIRECTION ( 'NONE',  ( 0.000000000000000000, 0.000000000000000000, -1.000000000000000000 ) ) ;
#1920 = CARTESIAN_POINT ( 'NONE',  ( -576.6881233438613208, 917.2151604516620864, 23.45000000000009521 ) ) ;
#1921 = EDGE_CURVE ( 'NONE', #1371, #2121, #1158, .T. ) ;
#1922 = DIRECTION ( 'NONE',  ( 1.000000000000000000, 0.000000000000000000, 0.000000000000000000 ) ) ;
#1923 = EDGE_CURVE ( 'NONE', #2785, #868, #572, .T. ) ;
#1924 = FACE_OUTER_BOUND ( 'NONE', #2351, .T. ) ;
#1925 = VERTEX_POINT ( 'NONE', #913 ) ;
#1926 = CARTESIAN_POINT ( 'NONE',  ( -576.6881233438613208, 894.2151604516614043, 40.00000000000000000 ) ) ;
#1927 = LINE ( 'NONE', #2860, #541 ) ;
#1928 = ORIENTED_EDGE ( 'NONE', *, *, #1179, .F. ) ;
#1929 = SHAPE_DEFINITION_REPRESENTATION ( #2784, #2545 ) ;
#1930 = DIRECTION ( 'NONE',  ( 0.000000000000000000, -1.000000000000000000, 0.000000000000000000 ) ) ;
#1931 = ORIENTED_EDGE ( 'NONE', *, *, #1777, .T. ) ;
#1932 = AXIS2_PLACEMENT_3D ( 'NONE', #1619, #11, #2312 ) ;
#1933 = ORIENTED_EDGE ( 'NONE', *, *, #1430, .F. ) ;
#1934 = CARTESIAN_POINT ( 'NONE',  ( -639.1881233437811716, 977.3151604516611997, 0.000000000000000000 ) ) ;
#1935 = ORIENTED_EDGE ( 'NONE', *, *, #2310, .T. ) ;
#1936 = VERTEX_POINT ( 'NONE', #1799 ) ;
#1937 = ADVANCED_FACE ( 'NONE', ( #2448 ), #443, .T. ) ;
#1938 = DIRECTION ( 'NONE',  ( 0.000000000000000000, 0.000000000000000000, -1.000000000000000000 ) ) ;
#1939 = SURFACE_STYLE_USAGE ( .BOTH. , #133 ) ;
#1940 = AXIS2_PLACEMENT_3D ( 'NONE', #513, #943, #2744 ) ;
#1941 = ADVANCED_FACE ( 'NONE', ( #2048, #1759, #198, #1535, #2681, #2274, #213, #2931 ), #2452, .F. ) ;
#1942 = LINE ( 'NONE', #1768, #2025 ) ;
#1943 = ORIENTED_EDGE ( 'NONE', *, *, #1120, .F. ) ;
#1944 = DIRECTION ( 'NONE',  ( -1.000000000000000000, 0.000000000000000000, 0.000000000000000000 ) ) ;
#1945 = VERTEX_POINT ( 'NONE', #2466 ) ;
#1946 = AXIS2_PLACEMENT_3D ( 'NONE', #839, #872, #2933 ) ;
#1947 = CARTESIAN_POINT ( 'NONE',  ( -653.6881233437762830, 962.8151604516662019, 5.000000000000000000 ) ) ;
#1948 = ORIENTED_EDGE ( 'NONE', *, *, #130, .F. ) ;
#1949 = AXIS2_PLACEMENT_3D ( 'NONE', #1774, #2696, #641 ) ;
#1950 = DIRECTION ( 'NONE',  ( 0.000000000000000000, 1.000000000000000000, 0.000000000000000000 ) ) ;
#1951 = CARTESIAN_POINT ( 'NONE',  ( -791.6881233438613208, 901.2151604516615180, 16.55000000000039506 ) ) ;
#1952 = ORIENTED_EDGE ( 'NONE', *, *, #2515, .F. ) ;
#1953 = VECTOR ( 'NONE', #1669, 1000.000000000000000 ) ;
#1954 = AXIS2_PLACEMENT_3D ( 'NONE', #1141, #1386, #2249 ) ;
#1955 = CARTESIAN_POINT ( 'NONE',  ( -581.6881233438613208, 901.2151604516615180, 11.45000000000058371 ) ) ;
#1956 = DIRECTION ( 'NONE',  ( 1.000000000000000000, 0.000000000000000000, 0.000000000000000000 ) ) ;
#1957 = ADVANCED_FACE ( 'NONE', ( #390 ), #2015, .T. ) ;
#1958 = CARTESIAN_POINT ( 'NONE',  ( -678.6881233438632535, 829.2151604516614043, 21.24752059641045321 ) ) ;
#1959 = DIRECTION ( 'NONE',  ( 1.000000000000000000, 0.000000000000000000, -0.000000000000000000 ) ) ;
#1960 = CARTESIAN_POINT ( 'NONE',  ( -791.6881233438613208, 903.2151604516620864, 28.00000000000056488 ) ) ;
#1961 = CARTESIAN_POINT ( 'NONE',  ( -773.8959167827790679, 884.3151604516569932, 40.00000000000000000 ) ) ;
#1962 = ADVANCED_FACE ( 'NONE', ( #424 ), #1105, .F. ) ;
#1963 = EDGE_CURVE ( 'NONE', #1654, #298, #1237, .T. ) ;
#1964 = VERTEX_POINT ( 'NONE', #2710 ) ;
#1965 = CIRCLE ( 'NONE', #2927, 20.00000000000001776 ) ;
#1966 = ORIENTED_EDGE ( 'NONE', *, *, #1782, .T. ) ;
#1967 = FACE_OUTER_BOUND ( 'NONE', #1336, .T. ) ;
#1968 = DIRECTION ( 'NONE',  ( 0.000000000000000000, 0.000000000000000000, 1.000000000000000000 ) ) ;
#1969 = ORIENTED_EDGE ( 'NONE', *, *, #134, .T. ) ;
#1970 = EDGE_CURVE ( 'NONE', #2678, #650, #459, .T. ) ;
#1971 = CYLINDRICAL_SURFACE ( 'NONE', #1102, 2.549999999999927436 ) ;
#1972 = DIRECTION ( 'NONE',  ( 0.000000000000000000, 0.000000000000000000, 1.000000000000000000 ) ) ;
#1973 = DIRECTION ( 'NONE',  ( 1.000000000000000000, 0.000000000000000000, -0.000000000000000000 ) ) ;
#1974 = CARTESIAN_POINT ( 'NONE',  ( -599.4803299049428915, 884.3151604516565385, 5.000000000000000000 ) ) ;
#1975 = DIRECTION ( 'NONE',  ( -0.000000000000000000, -0.000000000000000000, 1.000000000000000000 ) ) ;
#1976 = AXIS2_PLACEMENT_3D ( 'NONE', #1471, #2849, #1710 ) ;
#1977 = PLANE ( 'NONE',  #99 ) ;
#1978 = EDGE_LOOP ( 'NONE', ( #704, #1691, #1267, #2251 ) ) ;
#1979 = ADVANCED_FACE ( 'NONE', ( #1348 ), #2255, .T. ) ;
#1980 = ORIENTED_EDGE ( 'NONE', *, *, #2383, .T. ) ;
#1981 = DIRECTION ( 'NONE',  ( -1.000000000000000000, 0.000000000000000000, 0.000000000000000000 ) ) ;
#1982 = EDGE_CURVE ( 'NONE', #267, #320, #1132, .T. ) ;
#1983 = FACE_OUTER_BOUND ( 'NONE', #652, .T. ) ;
#1984 = DIRECTION ( 'NONE',  ( 0.000000000000000000, -1.000000000000000000, 0.000000000000000000 ) ) ;
#1985 = VECTOR ( 'NONE', #1376, 1000.000000000000000 ) ;
#1986 = LINE ( 'NONE', #2960, #1888 ) ;
#1987 = CARTESIAN_POINT ( 'NONE',  ( -734.1881233438608660, 977.3151604516610860, 5.000000000000000000 ) ) ;
#1988 = AXIS2_PLACEMENT_3D ( 'NONE', #688, #1592, #697 ) ;
#1989 = LINE ( 'NONE', #2174, #2214 ) ;
#1990 = CIRCLE ( 'NONE', #705, 1.499999999999966693 ) ;
#1991 = CARTESIAN_POINT ( 'NONE',  ( -678.6881233438632535, 829.2151604516614043, 19.74752059641049229 ) ) ;
#1992 = DIRECTION ( 'NONE',  ( -1.000000000000000000, 0.000000000000000000, 0.000000000000000000 ) ) ;
#1993 = ORIENTED_EDGE ( 'NONE', *, *, #1606, .F. ) ;
#1994 = ORIENTED_EDGE ( 'NONE', *, *, #490, .T. ) ;
#1995 = EDGE_CURVE ( 'NONE', #2227, #2581, #1056, .T. ) ;
#1996 = CIRCLE ( 'NONE', #1452, 2.550000000000006928 ) ;
#1997 = ORIENTED_EDGE ( 'NONE', *, *, #1782, .F. ) ;
#1998 = DIRECTION ( 'NONE',  ( -0.000000000000000000, -0.000000000000000000, -1.000000000000000000 ) ) ;
#1999 = CARTESIAN_POINT ( 'NONE',  ( -686.6881233438663230, 829.2151604516614043, 14.74752059641728863 ) ) ;
#2000 = DIRECTION ( 'NONE',  ( -1.000000000000000000, -0.000000000000000000, -0.000000000000000000 ) ) ;
#2001 = ORIENTED_EDGE ( 'NONE', *, *, #1004, .T. ) ;
#2002 = EDGE_CURVE ( 'NONE', #546, #1465, #2903, .T. ) ;
#2003 = AXIS2_PLACEMENT_3D ( 'NONE', #144, #1984, #2454 ) ;
#2004 = CARTESIAN_POINT ( 'NONE',  ( -776.4459167827790225, 884.3151604516569932, 35.00000000000000000 ) ) ;
#2005 = CARTESIAN_POINT ( 'NONE',  ( -636.0344546965593509, 862.8375698014351656, 40.00000000000000000 ) ) ;
#2006 = AXIS2_PLACEMENT_3D ( 'NONE', #1857, #746, #2779 ) ;
#2007 = AXIS2_PLACEMENT_3D ( 'NONE', #1527, #2445, #2889 ) ;
#2008 = DIRECTION ( 'NONE',  ( 1.000000000000000000, 0.000000000000000000, 0.000000000000000000 ) ) ;
#2009 = DIRECTION ( 'NONE',  ( -0.000000000000000000, -0.000000000000000000, -1.000000000000000000 ) ) ;
#2010 = CARTESIAN_POINT ( 'NONE',  ( -776.4459167827790225, 884.3151604516569932, 0.000000000000000000 ) ) ;
#2011 = DIRECTION ( 'NONE',  ( 0.000000000000000000, 0.000000000000000000, -1.000000000000000000 ) ) ;
#2012 = FACE_BOUND ( 'NONE', #1208, .T. ) ;
#2013 = ORIENTED_EDGE ( 'NONE', *, *, #233, .F. ) ;
#2014 = EDGE_LOOP ( 'NONE', ( #106, #2634 ) ) ;
#2015 = CYLINDRICAL_SURFACE ( 'NONE', #2185, 14.49999999999507239 ) ;
#2016 = LINE ( 'NONE', #856, #2514 ) ;
#2017 = FACE_OUTER_BOUND ( 'NONE', #555, .T. ) ;
#2018 = ORIENTED_EDGE ( 'NONE', *, *, #1700, .F. ) ;
#2019 = VECTOR ( 'NONE', #367, 1000.000000000000000 ) ;
#2020 = AXIS2_PLACEMENT_3D ( 'NONE', #69, #1455, #1883 ) ;
#2021 = ADVANCED_FACE ( 'NONE', ( #1510 ), #2430, .T. ) ;
#2022 = ADVANCED_FACE ( 'NONE', ( #2887 ), #162, .F. ) ;
#2023 = CARTESIAN_POINT ( 'NONE',  ( -791.6881233438613208, 901.2151604516615180, 14.00000000000048850 ) ) ;
#2024 = FACE_OUTER_BOUND ( 'NONE', #2303, .T. ) ;
#2025 = VECTOR ( 'NONE', #830, 1000.000000000000000 ) ;
#2026 = DIRECTION ( 'NONE',  ( -1.000000000000000000, 0.000000000000000000, 0.000000000000000000 ) ) ;
#2027 = EDGE_CURVE ( 'NONE', #822, #831, #160, .T. ) ;
#2028 = DIRECTION ( 'NONE',  ( -1.000000000000000000, 0.000000000000000000, 0.000000000000000000 ) ) ;
#2029 = VECTOR ( 'NONE', #369, 1000.000000000000000 ) ;
#2030 = CYLINDRICAL_SURFACE ( 'NONE', #516, 1.499999999999970024 ) ;
#2031 = ORIENTED_EDGE ( 'NONE', *, *, #1766, .F. ) ;
#2032 = ORIENTED_EDGE ( 'NONE', *, *, #1711, .T. ) ;
#2033 = VERTEX_POINT ( 'NONE', #1955 ) ;
#2034 = DIRECTION ( 'NONE',  ( -0.000000000000000000, -0.000000000000000000, -1.000000000000000000 ) ) ;
#2035 = CARTESIAN_POINT ( 'NONE',  ( -639.1881233437811716, 962.8151604516662019, 5.000000000000000000 ) ) ;
#2036 = LINE ( 'NONE', #480, #117 ) ;
#2037 = CYLINDRICAL_SURFACE ( 'NONE', #360, 64.99999999999994316 ) ;
#2038 = EDGE_CURVE ( 'NONE', #1115, #1130, #1052, .T. ) ;
#2039 = CIRCLE ( 'NONE', #1507, 2.550000000000052225 ) ;
#2040 = DIRECTION ( 'NONE',  ( 1.000000000000000000, 0.000000000000000000, 0.000000000000000000 ) ) ;
#2041 = EDGE_CURVE ( 'NONE', #2493, #1245, #1409, .T. ) ;
#2042 = EDGE_CURVE ( 'NONE', #836, #2707, #411, .T. ) ;
#2043 = DIRECTION ( 'NONE',  ( 0.000000000000000000, 0.000000000000000000, 1.000000000000000000 ) ) ;
#2044 = AXIS2_PLACEMENT_3D ( 'NONE', #2733, #395, #894 ) ;
#2045 = ORIENTED_EDGE ( 'NONE', *, *, #2162, .T. ) ;
#2046 = VECTOR ( 'NONE', #328, 1000.000000000000000 ) ;
#2047 = ORIENTED_EDGE ( 'NONE', *, *, #1625, .T. ) ;
#2048 = FACE_BOUND ( 'NONE', #1238, .T. ) ;
#2049 = CYLINDRICAL_SURFACE ( 'NONE', #1370, 2.550000000000052225 ) ;
#2050 = FACE_OUTER_BOUND ( 'NONE', #2072, .T. ) ;
#2051 = DIRECTION ( 'NONE',  ( -0.000000000000000000, -0.000000000000000000, 1.000000000000000000 ) ) ;
#2052 = CARTESIAN_POINT ( 'NONE',  ( -731.6881233438613208, 924.2151604516615180, 40.00000000000000000 ) ) ;
#2053 = ADVANCED_FACE ( 'NONE', ( #827, #1719, #329, #551, #1279 ), #1266, .F. ) ;
#2054 = EDGE_CURVE ( 'NONE', #2088, #527, #502, .T. ) ;
#2055 = VERTEX_POINT ( 'NONE', #132 ) ;
#2056 = ORIENTED_EDGE ( 'NONE', *, *, #982, .T. ) ;
#2057 = CARTESIAN_POINT ( 'NONE',  ( -731.5381233437799438, 962.8151604516662019, 5.000000000000000000 ) ) ;
#2058 = CARTESIAN_POINT ( 'NONE',  ( -731.6881233438613208, 924.2151604516615180, 5.000000000000000000 ) ) ;
#2059 = ORIENTED_EDGE ( 'NONE', *, *, #1377, .F. ) ;
#2060 = DIRECTION ( 'NONE',  ( -0.000000000000000000, -0.000000000000000000, -1.000000000000000000 ) ) ;
#2062 = VERTEX_POINT ( 'NONE', #2412 ) ;
#2061 = AXIS2_PLACEMENT_3D ( 'NONE', #2346, #996, #571 ) ;
#2063 = AXIS2_PLACEMENT_3D ( 'NONE', #1830, #2313, #2750 ) ;
#2064 = LINE ( 'NONE', #946, #676 ) ;
#2065 = ORIENTED_EDGE ( 'NONE', *, *, #1327, .T. ) ;
#2066 = EDGE_CURVE ( 'NONE', #940, #85, #1283, .T. ) ;
#2067 = VERTEX_POINT ( 'NONE', #1081 ) ;
#2068 = DIRECTION ( 'NONE',  ( -0.000000000000000000, -0.000000000000000000, -1.000000000000000000 ) ) ;
#2069 = DIRECTION ( 'NONE',  ( 0.000000000000000000, 0.000000000000000000, 1.000000000000000000 ) ) ;
#2070 = ORIENTED_EDGE ( 'NONE', *, *, #365, .T. ) ;
#2071 = CARTESIAN_POINT ( 'NONE',  ( -581.6881233438613208, 903.2151604516620864, 30.55000000000055138 ) ) ;
#2072 = EDGE_LOOP ( 'NONE', ( #1503, #1928, #1396, #253 ) ) ;
#2073 = CYLINDRICAL_SURFACE ( 'NONE', #1686, 2.650000000000041211 ) ;
#2074 = LINE ( 'NONE', #30, #1576 ) ;
#2075 = DIRECTION ( 'NONE',  ( -1.000000000000000000, 3.382059365454163486E-15, 0.000000000000000000 ) ) ;
#2076 = AXIS2_PLACEMENT_3D ( 'NONE', #2932, #677, #890 ) ;
#2077 = VERTEX_POINT ( 'NONE', #1697 ) ;
#2078 = AXIS2_PLACEMENT_3D ( 'NONE', #2256, #657, #1567 ) ;
#2079 = ORIENTED_EDGE ( 'NONE', *, *, #1466, .F. ) ;
#2080 = DIRECTION ( 'NONE',  ( -0.000000000000000000, -0.000000000000000000, -1.000000000000000000 ) ) ;
#2081 = ORIENTED_EDGE ( 'NONE', *, *, #1140, .F. ) ;
#2082 = EDGE_CURVE ( 'NONE', #450, #2235, #1464, .T. ) ;
#2083 = AXIS2_PLACEMENT_3D ( 'NONE', #2856, #311, #2361 ) ;
#2084 = FACE_OUTER_BOUND ( 'NONE', #2851, .T. ) ;
#2085 = EDGE_CURVE ( 'NONE', #1091, #2548, #558, .T. ) ;
#2086 = CARTESIAN_POINT ( 'NONE',  ( -576.6881233438613208, 894.2151604516614043, 0.000000000000000000 ) ) ;
#2087 = CIRCLE ( 'NONE', #2003, 1.499999999999970024 ) ;
#2088 = VERTEX_POINT ( 'NONE', #815 ) ;
#2089 = ADVANCED_FACE ( 'NONE', ( #2840 ), #1236, .T. ) ;
#2090 = VERTEX_POINT ( 'NONE', #599 ) ;
#2091 = AXIS2_PLACEMENT_3D ( 'NONE', #152, #345, #1723 ) ;
#2092 = ORIENTED_EDGE ( 'NONE', *, *, #379, .T. ) ;
#2093 = LINE ( 'NONE', #1840, #1885 ) ;
#2094 = CARTESIAN_POINT ( 'NONE',  ( -734.1881233438608660, 945.3151604516613133, 5.000000000000000000 ) ) ;
#2095 = ORIENTED_EDGE ( 'NONE', *, *, #221, .T. ) ;
#2096 = CARTESIAN_POINT ( 'NONE',  ( -576.6881233438613208, 915.2151604516612906, 11.99999999999987033 ) ) ;
#2097 = DIRECTION ( 'NONE',  ( 0.000000000000000000, 1.000000000000000000, 0.000000000000000000 ) ) ;
#2098 = ORIENTED_EDGE ( 'NONE', *, *, #557, .T. ) ;
#2099 = ADVANCED_FACE ( 'NONE', ( #96 ), #1971, .F. ) ;
#2100 = CARTESIAN_POINT ( 'NONE',  ( -576.6881233438613208, 903.2151604516620864, 30.55000000000055138 ) ) ;
#2101 = FACE_BOUND ( 'NONE', #260, .T. ) ;
#2102 = VECTOR ( 'NONE', #1019, 1000.000000000000114 ) ;
#2103 = ADVANCED_FACE ( 'NONE', ( #1508 ), #2426, .F. ) ;
#2104 = ORIENTED_EDGE ( 'NONE', *, *, #1859, .F. ) ;
#2105 = DIRECTION ( 'NONE',  ( 1.000000000000000000, 0.000000000000000000, 0.000000000000000000 ) ) ;
#2106 = AXIS2_PLACEMENT_3D ( 'NONE', #285, #1876, #1655 ) ;
#2107 = ORIENTED_EDGE ( 'NONE', *, *, #1629, .F. ) ;
#2108 = FACE_OUTER_BOUND ( 'NONE', #2210, .T. ) ;
#2109 = DIRECTION ( 'NONE',  ( -0.000000000000000000, -0.000000000000000000, -1.000000000000000000 ) ) ;
#2110 = ORIENTED_EDGE ( 'NONE', *, *, #574, .F. ) ;
#2111 = VERTEX_POINT ( 'NONE', #2825 ) ;
#2112 = VECTOR ( 'NONE', #397, 1000.000000000000000 ) ;
#2113 = DIRECTION ( 'NONE',  ( 1.000000000000000000, -0.000000000000000000, -0.000000000000000000 ) ) ;
#2114 = DIRECTION ( 'NONE',  ( -1.000000000000000000, 0.000000000000000000, 0.000000000000000000 ) ) ;
#2115 = EDGE_LOOP ( 'NONE', ( #406, #907 ) ) ;
#2116 = LINE ( 'NONE', #2574, #2580 ) ;
#2117 = DIRECTION ( 'NONE',  ( -0.000000000000000000, -1.000000000000000000, -0.000000000000000000 ) ) ;
#2118 = CARTESIAN_POINT ( 'NONE',  ( -796.6881233438613208, 915.2151604516612906, 9.449999999999851852 ) ) ;
#2119 = EDGE_CURVE ( 'NONE', #1578, #868, #786, .T. ) ;
#2120 = DIRECTION ( 'NONE',  ( 0.000000000000000000, -1.000000000000000000, 0.000000000000000000 ) ) ;
#2121 = VERTEX_POINT ( 'NONE', #2608 ) ;
#2122 = ORIENTED_EDGE ( 'NONE', *, *, #1970, .T. ) ;
#2123 = EDGE_CURVE ( 'NONE', #1548, #70, #2132, .T. ) ;
#2124 = ADVANCED_FACE ( 'NONE', ( #1810 ), #2037, .T. ) ;
#2125 = VERTEX_POINT ( 'NONE', #632 ) ;
#2126 = VECTOR ( 'NONE', #2881, 1000.000000000000000 ) ;
#2127 = CARTESIAN_POINT ( 'NONE',  ( -651.0344546965593509, 829.2151604516614043, 37.50000000000000000 ) ) ;
#2128 = DIRECTION ( 'NONE',  ( -0.000000000000000000, -1.000000000000000000, -0.000000000000000000 ) ) ;
#2129 = ORIENTED_EDGE ( 'NONE', *, *, #2648, .F. ) ;
#2130 = AXIS2_PLACEMENT_3D ( 'NONE', #919, #2566, #2773 ) ;
#2131 = ORIENTED_EDGE ( 'NONE', *, *, #574, .T. ) ;
#2132 = CIRCLE ( 'NONE', #852, 2.650000000000041211 ) ;
#2133 = LINE ( 'NONE', #127, #2559 ) ;
#2134 = CARTESIAN_POINT ( 'NONE',  ( -599.1643969440772253, 904.3151604516566522, 0.000000000000000000 ) ) ;
#2135 = ORIENTED_EDGE ( 'NONE', *, *, #1777, .F. ) ;
#2136 = DIRECTION ( 'NONE',  ( 0.000000000000000000, 0.000000000000000000, 1.000000000000000000 ) ) ;
#2137 = CARTESIAN_POINT ( 'NONE',  ( -639.1881233437811716, 962.8151604516662019, 0.000000000000000000 ) ) ;
#2138 =( LENGTH_UNIT ( ) NAMED_UNIT ( * ) SI_UNIT ( .MILLI., .METRE. ) );
#2139 = ORIENTED_EDGE ( 'NONE', *, *, #821, .F. ) ;
#2140 = EDGE_LOOP ( 'NONE', ( #1785, #2736, #1060, #1222 ) ) ;
#2141 = ADVANCED_FACE ( 'NONE', ( #2716 ), #875, .F. ) ;
#2142 = FACE_OUTER_BOUND ( 'NONE', #699, .T. ) ;
#2143 = AXIS2_PLACEMENT_3D ( 'NONE', #848, #192, #2925 ) ;
#2144 = ORIENTED_EDGE ( 'NONE', *, *, #1179, .T. ) ;
#2145 = CIRCLE ( 'NONE', #1615, 2.549999999999904787 ) ;
#2146 = CARTESIAN_POINT ( 'NONE',  ( -651.0344546965594645, 829.2151604516614043, 22.50000000000000355 ) ) ;
#2147 = ORIENTED_EDGE ( 'NONE', *, *, #2956, .F. ) ;
#2148 = EDGE_CURVE ( 'NONE', #2067, #1936, #1990, .T. ) ;
#2149 = DIRECTION ( 'NONE',  ( -1.000000000000000000, 0.000000000000000000, 0.000000000000000000 ) ) ;
#2150 = CARTESIAN_POINT ( 'NONE',  ( -686.6881233438663230, 832.2151604516614043, 11.74752059641734725 ) ) ;
#2151 = ORIENTED_EDGE ( 'NONE', *, *, #1802, .F. ) ;
#2152 = CYLINDRICAL_SURFACE ( 'NONE', #1753, 15.00000000000001421 ) ;
#2153 = DIRECTION ( 'NONE',  ( 0.000000000000000000, 0.000000000000000000, 1.000000000000000000 ) ) ;
#2154 = CARTESIAN_POINT ( 'NONE',  ( -744.6881233438608660, 925.3151604516613133, 5.000000000000000000 ) ) ;
#2155 = AXIS2_PLACEMENT_3D ( 'NONE', #2820, #564, #778 ) ;
#2156 = ORIENTED_EDGE ( 'NONE', *, *, #365, .F. ) ;
#2157 = CARTESIAN_POINT ( 'NONE',  ( -599.1643969440772253, 904.3151604516566522, 35.00000000000000000 ) ) ;
#2158 = DIRECTION ( 'NONE',  ( 1.000000000000000000, 0.000000000000000000, 0.000000000000000000 ) ) ;
#2159 = CARTESIAN_POINT ( 'NONE',  ( -678.6881233438632535, 832.2151604516614043, 22.74752059641041768 ) ) ;
#2160 = CYLINDRICAL_SURFACE ( 'NONE', #1492, 2.550000000000052225 ) ;
#2161 = ORIENTED_EDGE ( 'NONE', *, *, #511, .F. ) ;
#2162 = EDGE_CURVE ( 'NONE', #455, #1548, #1779, .T. ) ;
#2163 = ORIENTED_EDGE ( 'NONE', *, *, #108, .F. ) ;
#2164 = CARTESIAN_POINT ( 'NONE',  ( -774.2118497436447342, 904.3151604516571069, 5.000000000000000000 ) ) ;
#2165 = CARTESIAN_POINT ( 'NONE',  ( -694.6881233438593881, 829.2151604516614043, 22.74752059642035817 ) ) ;
#2166 = EDGE_LOOP ( 'NONE', ( #2399, #1164, #332, #1273, #1909 ) ) ;
#2167 = EDGE_CURVE ( 'NONE', #2297, #2208, #1764, .T. ) ;
#2168 = AXIS2_PLACEMENT_3D ( 'NONE', #2641, #2446, #2433 ) ;
#2169 = CARTESIAN_POINT ( 'NONE',  ( -752.3417919911629497, 943.7927511018870064, 5.000000000000000000 ) ) ;
#2170 = CARTESIAN_POINT ( 'NONE',  ( -796.6881233438613208, 924.2151604516609495, 5.000000000000000000 ) ) ;
#2171 = DIRECTION ( 'NONE',  ( -0.000000000000000000, -0.000000000000000000, -1.000000000000000000 ) ) ;
#2172 = AXIS2_PLACEMENT_3D ( 'NONE', #1635, #251, #17 ) ;
#2173 = EDGE_LOOP ( 'NONE', ( #735, #2782 ) ) ;
#2174 = CARTESIAN_POINT ( 'NONE',  ( -731.6881233438608660, 979.2151604516614043, 40.00000000000000000 ) ) ;
#2175 = LINE ( 'NONE', #1071, #1717 ) ;
#2176 = DIRECTION ( 'NONE',  ( 0.000000000000000000, 0.000000000000000000, 1.000000000000000000 ) ) ;
#2177 = FACE_OUTER_BOUND ( 'NONE', #1271, .T. ) ;
#2178 = ORIENTED_EDGE ( 'NONE', *, *, #2940, .F. ) ;
#2179 = APPLICATION_PROTOCOL_DEFINITION ( 'draft international standard', 'automotive_design', 1998, #524 ) ;
#2180 = AXIS2_PLACEMENT_3D ( 'NONE', #2304, #1213, #484 ) ;
#2181 = ORIENTED_EDGE ( 'NONE', *, *, #960, .F. ) ;
#2182 = EDGE_CURVE ( 'NONE', #2727, #2350, #1322, .T. ) ;
#2183 = DIRECTION ( 'NONE',  ( 0.000000000000000000, -1.000000000000000000, 0.000000000000000000 ) ) ;
#2184 = CARTESIAN_POINT ( 'NONE',  ( -796.6881233438613208, 903.2151604516620864, 30.55000000000056204 ) ) ;
#2185 = AXIS2_PLACEMENT_3D ( 'NONE', #1319, #407, #1332 ) ;
#2186 = EDGE_CURVE ( 'NONE', #1025, #885, #2424, .T. ) ;
#2187 = DIRECTION ( 'NONE',  ( 1.000000000000000000, 0.000000000000000000, -0.000000000000000000 ) ) ;
#2188 = CARTESIAN_POINT ( 'NONE',  ( -678.6881233438632535, 832.2151604516614043, 21.24752059641045321 ) ) ;
#2189 = AXIS2_PLACEMENT_3D ( 'NONE', #2315, #2113, #1202 ) ;
#2190 = CARTESIAN_POINT ( 'NONE',  ( -678.6881233438632535, 832.2151604516614043, 19.74752059641049229 ) ) ;
#2191 = DIRECTION ( 'NONE',  ( 1.000000000000000000, -0.000000000000000000, -0.000000000000000000 ) ) ;
#2192 = ORIENTED_EDGE ( 'NONE', *, *, #2770, .F. ) ;
#2193 = AXIS2_PLACEMENT_3D ( 'NONE', #826, #2650, #2468 ) ;
#2194 = ORIENTED_EDGE ( 'NONE', *, *, #1402, .T. ) ;
#2195 = DIRECTION ( 'NONE',  ( 1.000000000000000000, 0.000000000000000000, 0.000000000000000000 ) ) ;
#2196 = DIRECTION ( 'NONE',  ( 0.000000000000000000, 0.000000000000000000, 1.000000000000000000 ) ) ;
#2197 = AXIS2_PLACEMENT_3D ( 'NONE', #975, #947, #1844 ) ;
#2198 = CIRCLE ( 'NONE', #101, 2.550000000000052225 ) ;
#2199 = CARTESIAN_POINT ( 'NONE',  ( -639.1881233437811716, 962.8151604516662019, 5.000000000000000000 ) ) ;
#2200 = CARTESIAN_POINT ( 'NONE',  ( -576.6881233438613208, 924.2151604516609495, 5.000000000000000000 ) ) ;
#2201 = DIRECTION ( 'NONE',  ( 0.000000000000000000, 0.000000000000000000, 1.000000000000000000 ) ) ;
#2202 = EDGE_CURVE ( 'NONE', #2793, #37, #2617, .T. ) ;
#2203 = CARTESIAN_POINT ( 'NONE',  ( -636.0344546965593509, 847.8375698014351656, 40.00000000000000000 ) ) ;
#2204 = FACE_OUTER_BOUND ( 'NONE', #1232, .T. ) ;
#2205 = DIRECTION ( 'NONE',  ( 0.000000000000000000, 1.000000000000000000, 0.000000000000000000 ) ) ;
#2206 = ADVANCED_FACE ( 'NONE', ( #431 ), #2229, .F. ) ;
#2207 = EDGE_LOOP ( 'NONE', ( #2631, #2314 ) ) ;
#2208 = VERTEX_POINT ( 'NONE', #188 ) ;
#2209 =( GEOMETRIC_REPRESENTATION_CONTEXT ( 3 ) GLOBAL_UNCERTAINTY_ASSIGNED_CONTEXT ( ( #948 ) ) GLOBAL_UNIT_ASSIGNED_CONTEXT ( ( #2138, #552, #802 ) ) REPRESENTATION_CONTEXT ( 'NONE', 'WORKASPACE' ) );
#2210 = EDGE_LOOP ( 'NONE', ( #853, #323 ) ) ;
#2211 = CARTESIAN_POINT ( 'NONE',  ( -602.0303299049429597, 884.3151604516565385, 0.000000000000000000 ) ) ;
#2212 = CARTESIAN_POINT ( 'NONE',  ( -641.0344546965594645, 811.1874040743415435, 37.50000000000000000 ) ) ;
#2213 = ORIENTED_EDGE ( 'NONE', *, *, #2041, .F. ) ;
#2214 = VECTOR ( 'NONE', #2460, 1000.000000000000000 ) ;
#2215 = CARTESIAN_POINT ( 'NONE',  ( -651.0344546965594645, 811.1874040743415435, 22.50000000000000355 ) ) ;
#2216 = CARTESIAN_POINT ( 'NONE',  ( -639.1881233438608660, 945.3151604516609723, 5.000000000000000000 ) ) ;
#2217 = LINE ( 'NONE', #1070, #881 ) ;
#2218 = AXIS2_PLACEMENT_3D ( 'NONE', #2705, #877, #1959 ) ;
#2219 = EDGE_CURVE ( 'NONE', #359, #1305, #1583, .T. ) ;
#2220 = PLANE ( 'NONE',  #2411 ) ;
#2221 = ORIENTED_EDGE ( 'NONE', *, *, #1833, .T. ) ;
#2222 = ORIENTED_EDGE ( 'NONE', *, *, #1579, .F. ) ;
#2223 = ORIENTED_EDGE ( 'NONE', *, *, #2310, .F. ) ;
#2224 = DIRECTION ( 'NONE',  ( -1.000000000000000000, 0.000000000000000000, 0.000000000000000000 ) ) ;
#2225 = DIRECTION ( 'NONE',  ( 1.000000000000000000, 0.000000000000000000, 0.000000000000000000 ) ) ;
#2226 = LINE ( 'NONE', #1731, #760 ) ;
#2227 = VERTEX_POINT ( 'NONE', #861 ) ;
#2228 = VECTOR ( 'NONE', #1398, 1000.000000000000000 ) ;
#2229 = CYLINDRICAL_SURFACE ( 'NONE', #2850, 2.550000000000017586 ) ;
#2230 = CARTESIAN_POINT ( 'NONE',  ( -596.9303299049429370, 884.3151604516565385, 0.000000000000000000 ) ) ;
#2231 = CARTESIAN_POINT ( 'NONE',  ( -641.6881233438613208, 924.2151604516615180, 0.000000000000000000 ) ) ;
#2232 = DIRECTION ( 'NONE',  ( -1.000000000000000000, -0.000000000000000000, -0.000000000000000000 ) ) ;
#2233 = VECTOR ( 'NONE', #663, 1000.000000000000000 ) ;
#2234 = CYLINDRICAL_SURFACE ( 'NONE', #2549, 2.550000000000006928 ) ;
#2235 = VERTEX_POINT ( 'NONE', #203 ) ;
#2236 = ADVANCED_FACE ( 'NONE', ( #1109 ), #2920, .F. ) ;
#2237 = ADVANCED_FACE ( 'NONE', ( #1121 ), #230, .F. ) ;
#2238 = EDGE_LOOP ( 'NONE', ( #1626, #1860, #2163, #113 ) ) ;
#2239 = PLANE ( 'NONE',  #2076 ) ;
#2240 = CARTESIAN_POINT ( 'NONE',  ( -636.0344546965593509, 847.8375698014351656, 0.000000000000000000 ) ) ;
#2241 = EDGE_LOOP ( 'NONE', ( #2518, #2307, #1143, #2877 ) ) ;
#2242 = ADVANCED_FACE ( 'NONE', ( #921 ), #1153, .F. ) ;
#2243 = VECTOR ( 'NONE', #891, 1000.000000000000000 ) ;
#2244 = DIRECTION ( 'NONE',  ( 1.000000000000000000, 0.000000000000000000, 0.000000000000000000 ) ) ;
#2245 = CARTESIAN_POINT ( 'NONE',  ( -752.3417919911629497, 847.8375698014356203, 5.000000000000000000 ) ) ;
#2246 = VECTOR ( 'NONE', #1216, 1000.000000000000000 ) ;
#2247 = VECTOR ( 'NONE', #222, 1000.000000000000114 ) ;
#2248 = CARTESIAN_POINT ( 'NONE',  ( -641.6881233438617755, 979.2151604516614043, 0.000000000000000000 ) ) ;
#2249 = DIRECTION ( 'NONE',  ( 0.000000000000000000, 0.000000000000000000, -1.000000000000000000 ) ) ;
#2250 = CARTESIAN_POINT ( 'NONE',  ( -581.6881233438613208, 917.2151604516620864, 28.54999999999995097 ) ) ;
#2251 = ORIENTED_EDGE ( 'NONE', *, *, #2874, .T. ) ;
#2252 = VERTEX_POINT ( 'NONE', #1570 ) ;
#2253 = CIRCLE ( 'NONE', #111, 2.549999999999986500 ) ;
#2254 = ORIENTED_EDGE ( 'NONE', *, *, #1033, .F. ) ;
#2255 = CYLINDRICAL_SURFACE ( 'NONE', #1192, 14.49999999999507239 ) ;
#2256 = CARTESIAN_POINT ( 'NONE',  ( -796.6881233438613208, 915.2151604516612906, 11.99999999999987033 ) ) ;
#2257 = DIRECTION ( 'NONE',  ( -1.000000000000000000, 0.000000000000000000, 0.000000000000000000 ) ) ;
#2258 = VERTEX_POINT ( 'NONE', #2488 ) ;
#2259 = EDGE_CURVE ( 'NONE', #110, #2418, #1986, .T. ) ;
#2260 = ORIENTED_EDGE ( 'NONE', *, *, #26, .T. ) ;
#2261 = AXIS2_PLACEMENT_3D ( 'NONE', #600, #1571, #161 ) ;
#2262 = FACE_BOUND ( 'NONE', #858, .T. ) ;
#2263 = AXIS2_PLACEMENT_3D ( 'NONE', #1405, #2109, #336 ) ;
#2264 = DIRECTION ( 'NONE',  ( -0.000000000000000000, -0.000000000000000000, -1.000000000000000000 ) ) ;
#2265 = CARTESIAN_POINT ( 'NONE',  ( -678.6881233438632535, 832.2151604516614043, 21.24752059641045321 ) ) ;
#2266 = EDGE_LOOP ( 'NONE', ( #1641, #439, #805, #1418 ) ) ;
#2267 = ADVANCED_FACE ( 'NONE', ( #378 ), #1306, .F. ) ;
#2268 = DIRECTION ( 'NONE',  ( -0.000000000000000000, -0.000000000000000000, -1.000000000000000000 ) ) ;
#2269 = UNCERTAINTY_MEASURE_WITH_UNIT (LENGTH_MEASURE( 1.000000000000000082E-05 ), #335, 'distance_accuracy_value', 'NONE');
#2270 = DIRECTION ( 'NONE',  ( -0.000000000000000000, -0.000000000000000000, -1.000000000000000000 ) ) ;
#2271 = CIRCLE ( 'NONE', #1814, 2.549999999999904787 ) ;
#2272 = DIRECTION ( 'NONE',  ( -0.000000000000000000, -1.000000000000000000, -0.000000000000000000 ) ) ;
#2273 = VERTEX_POINT ( 'NONE', #276 ) ;
#2274 = FACE_BOUND ( 'NONE', #1160, .T. ) ;
#2275 = DIRECTION ( 'NONE',  ( 1.000000000000000000, 0.000000000000000000, -0.000000000000000000 ) ) ;
#2276 = CARTESIAN_POINT ( 'NONE',  ( -796.6881233438613208, 901.2151604516615180, 16.55000000000039506 ) ) ;
#2277 = EDGE_LOOP ( 'NONE', ( #2586, #710, #1270, #727 ) ) ;
#2278 = DIRECTION ( 'NONE',  ( -0.000000000000000000, -0.000000000000000000, 1.000000000000000000 ) ) ;
#2279 = ADVANCED_FACE ( 'NONE', ( #73 ), #1176, .F. ) ;
#2280 = CIRCLE ( 'NONE', #700, 2.549999999999906564 ) ;
#2281 = CARTESIAN_POINT ( 'NONE',  ( -731.6881233438607524, 989.2151604516615180, 0.000000000000000000 ) ) ;
#2282 = CIRCLE ( 'NONE', #2615, 2.549999999999986500 ) ;
#2283 = DIRECTION ( 'NONE',  ( -0.000000000000000000, -0.000000000000000000, -1.000000000000000000 ) ) ;
#2284 = ORIENTED_EDGE ( 'NONE', *, *, #2551, .T. ) ;
#2285 = AXIS2_PLACEMENT_3D ( 'NONE', #368, #2201, #1973 ) ;
#2286 = ORIENTED_EDGE ( 'NONE', *, *, #231, .T. ) ;
#2287 = VECTOR ( 'NONE', #888, 1000.000000000000000 ) ;
#2288 = ORIENTED_EDGE ( 'NONE', *, *, #2874, .F. ) ;
#2289 = AXIS2_PLACEMENT_3D ( 'NONE', #725, #324, #2555 ) ;
#2290 = CARTESIAN_POINT ( 'NONE',  ( -601.7143969440772935, 904.3151604516566522, 0.000000000000000000 ) ) ;
#2291 = CARTESIAN_POINT ( 'NONE',  ( -791.6881233438613208, 903.2151604516620864, 30.55000000000056204 ) ) ;
#2292 = EDGE_LOOP ( 'NONE', ( #54, #57 ) ) ;
#2293 = CARTESIAN_POINT ( 'NONE',  ( -776.4459167827790225, 884.3151604516569932, 40.00000000000000000 ) ) ;
#2294 = AXIS2_PLACEMENT_3D ( 'NONE', #1667, #308, #1231 ) ;
#2295 = EDGE_CURVE ( 'NONE', #1481, #1371, #268, .T. ) ;
#2296 = ORIENTED_EDGE ( 'NONE', *, *, #1204, .T. ) ;
#2297 = VERTEX_POINT ( 'NONE', #1385 ) ;
#2298 = ADVANCED_FACE ( 'NONE', ( #2763 ), #712, .F. ) ;
#2299 = ORIENTED_EDGE ( 'NONE', *, *, #941, .F. ) ;
#2300 = LINE ( 'NONE', #2508, #1381 ) ;
#2301 = CARTESIAN_POINT ( 'NONE',  ( -641.6881233438613208, 924.2151604516615180, 40.00000000000000000 ) ) ;
#2302 = DIRECTION ( 'NONE',  ( 0.000000000000000000, 0.000000000000000000, 1.000000000000000000 ) ) ;
#2303 = EDGE_LOOP ( 'NONE', ( #2842, #351, #2565, #2455 ) ) ;
#2304 = CARTESIAN_POINT ( 'NONE',  ( -599.1643969440772253, 904.3151604516566522, 40.00000000000000000 ) ) ;
#2305 = AXIS2_PLACEMENT_3D ( 'NONE', #2058, #12, #2257 ) ;
#2306 = CARTESIAN_POINT ( 'NONE',  ( -734.1881233438608660, 945.3151604516613133, 5.000000000000000000 ) ) ;
#2307 = ORIENTED_EDGE ( 'NONE', *, *, #1434, .T. ) ;
#2308 = ADVANCED_FACE ( 'NONE', ( #1427 ), #2777, .F. ) ;
#2309 = EDGE_LOOP ( 'NONE', ( #1580, #2359 ) ) ;
#2310 = EDGE_CURVE ( 'NONE', #2273, #289, #2342, .T. ) ;
#2311 = DIRECTION ( 'NONE',  ( 1.000000000000000000, 0.000000000000000000, -0.000000000000000000 ) ) ;
#2312 = DIRECTION ( 'NONE',  ( 1.000000000000000000, 0.000000000000000000, -0.000000000000000000 ) ) ;
#2313 = DIRECTION ( 'NONE',  ( 0.000000000000000000, 0.000000000000000000, 1.000000000000000000 ) ) ;
#2314 = ORIENTED_EDGE ( 'NONE', *, *, #41, .T. ) ;
#2315 = CARTESIAN_POINT ( 'NONE',  ( -581.6881233438613208, 901.2151604516615180, 14.00000000000048850 ) ) ;
#2316 = EDGE_CURVE ( 'NONE', #722, #655, #2556, .T. ) ;
#2317 = DIRECTION ( 'NONE',  ( 1.000000000000000000, 0.000000000000000000, 0.000000000000000000 ) ) ;
#2318 = EDGE_LOOP ( 'NONE', ( #1531, #1241, #2469, #1712 ) ) ;
#2319 = EDGE_LOOP ( 'NONE', ( #1755, #2573, #1369, #1440 ) ) ;
#2320 = ORIENTED_EDGE ( 'NONE', *, *, #2858, .F. ) ;
#2321 = DIRECTION ( 'NONE',  ( 1.000000000000000000, 0.000000000000000000, 0.000000000000000000 ) ) ;
#2322 = PLANE ( 'NONE',  #586 ) ;
#2323 = ORIENTED_EDGE ( 'NONE', *, *, #2123, .T. ) ;
#2324 = AXIS2_PLACEMENT_3D ( 'NONE', #2215, #175, #1842 ) ;
#2325 = VECTOR ( 'NONE', #169, 1000.000000000000000 ) ;
#2326 = EDGE_CURVE ( 'NONE', #2550, #2125, #1608, .T. ) ;
#2327 = DIRECTION ( 'NONE',  ( 1.000000000000000000, -0.000000000000000000, -0.000000000000000000 ) ) ;
#2328 = EDGE_CURVE ( 'NONE', #2067, #85, #15, .T. ) ;
#2329 = LINE ( 'NONE', #1813, #2335 ) ;
#2330 = FACE_BOUND ( 'NONE', #1287, .T. ) ;
#2331 = CIRCLE ( 'NONE', #275, 15.00000000000001421 ) ;
#2332 = EDGE_LOOP ( 'NONE', ( #1406, #344 ) ) ;
#2333 = DIRECTION ( 'NONE',  ( -1.000000000000000000, -0.000000000000000000, -0.000000000000000000 ) ) ;
#2334 = VERTEX_POINT ( 'NONE', #1832 ) ;
#2335 = VECTOR ( 'NONE', #2478, 1000.000000000000000 ) ;
#2336 = EDGE_LOOP ( 'NONE', ( #212, #16, #2961, #707 ) ) ;
#2337 = DIRECTION ( 'NONE',  ( 1.000000000000000000, 0.000000000000000000, 0.000000000000000000 ) ) ;
#2338 = DIRECTION ( 'NONE',  ( 0.000000000000000000, -1.000000000000000000, 0.000000000000000000 ) ) ;
#2339 = ORIENTED_EDGE ( 'NONE', *, *, #1363, .T. ) ;
#2340 = ORIENTED_EDGE ( 'NONE', *, *, #318, .T. ) ;
#2341 = EDGE_CURVE ( 'NONE', #892, #1762, #473, .T. ) ;
#2342 = LINE ( 'NONE', #458, #1564 ) ;
#2343 = DIRECTION ( 'NONE',  ( 0.000000000000000000, 0.000000000000000000, 1.000000000000000000 ) ) ;
#2344 = EDGE_LOOP ( 'NONE', ( #1467, #2816 ) ) ;
#2345 = DIRECTION ( 'NONE',  ( 0.000000000000000000, 0.000000000000000000, -1.000000000000000000 ) ) ;
#2346 = CARTESIAN_POINT ( 'NONE',  ( -678.6881233438632535, 832.2151604516614043, 21.24752059641045321 ) ) ;
#2347 = EDGE_LOOP ( 'NONE', ( #2805, #2945, #123, #277 ) ) ;
#2348 = VERTEX_POINT ( 'NONE', #55 ) ;
#2349 = CARTESIAN_POINT ( 'NONE',  ( -602.0303299049429597, 884.3151604516565385, 5.000000000000000000 ) ) ;
#2350 = VERTEX_POINT ( 'NONE', #2293 ) ;
#2351 = EDGE_LOOP ( 'NONE', ( #2382, #2107, #2751, #48 ) ) ;
#2352 = DIRECTION ( 'NONE',  ( -0.000000000000000000, -1.000000000000000000, -0.000000000000000000 ) ) ;
#2353 = DIRECTION ( 'NONE',  ( 0.000000000000000000, -0.000000000000000000, -1.000000000000000000 ) ) ;
#2354 = VERTEX_POINT ( 'NONE', #1622 ) ;
#2355 = VERTEX_POINT ( 'NONE', #1190 ) ;
#2356 = AXIS2_PLACEMENT_3D ( 'NONE', #1769, #2492, #1312 ) ;
#2357 = CARTESIAN_POINT ( 'NONE',  ( -791.6881233438613208, 901.2151604516615180, 14.00000000000048850 ) ) ;
#2358 = DIRECTION ( 'NONE',  ( 0.000000000000000000, 0.000000000000000000, -1.000000000000000000 ) ) ;
#2359 = ORIENTED_EDGE ( 'NONE', *, *, #1826, .T. ) ;
#2360 = CARTESIAN_POINT ( 'NONE',  ( -639.1881233437811716, 962.8151604516662019, 0.000000000000000000 ) ) ;
#2361 = DIRECTION ( 'NONE',  ( 1.000000000000000000, 0.000000000000000000, 0.000000000000000000 ) ) ;
#2362 = SURFACE_STYLE_FILL_AREA ( #2381 ) ;
#2363 = EDGE_CURVE ( 'NONE', #1403, #1264, #1233, .T. ) ;
#2364 = ORIENTED_EDGE ( 'NONE', *, *, #1201, .T. ) ;
#2365 = DIRECTION ( 'NONE',  ( 0.000000000000000000, 0.000000000000000000, -1.000000000000000000 ) ) ;
#2366 = EDGE_CURVE ( 'NONE', #1925, #2297, #1165, .T. ) ;
#2367 = ORIENTED_EDGE ( 'NONE', *, *, #1281, .F. ) ;
#2368 = CIRCLE ( 'NONE', #1835, 64.99999999999994316 ) ;
#2369 = FACE_OUTER_BOUND ( 'NONE', #1454, .T. ) ;
#2370 = CARTESIAN_POINT ( 'NONE',  ( -599.4803299049428915, 884.3151604516565385, 5.000000000000000000 ) ) ;
#2371 = ORIENTED_EDGE ( 'NONE', *, *, #2387, .F. ) ;
#2372 =( GEOMETRIC_REPRESENTATION_CONTEXT ( 3 ) GLOBAL_UNCERTAINTY_ASSIGNED_CONTEXT ( ( #2269 ) ) GLOBAL_UNIT_ASSIGNED_CONTEXT ( ( #335, #87, #773 ) ) REPRESENTATION_CONTEXT ( 'NONE', 'WORKASPACE' ) );
#2373 = EDGE_CURVE ( 'NONE', #1378, #824, #137, .T. ) ;
#2374 = CARTESIAN_POINT ( 'NONE',  ( -641.8381233437812625, 962.8151604516662019, 5.000000000000000000 ) ) ;
#2375 = ORIENTED_EDGE ( 'NONE', *, *, #2082, .F. ) ;
#2376 = VECTOR ( 'NONE', #2728, 1000.000000000000114 ) ;
#2377 = CARTESIAN_POINT ( 'NONE',  ( -791.6881233438613208, 915.2151604516612906, 11.99999999999987033 ) ) ;
#2378 = DIRECTION ( 'NONE',  ( -1.000000000000000000, 0.000000000000000000, 0.000000000000000000 ) ) ;
#2379 = LINE ( 'NONE', #537, #751 ) ;
#2380 = CARTESIAN_POINT ( 'NONE',  ( -734.1881233437800347, 962.8151604516662019, 0.000000000000000000 ) ) ;
#2381 = FILL_AREA_STYLE ('',( #765 ) ) ;
#2382 = ORIENTED_EDGE ( 'NONE', *, *, #1316, .F. ) ;
#2383 = EDGE_CURVE ( 'NONE', #733, #301, #314, .T. ) ;
#2384 = VECTOR ( 'NONE', #2683, 1000.000000000000114 ) ;
#2385 = VERTEX_POINT ( 'NONE', #27 ) ;
#2386 = ADVANCED_FACE ( 'NONE', ( #2084 ), #42, .F. ) ;
#2387 = EDGE_CURVE ( 'NONE', #1014, #2355, #497, .T. ) ;
#2388 = DIRECTION ( 'NONE',  ( -0.000000000000000000, -0.000000000000000000, -1.000000000000000000 ) ) ;
#2389 = DIRECTION ( 'NONE',  ( -0.000000000000000000, -0.000000000000000000, -1.000000000000000000 ) ) ;
#2390 = AXIS2_PLACEMENT_3D ( 'NONE', #1618, #1897, #2814 ) ;
#2391 = EDGE_LOOP ( 'NONE', ( #2771, #840, #1732, #2897 ) ) ;
#2392 = VECTOR ( 'NONE', #370, 1000.000000000000000 ) ;
#2393 = DIRECTION ( 'NONE',  ( -0.000000000000000000, -0.000000000000000000, -1.000000000000000000 ) ) ;
#2394 = ORIENTED_EDGE ( 'NONE', *, *, #2563, .T. ) ;
#2395 = DIRECTION ( 'NONE',  ( 0.000000000000000000, 0.000000000000000000, -1.000000000000000000 ) ) ;
#2396 = DIRECTION ( 'NONE',  ( 0.000000000000000000, 0.000000000000000000, 1.000000000000000000 ) ) ;
#2397 = CARTESIAN_POINT ( 'NONE',  ( -581.6881233438613208, 915.2151604516612906, 14.54999999999987814 ) ) ;
#2398 = DIRECTION ( 'NONE',  ( 0.000000000000000000, 0.000000000000000000, -1.000000000000000000 ) ) ;
#2399 = ORIENTED_EDGE ( 'NONE', *, *, #1434, .F. ) ;
#2400 = CARTESIAN_POINT ( 'NONE',  ( -791.6881233438613208, 917.2151604516620864, 23.45000000000009166 ) ) ;
#2401 = EDGE_CURVE ( 'NONE', #980, #1261, #1880, .T. ) ;
#2402 = AXIS2_PLACEMENT_3D ( 'NONE', #1865, #1420, #1198 ) ;
#2403 = ORIENTED_EDGE ( 'NONE', *, *, #2737, .F. ) ;
#2404 = CIRCLE ( 'NONE', #387, 2.550000000000052225 ) ;
#2405 = CARTESIAN_POINT ( 'NONE',  ( -686.6881233438565459, 832.2151604516614043, 29.24752059641355828 ) ) ;
#2406 = EDGE_CURVE ( 'NONE', #1538, #1091, #158, .T. ) ;
#2407 = EDGE_LOOP ( 'NONE', ( #2104, #1483 ) ) ;
#2408 = LINE ( 'NONE', #1457, #1368 ) ;
#2409 = CARTESIAN_POINT ( 'NONE',  ( -734.1881233437800347, 962.8151604516662019, 5.000000000000000000 ) ) ;
#2410 = EDGE_LOOP ( 'NONE', ( #963, #1771, #678, #309 ) ) ;
#2411 = AXIS2_PLACEMENT_3D ( 'NONE', #2689, #2028, #1098 ) ;
#2412 = CARTESIAN_POINT ( 'NONE',  ( -791.6881233438613208, 915.2151604516612906, 9.449999999999851852 ) ) ;
#2413 = CARTESIAN_POINT ( 'NONE',  ( -737.3417919911629497, 862.8375698014356203, 40.00000000000000000 ) ) ;
#2414 = ORIENTED_EDGE ( 'NONE', *, *, #915, .T. ) ;
#2415 = EDGE_LOOP ( 'NONE', ( #404, #1506, #2758, #1518, #1709, #2692, #1002, #1702 ) ) ;
#2416 = EDGE_CURVE ( 'NONE', #1884, #2665, #554, .T. ) ;
#2417 = CIRCLE ( 'NONE', #2844, 2.549999999999906564 ) ;
#2418 = VERTEX_POINT ( 'NONE', #1934 ) ;
#2419 = DIRECTION ( 'NONE',  ( -0.000000000000000000, -0.000000000000000000, -1.000000000000000000 ) ) ;
#2420 = CYLINDRICAL_SURFACE ( 'NONE', #1063, 14.49999999999984723 ) ;
#2421 = ORIENTED_EDGE ( 'NONE', *, *, #690, .F. ) ;
#2422 = EDGE_CURVE ( 'NONE', #298, #1654, #2280, .T. ) ;
#2423 = AXIS2_PLACEMENT_3D ( 'NONE', #2789, #1197, #1372 ) ;
#2424 = CIRCLE ( 'NONE', #945, 1.499999999999963141 ) ;
#2425 = CARTESIAN_POINT ( 'NONE',  ( -731.6881233438607524, 829.2151604516614043, 0.000000000000000000 ) ) ;
#2426 = CYLINDRICAL_SURFACE ( 'NONE', #658, 2.549999999999930989 ) ;
#2427 = CARTESIAN_POINT ( 'NONE',  ( -773.8959167827790679, 884.3151604516569932, 35.00000000000000000 ) ) ;
#2428 = EDGE_CURVE ( 'NONE', #1008, #1800, #2368, .T. ) ;
#2429 = APPLICATION_CONTEXT ( 'automotive_design' ) ;
#2430 = PLANE ( 'NONE',  #2285 ) ;
#2431 = CARTESIAN_POINT ( 'NONE',  ( -628.6881233438609797, 945.3151604516609723, 0.000000000000000000 ) ) ;
#2432 = DIRECTION ( 'NONE',  ( 1.000000000000000000, -0.000000000000000000, -0.000000000000000000 ) ) ;
#2433 = DIRECTION ( 'NONE',  ( 0.5036999084910300795, -0.8638786964534592716, 0.000000000000000000 ) ) ;
#2434 = DIRECTION ( 'NONE',  ( 1.000000000000000000, 0.000000000000000000, -0.000000000000000000 ) ) ;
#2435 = ORIENTED_EDGE ( 'NONE', *, *, #2002, .T. ) ;
#2436 = EDGE_LOOP ( 'NONE', ( #1212, #145, #567, #1285 ) ) ;
#2437 = ORIENTED_EDGE ( 'NONE', *, *, #2726, .F. ) ;
#2438 = FACE_OUTER_BOUND ( 'NONE', #2597, .T. ) ;
#2439 = DIRECTION ( 'NONE',  ( -1.000000000000000000, -0.000000000000000000, -0.000000000000000000 ) ) ;
#2440 = ORIENTED_EDGE ( 'NONE', *, *, #1123, .T. ) ;
#2441 = EDGE_CURVE ( 'NONE', #89, #2521, #2417, .T. ) ;
#2442 = DIRECTION ( 'NONE',  ( -0.000000000000000000, -0.000000000000000000, -1.000000000000000000 ) ) ;
#2443 = CARTESIAN_POINT ( 'NONE',  ( -601.7143969440772935, 904.3151604516566522, 35.00000000000000000 ) ) ;
#2444 = EDGE_CURVE ( 'NONE', #1254, #2485, #581, .T. ) ;
#2445 = DIRECTION ( 'NONE',  ( 0.000000000000000000, 0.000000000000000000, 1.000000000000000000 ) ) ;
#2446 = DIRECTION ( 'NONE',  ( -0.8638786964534592716, -0.5036999084910300795, 0.000000000000000000 ) ) ;
#2447 = DIRECTION ( 'NONE',  ( 1.000000000000000000, 0.000000000000000000, 0.000000000000000000 ) ) ;
#2448 = FACE_OUTER_BOUND ( 'NONE', #1658, .T. ) ;
#2449 = ORIENTED_EDGE ( 'NONE', *, *, #2936, .F. ) ;
#2450 = STYLED_ITEM ( 'NONE', ( #312 ), #626 ) ;
#2451 = ORIENTED_EDGE ( 'NONE', *, *, #617, .F. ) ;
#2452 = PLANE ( 'NONE',  #2914 ) ;
#2453 = CARTESIAN_POINT ( 'NONE',  ( -621.0344546965593509, 862.8375698014351656, 0.000000000000000000 ) ) ;
#2454 = DIRECTION ( 'NONE',  ( 0.000000000000000000, 0.000000000000000000, -1.000000000000000000 ) ) ;
#2455 = ORIENTED_EDGE ( 'NONE', *, *, #2461, .T. ) ;
#2456 = AXIS2_PLACEMENT_3D ( 'NONE', #1282, #1721, #2673 ) ;
#2457 = DIRECTION ( 'NONE',  ( 0.000000000000000000, 0.000000000000000000, -1.000000000000000000 ) ) ;
#2458 = DIRECTION ( 'NONE',  ( -0.000000000000000000, -0.000000000000000000, 1.000000000000000000 ) ) ;
#2459 = AXIS2_PLACEMENT_3D ( 'NONE', #2052, #1353, #2745 ) ;
#2460 = DIRECTION ( 'NONE',  ( -0.000000000000000000, -0.000000000000000000, -1.000000000000000000 ) ) ;
#2461 = EDGE_CURVE ( 'NONE', #1465, #546, #2661, .T. ) ;
#2462 = LINE ( 'NONE', #1355, #2603 ) ;
#2463 = ORIENTED_EDGE ( 'NONE', *, *, #243, .T. ) ;
#2464 = ADVANCED_FACE ( 'NONE', ( #2636 ), #825, .F. ) ;
#2465 = ORIENTED_EDGE ( 'NONE', *, *, #2259, .F. ) ;
#2466 = CARTESIAN_POINT ( 'NONE',  ( -651.0344546965593509, 847.8375698014352793, 37.50000000000000000 ) ) ;
#2467 = PLANE ( 'NONE',  #2470 ) ;
#2468 = DIRECTION ( 'NONE',  ( 1.000000000000000000, 0.000000000000000000, 0.000000000000000000 ) ) ;
#2469 = ORIENTED_EDGE ( 'NONE', *, *, #350, .T. ) ;
#2470 = AXIS2_PLACEMENT_3D ( 'NONE', #200, #2915, #2275 ) ;
#2471 = CIRCLE ( 'NONE', #2423, 1.499999999999970024 ) ;
#2472 = CARTESIAN_POINT ( 'NONE',  ( -641.0344546965594645, 811.1874040743415435, 22.50000000000000355 ) ) ;
#2473 = CARTESIAN_POINT ( 'NONE',  ( -576.6881233438613208, 915.2151604516612906, 14.54999999999987814 ) ) ;
#2474 = CIRCLE ( 'NONE', #1234, 2.550000000000052225 ) ;
#2475 = CARTESIAN_POINT ( 'NONE',  ( -752.3417919911629497, 943.7927511018870064, 0.000000000000000000 ) ) ;
#2476 = FACE_OUTER_BOUND ( 'NONE', #685, .T. ) ;
#2477 = DIRECTION ( 'NONE',  ( 0.000000000000000000, 0.000000000000000000, 1.000000000000000000 ) ) ;
#2478 = DIRECTION ( 'NONE',  ( -1.000000000000000000, 0.000000000000000000, 0.000000000000000000 ) ) ;
#2479 = VERTEX_POINT ( 'NONE', #797 ) ;
#2480 = EDGE_CURVE ( 'NONE', #831, #1371, #2133, .T. ) ;
#2481 = EDGE_LOOP ( 'NONE', ( #235, #237 ) ) ;
#2482 = ORIENTED_EDGE ( 'NONE', *, *, #958, .T. ) ;
#2483 = DIRECTION ( 'NONE',  ( -1.000000000000000000, 0.000000000000000000, 0.000000000000000000 ) ) ;
#2484 = DIRECTION ( 'NONE',  ( 0.000000000000000000, 0.000000000000000000, -1.000000000000000000 ) ) ;
#2485 = VERTEX_POINT ( 'NONE', #2604 ) ;
#2486 = AXIS2_PLACEMENT_3D ( 'NONE', #392, #1062, #1551 ) ;
#2487 = FACE_BOUND ( 'NONE', #2173, .T. ) ;
#2488 = CARTESIAN_POINT ( 'NONE',  ( -636.0344546965593509, 847.8375698014351656, 0.000000000000000000 ) ) ;
#2489 = DIRECTION ( 'NONE',  ( -1.000000000000000000, 0.000000000000000000, 0.000000000000000000 ) ) ;
#2490 = AXIS2_PLACEMENT_3D ( 'NONE', #1871, #59, #2317 ) ;
#2491 = DIRECTION ( 'NONE',  ( 0.000000000000000000, 0.000000000000000000, -1.000000000000000000 ) ) ;
#2492 = DIRECTION ( 'NONE',  ( -0.000000000000000000, -0.000000000000000000, -1.000000000000000000 ) ) ;
#2493 = VERTEX_POINT ( 'NONE', #1262 ) ;
#2494 = ORIENTED_EDGE ( 'NONE', *, *, #757, .F. ) ;
#2495 = ADVANCED_FACE ( 'NONE', ( #1730 ), #1230, .F. ) ;
#2496 = FACE_OUTER_BOUND ( 'NONE', #1175, .T. ) ;
#2497 = DIRECTION ( 'NONE',  ( -0.000000000000000000, 1.000000000000000000, -0.000000000000000000 ) ) ;
#2498 = VERTEX_POINT ( 'NONE', #363 ) ;
#2499 = AXIS2_PLACEMENT_3D ( 'NONE', #2609, #97, #2826 ) ;
#2500 = EDGE_CURVE ( 'NONE', #1261, #980, #1459, .T. ) ;
#2501 = DIRECTION ( 'NONE',  ( 3.382059365454163486E-15, 1.000000000000000000, -0.000000000000000000 ) ) ;
#2502 = CIRCLE ( 'NONE', #343, 2.550000000000052225 ) ;
#2503 = DIRECTION ( 'NONE',  ( -0.000000000000000000, -0.000000000000000000, 1.000000000000000000 ) ) ;
#2504 = CARTESIAN_POINT ( 'NONE',  ( -776.7618497436448024, 904.3151604516571069, 40.00000000000000000 ) ) ;
#2505 = CARTESIAN_POINT ( 'NONE',  ( -731.6881233438613208, 894.2151604516614043, 0.000000000000000000 ) ) ;
#2506 = ORIENTED_EDGE ( 'NONE', *, *, #1108, .F. ) ;
#2507 = VERTEX_POINT ( 'NONE', #2150 ) ;
#2508 = CARTESIAN_POINT ( 'NONE',  ( -651.0344546965593509, 847.8375698014352793, 37.50000000000000000 ) ) ;
#2509 = CARTESIAN_POINT ( 'NONE',  ( -776.4459167827790225, 884.3151604516569932, 5.000000000000000000 ) ) ;
#2510 = ORIENTED_EDGE ( 'NONE', *, *, #931, .T. ) ;
#2511 = CARTESIAN_POINT ( 'NONE',  ( -774.2118497436447342, 904.3151604516571069, 5.000000000000000000 ) ) ;
#2512 = EDGE_CURVE ( 'NONE', #1150, #719, #2408, .T. ) ;
#2513 = DIRECTION ( 'NONE',  ( -0.000000000000000000, -0.000000000000000000, -1.000000000000000000 ) ) ;
#2514 = VECTOR ( 'NONE', #1773, 1000.000000000000000 ) ;
#2515 = EDGE_CURVE ( 'NONE', #476, #2208, #1666, .T. ) ;
#2516 = LINE ( 'NONE', #2306, #283 ) ;
#2517 = VECTOR ( 'NONE', #2749, 1000.000000000000000 ) ;
#2518 = ORIENTED_EDGE ( 'NONE', *, *, #1449, .T. ) ;
#2519 = AXIS2_PLACEMENT_3D ( 'NONE', #147, #1733, #1461 ) ;
#2520 = ORIENTED_EDGE ( 'NONE', *, *, #2182, .T. ) ;
#2521 = VERTEX_POINT ( 'NONE', #352 ) ;
#2522 = PLANE ( 'NONE',  #1767 ) ;
#2523 = CARTESIAN_POINT ( 'NONE',  ( -599.1643969440772253, 904.3151604516566522, 5.000000000000000000 ) ) ;
#2524 = CARTESIAN_POINT ( 'NONE',  ( -596.6143969440771571, 904.3151604516566522, 40.00000000000000000 ) ) ;
#2525 = ORIENTED_EDGE ( 'NONE', *, *, #2770, .T. ) ;
#2526 = DIRECTION ( 'NONE',  ( -1.000000000000000000, -0.000000000000000000, -0.000000000000000000 ) ) ;
#2527 = AXIS2_PLACEMENT_3D ( 'NONE', #1214, #2396, #74 ) ;
#2528 = EDGE_CURVE ( 'NONE', #2062, #167, #182, .T. ) ;
#2529 = CARTESIAN_POINT ( 'NONE',  ( -776.7618497436448024, 904.3151604516571069, 35.00000000000000000 ) ) ;
#2530 = CARTESIAN_POINT ( 'NONE',  ( -737.3417919911629497, 847.8375698014356203, 0.000000000000000000 ) ) ;
#2531 = CLOSED_SHELL ( 'NONE', ( #784, #402, #1103, #614, #2703, #1253, #1045, #2236, #1027, #2099, #1422, #2298, #446, #776, #2103, #293, #2685, #1161, #1957, #477, #466, #1156, #2495, #1137, #1701, #2700, #1941, #944, #817, #2124, #2625, #333, #2053, #1242, #2279, #80, #1365, #2838, #553, #653, #1390, #2902, #884, #399, #1979, #165, #492, #737, #196, #1240, #478, #588, #1962, #647, #2089, #1611, #878, #896, #2386, #1291, #1311, #1834, #1067, #860, #2464, #1188, #2643, #2267, #1796, #2206, #981, #102, #1937, #1010, #1463, #2237, #873, #2546, #1841, #2022, #2918, #4, #2570, #2308, #1642, #659, #1582, #2141, #1662, #1680, #2660, #2242, #2021, #1856, #44, #674, #1220, #716, #2922, #461, #422 ) ) ;
#2532 = AXIS2_PLACEMENT_3D ( 'NONE', #768, #1892, #2768 ) ;
#2533 = EDGE_CURVE ( 'NONE', #1936, #2067, #1278, .T. ) ;
#2534 = EDGE_LOOP ( 'NONE', ( #792, #1879, #1089, #936, #315 ) ) ;
#2535 = DIRECTION ( 'NONE',  ( -0.000000000000000000, -0.000000000000000000, -1.000000000000000000 ) ) ;
#2536 = DIRECTION ( 'NONE',  ( 1.000000000000000000, 0.000000000000000000, 0.000000000000000000 ) ) ;
#2537 = ORIENTED_EDGE ( 'NONE', *, *, #129, .F. ) ;
#2538 = DIRECTION ( 'NONE',  ( 1.000000000000000000, 0.000000000000000000, 0.000000000000000000 ) ) ;
#2540 = ORIENTED_EDGE ( 'NONE', *, *, #2366, .T. ) ;
#2539 = VECTOR ( 'NONE', #977, 1000.000000000000000 ) ;
#2541 = AXIS2_PLACEMENT_3D ( 'NONE', #1690, #2128, #793 ) ;
#2542 = AXIS2_PLACEMENT_3D ( 'NONE', #2595, #2105, #2797 ) ;
#2543 = FACE_OUTER_BOUND ( 'NONE', #506, .T. ) ;
#2544 = DIRECTION ( 'NONE',  ( -0.000000000000000000, -0.000000000000000000, -1.000000000000000000 ) ) ;
#2545 = ADVANCED_BREP_SHAPE_REPRESENTATION ( '1. MidPiece', ( #626, #2757 ), #2372 ) ;
#2546 = ADVANCED_FACE ( 'NONE', ( #326 ), #143, .F. ) ;
#2547 = EDGE_CURVE ( 'NONE', #2521, #89, #1643, .T. ) ;
#2548 = VERTEX_POINT ( 'NONE', #1077 ) ;
#2549 = AXIS2_PLACEMENT_3D ( 'NONE', #436, #1529, #1299 ) ;
#2550 = VERTEX_POINT ( 'NONE', #376 ) ;
#2551 = EDGE_CURVE ( 'NONE', #1907, #1008, #1134, .T. ) ;
#2552 = LINE ( 'NONE', #1829, #1747 ) ;
#2553 = CARTESIAN_POINT ( 'NONE',  ( -796.6881233438613208, 924.2151604516609495, 40.00000000000000000 ) ) ;
#2554 = ORIENTED_EDGE ( 'NONE', *, *, #2742, .T. ) ;
#2555 = DIRECTION ( 'NONE',  ( 1.000000000000000000, 0.000000000000000000, 0.000000000000000000 ) ) ;
#2556 = LINE ( 'NONE', #1596, #1412 ) ;
#2557 = DIRECTION ( 'NONE',  ( -0.000000000000000000, -0.000000000000000000, -1.000000000000000000 ) ) ;
#2558 = DIRECTION ( 'NONE',  ( -1.000000000000000000, -0.000000000000000000, -0.000000000000000000 ) ) ;
#2559 = VECTOR ( 'NONE', #1681, 1000.000000000000000 ) ;
#2560 = ORIENTED_EDGE ( 'NONE', *, *, #1609, .T. ) ;
#2561 = DIRECTION ( 'NONE',  ( 0.000000000000000000, 0.000000000000000000, 1.000000000000000000 ) ) ;
#2562 = ORIENTED_EDGE ( 'NONE', *, *, #1629, .T. ) ;
#2563 = EDGE_CURVE ( 'NONE', #923, #301, #2711, .T. ) ;
#2564 = AXIS2_PLACEMENT_3D ( 'NONE', #1958, #2872, #601 ) ;
#2565 = ORIENTED_EDGE ( 'NONE', *, *, #1683, .T. ) ;
#2566 = DIRECTION ( 'NONE',  ( 0.000000000000000000, 0.000000000000000000, 1.000000000000000000 ) ) ;
#2567 = DIRECTION ( 'NONE',  ( -1.000000000000000000, 0.000000000000000000, 0.000000000000000000 ) ) ;
#2568 = EDGE_LOOP ( 'NONE', ( #2299, #1401 ) ) ;
#2569 = VECTOR ( 'NONE', #1415, 1000.000000000000000 ) ;
#2570 = ADVANCED_FACE ( 'NONE', ( #1983 ), #1118, .T. ) ;
#2571 = CARTESIAN_POINT ( 'NONE',  ( -581.6881233438613208, 903.2151604516620864, 28.00000000000056488 ) ) ;
#2572 = CARTESIAN_POINT ( 'NONE',  ( -581.6881233438613208, 915.2151604516612906, 11.99999999999987033 ) ) ;
#2573 = ORIENTED_EDGE ( 'NONE', *, *, #297, .T. ) ;
#2574 = CARTESIAN_POINT ( 'NONE',  ( -796.6881233438613208, 924.2151604516609495, 0.000000000000000000 ) ) ;
#2575 = LINE ( 'NONE', #2839, #2569 ) ;
#2576 = CARTESIAN_POINT ( 'NONE',  ( -771.6618497436446660, 904.3151604516571069, 35.00000000000000000 ) ) ;
#2577 = CIRCLE ( 'NONE', #2527, 2.550000000000052225 ) ;
#2578 = EDGE_LOOP ( 'NONE', ( #66, #987, #1775, #2562 ) ) ;
#2579 = DIRECTION ( 'NONE',  ( 1.000000000000000000, 0.000000000000000000, 0.000000000000000000 ) ) ;
#2580 = VECTOR ( 'NONE', #515, 1000.000000000000000 ) ;
#2581 = VERTEX_POINT ( 'NONE', #1550 ) ;
#2582 = CARTESIAN_POINT ( 'NONE',  ( -752.3417919911629497, 847.8375698014356203, 40.00000000000000000 ) ) ;
#2583 = DIRECTION ( 'NONE',  ( -1.000000000000000000, -0.000000000000000000, -0.000000000000000000 ) ) ;
#2584 = ORIENTED_EDGE ( 'NONE', *, *, #2688, .F. ) ;
#2585 = CARTESIAN_POINT ( 'NONE',  ( -596.9303299049429370, 884.3151604516565385, 40.00000000000000000 ) ) ;
#2586 = ORIENTED_EDGE ( 'NONE', *, *, #379, .F. ) ;
#2587 = DIRECTION ( 'NONE',  ( -0.000000000000000000, -0.000000000000000000, -1.000000000000000000 ) ) ;
#2588 = ORIENTED_EDGE ( 'NONE', *, *, #2167, .T. ) ;
#2589 = EDGE_CURVE ( 'NONE', #2521, #1654, #2016, .T. ) ;
#2590 = FACE_OUTER_BOUND ( 'NONE', #2848, .T. ) ;
#2591 = DIRECTION ( 'NONE',  ( 3.382059365454163486E-15, 1.000000000000000000, -0.000000000000000000 ) ) ;
#2592 = CARTESIAN_POINT ( 'NONE',  ( -744.6881233438608660, 925.3151604516613133, 5.000000000000000000 ) ) ;
#2593 = CIRCLE ( 'NONE', #209, 15.00000000000001421 ) ;
#2594 = ORIENTED_EDGE ( 'NONE', *, *, #757, .T. ) ;
#2595 = CARTESIAN_POINT ( 'NONE',  ( -576.6881233438613208, 917.2151604516620864, 26.00000000000002132 ) ) ;
#2596 = DIRECTION ( 'NONE',  ( -0.000000000000000000, -0.000000000000000000, 1.000000000000000000 ) ) ;
#2597 = EDGE_LOOP ( 'NONE', ( #1895, #2525 ) ) ;
#2598 = ORIENTED_EDGE ( 'NONE', *, *, #2042, .F. ) ;
#2599 = DIRECTION ( 'NONE',  ( 1.000000000000000000, 0.000000000000000000, 0.000000000000000000 ) ) ;
#2600 = DIRECTION ( 'NONE',  ( -1.000000000000000000, 0.000000000000000000, 0.000000000000000000 ) ) ;
#2601 = ORIENTED_EDGE ( 'NONE', *, *, #1228, .F. ) ;
#2602 = LINE ( 'NONE', #1663, #964 ) ;
#2603 = VECTOR ( 'NONE', #2942, 1000.000000000000000 ) ;
#2604 = CARTESIAN_POINT ( 'NONE',  ( -639.1881233438608660, 948.3151604516710904, 0.000000000000000000 ) ) ;
#2605 = DIRECTION ( 'NONE',  ( 1.000000000000000000, 0.000000000000000000, 0.000000000000000000 ) ) ;
#2606 = EDGE_CURVE ( 'NONE', #824, #1378, #1599, .T. ) ;
#2607 = CARTESIAN_POINT ( 'NONE',  ( -678.6881233438632535, 832.2151604516614043, 22.74752059641041768 ) ) ;
#2608 = CARTESIAN_POINT ( 'NONE',  ( -752.3417919911629497, 862.8375698014356203, 0.000000000000000000 ) ) ;
#2609 = CARTESIAN_POINT ( 'NONE',  ( -752.3417919911629497, 847.8375698014356203, 5.000000000000000000 ) ) ;
#2610 = ORIENTED_EDGE ( 'NONE', *, *, #2752, .T. ) ;
#2611 = VERTEX_POINT ( 'NONE', #871 ) ;
#2612 = AXIS2_PLACEMENT_3D ( 'NONE', #1030, #2183, #2395 ) ;
#2613 = LINE ( 'NONE', #303, #2693 ) ;
#2614 = ORIENTED_EDGE ( 'NONE', *, *, #1995, .F. ) ;
#2615 = AXIS2_PLACEMENT_3D ( 'NONE', #2846, #2337, #1659 ) ;
#2616 = EDGE_LOOP ( 'NONE', ( #2181, #1729, #1073, #1257 ) ) ;
#2617 = CIRCLE ( 'NONE', #2799, 2.549999999999927436 ) ;
#2618 = CARTESIAN_POINT ( 'NONE',  ( -734.1881233438608660, 945.3151604516613133, 5.000000000000000000 ) ) ;
#2619 = ORIENTED_EDGE ( 'NONE', *, *, #243, .F. ) ;
#2620 = ORIENTED_EDGE ( 'NONE', *, *, #1905, .F. ) ;
#2621 = FACE_OUTER_BOUND ( 'NONE', #2911, .T. ) ;
#2622 = LINE ( 'NONE', #310, #142 ) ;
#2623 = DIRECTION ( 'NONE',  ( 0.000000000000000000, 0.000000000000000000, 1.000000000000000000 ) ) ;
#2624 = CARTESIAN_POINT ( 'NONE',  ( -734.1881233438608660, 977.3151604516610860, 0.000000000000000000 ) ) ;
#2625 = ADVANCED_FACE ( 'NONE', ( #2496 ), #1520, .F. ) ;
#2626 = VERTEX_POINT ( 'NONE', #2898 ) ;
#2627 = DIRECTION ( 'NONE',  ( -0.000000000000000000, -1.000000000000000000, -0.000000000000000000 ) ) ;
#2628 = DIRECTION ( 'NONE',  ( 0.000000000000000000, 0.000000000000000000, -1.000000000000000000 ) ) ;
#2629 = EDGE_CURVE ( 'NONE', #514, #1820, #405, .T. ) ;
#2630 = VECTOR ( 'NONE', #428, 1000.000000000000000 ) ;
#2631 = ORIENTED_EDGE ( 'NONE', *, *, #949, .T. ) ;
#2632 = APPLICATION_PROTOCOL_DEFINITION ( 'draft international standard', 'automotive_design', 1998, #2429 ) ;
#2633 = AXIS2_PLACEMENT_3D ( 'NONE', #854, #2224, #639 ) ;
#2634 = ORIENTED_EDGE ( 'NONE', *, *, #2202, .F. ) ;
#2635 = EDGE_LOOP ( 'NONE', ( #242, #2440 ) ) ;
#2636 = FACE_OUTER_BOUND ( 'NONE', #1887, .T. ) ;
#2637 = LINE ( 'NONE', #2882, #1845 ) ;
#2638 = DIRECTION ( 'NONE',  ( 0.000000000000000000, 0.000000000000000000, 1.000000000000000000 ) ) ;
#2639 = CARTESIAN_POINT ( 'NONE',  ( -678.6881233438632535, 829.2151604516614043, 22.74752059641041768 ) ) ;
#2640 = DIRECTION ( 'NONE',  ( 1.000000000000000000, 0.000000000000000000, 0.000000000000000000 ) ) ;
#2641 = CARTESIAN_POINT ( 'NONE',  ( -641.6881233438617755, 979.2151604516614043, 40.00000000000000000 ) ) ;
#2642 = AXIS2_PLACEMENT_3D ( 'NONE', #1708, #1930, #122 ) ;
#2643 = ADVANCED_FACE ( 'NONE', ( #1967 ), #2239, .F. ) ;
#2644 = DIRECTION ( 'NONE',  ( 0.000000000000000000, -1.000000000000000000, 0.000000000000000000 ) ) ;
#2645 = VERTEX_POINT ( 'NONE', #1999 ) ;
#2646 = FACE_OUTER_BOUND ( 'NONE', #2309, .T. ) ;
#2647 = ORIENTED_EDGE ( 'NONE', *, *, #2940, .T. ) ;
#2648 = EDGE_CURVE ( 'NONE', #386, #1159, #2039, .T. ) ;
#2649 = DIRECTION ( 'NONE',  ( 0.000000000000000000, 0.000000000000000000, 1.000000000000000000 ) ) ;
#2650 = DIRECTION ( 'NONE',  ( 0.000000000000000000, 0.000000000000000000, 1.000000000000000000 ) ) ;
#2651 = ORIENTED_EDGE ( 'NONE', *, *, #2326, .F. ) ;
#2652 = VECTOR ( 'NONE', #2701, 1000.000000000000000 ) ;
#2653 = DIRECTION ( 'NONE',  ( -0.5036999084910243063, -0.8638786964534627133, -0.000000000000000000 ) ) ;
#2654 = CARTESIAN_POINT ( 'NONE',  ( -731.6881233438608660, 979.2151604516614043, 40.00000000000000000 ) ) ;
#2655 = CARTESIAN_POINT ( 'NONE',  ( -641.0344546965593509, 847.8375698014352793, 22.50000000000000355 ) ) ;
#2656 = CARTESIAN_POINT ( 'NONE',  ( -791.6881233438613208, 903.2151604516620864, 28.00000000000056488 ) ) ;
#2657 = DIRECTION ( 'NONE',  ( -0.000000000000000000, -0.000000000000000000, -1.000000000000000000 ) ) ;
#2658 = LINE ( 'NONE', #1705, #1219 ) ;
#2659 = ORIENTED_EDGE ( 'NONE', *, *, #941, .T. ) ;
#2660 = ADVANCED_FACE ( 'NONE', ( #2438 ), #2467, .T. ) ;
#2661 = CIRCLE ( 'NONE', #499, 1.499999999999963141 ) ;
#2662 = ORIENTED_EDGE ( 'NONE', *, *, #2766, .T. ) ;
#2663 = DIRECTION ( 'NONE',  ( 1.000000000000000000, 0.000000000000000000, 0.000000000000000000 ) ) ;
#2664 = DIRECTION ( 'NONE',  ( 1.000000000000000000, 0.000000000000000000, 0.000000000000000000 ) ) ;
#2665 = VERTEX_POINT ( 'NONE', #427 ) ;
#2666 = AXIS2_PLACEMENT_3D ( 'NONE', #2301, #239, #1163 ) ;
#2667 = EDGE_CURVE ( 'NONE', #766, #465, #1181, .T. ) ;
#2668 = AXIS2_PLACEMENT_3D ( 'NONE', #656, #1566, #2483 ) ;
#2669 = DIRECTION ( 'NONE',  ( -0.000000000000000000, -0.000000000000000000, -1.000000000000000000 ) ) ;
#2670 = FACE_BOUND ( 'NONE', #1391, .T. ) ;
#2671 = VECTOR ( 'NONE', #2591, 1000.000000000000000 ) ;
#2672 = DIRECTION ( 'NONE',  ( 1.000000000000000000, 0.000000000000000000, -0.000000000000000000 ) ) ;
#2673 = DIRECTION ( 'NONE',  ( 0.000000000000000000, 0.000000000000000000, 1.000000000000000000 ) ) ;
#2674 = FACE_OUTER_BOUND ( 'NONE', #1473, .T. ) ;
#2675 = LINE ( 'NONE', #166, #889 ) ;
#2676 = CARTESIAN_POINT ( 'NONE',  ( -641.6881233438613208, 829.2151604516614043, 22.50000000000000355 ) ) ;
#2677 = VERTEX_POINT ( 'NONE', #1349 ) ;
#2678 = VERTEX_POINT ( 'NONE', #2211 ) ;
#2679 = CIRCLE ( 'NONE', #1946, 2.550000000000052225 ) ;
#2680 = VERTEX_POINT ( 'NONE', #611 ) ;
#2681 = FACE_OUTER_BOUND ( 'NONE', #1379, .T. ) ;
#2682 = DIRECTION ( 'NONE',  ( -1.000000000000000000, 0.000000000000000000, 0.000000000000000000 ) ) ;
#2683 = DIRECTION ( 'NONE',  ( -0.5036999084910300795, 0.8638786964534592716, -0.000000000000000000 ) ) ;
#2684 = ORIENTED_EDGE ( 'NONE', *, *, #851, .F. ) ;
#2685 = ADVANCED_FACE ( 'NONE', ( #1760 ), #214, .F. ) ;
#2686 = DIRECTION ( 'NONE',  ( 0.000000000000000000, 0.000000000000000000, -1.000000000000000000 ) ) ;
#2687 = LINE ( 'NONE', #2200, #114 ) ;
#2688 = EDGE_CURVE ( 'NONE', #110, #1838, #2730, .T. ) ;
#2689 = CARTESIAN_POINT ( 'NONE',  ( -791.6881233438613208, 903.2151604516620864, 28.00000000000056488 ) ) ;
#2690 = CARTESIAN_POINT ( 'NONE',  ( -776.4459167827790225, 884.3151604516569932, 5.000000000000000000 ) ) ;
#2691 = EDGE_LOOP ( 'NONE', ( #1577, #1185, #7, #2833, #2506 ) ) ;
#2692 = ORIENTED_EDGE ( 'NONE', *, *, #2551, .F. ) ;
#2693 = VECTOR ( 'NONE', #755, 1000.000000000000000 ) ;
#2694 = EDGE_LOOP ( 'NONE', ( #1756, #1399, #1716, #2620 ) ) ;
#2695 = CARTESIAN_POINT ( 'NONE',  ( -581.6881233438613208, 915.2151604516612906, 11.99999999999987033 ) ) ;
#2696 = DIRECTION ( 'NONE',  ( 0.000000000000000000, 0.000000000000000000, 1.000000000000000000 ) ) ;
#2697 = VERTEX_POINT ( 'NONE', #2453 ) ;
#2698 = DIRECTION ( 'NONE',  ( 0.000000000000000000, 0.000000000000000000, -1.000000000000000000 ) ) ;
#2699 = CARTESIAN_POINT ( 'NONE',  ( -771.6618497436446660, 904.3151604516571069, 5.000000000000000000 ) ) ;
#2700 = ADVANCED_FACE ( 'NONE', ( #906, #391 ), #1807, .T. ) ;
#2701 = DIRECTION ( 'NONE',  ( -1.000000000000000000, -0.000000000000000000, -0.000000000000000000 ) ) ;
#2702 = PLANE ( 'NONE',  #2456 ) ;
#2703 = ADVANCED_FACE ( 'NONE', ( #2958 ), #1404, .F. ) ;
#2704 = CARTESIAN_POINT ( 'NONE',  ( -581.6881233438613208, 901.2151604516615180, 16.55000000000039506 ) ) ;
#2705 = CARTESIAN_POINT ( 'NONE',  ( -641.6881233438613208, 894.2151604516614043, 5.000000000000000000 ) ) ;
#2706 = LINE ( 'NONE', #2250, #1848 ) ;
#2707 = VERTEX_POINT ( 'NONE', #25 ) ;
#2708 = ORIENTED_EDGE ( 'NONE', *, *, #2533, .T. ) ;
#2709 = ORIENTED_EDGE ( 'NONE', *, *, #734, .F. ) ;
#2710 = CARTESIAN_POINT ( 'NONE',  ( -771.6618497436446660, 904.3151604516571069, 40.00000000000000000 ) ) ;
#2711 = LINE ( 'NONE', #1581, #2126 ) ;
#2712 = CARTESIAN_POINT ( 'NONE',  ( -641.0344546965593509, 829.2184473247691585, 22.50000000000000355 ) ) ;
#2713 = ORIENTED_EDGE ( 'NONE', *, *, #2512, .F. ) ;
#2714 = EDGE_LOOP ( 'NONE', ( #1740, #1171 ) ) ;
#2715 = VECTOR ( 'NONE', #1869, 1000.000000000000000 ) ;
#2716 = FACE_OUTER_BOUND ( 'NONE', #1569, .T. ) ;
#2717 = CARTESIAN_POINT ( 'NONE',  ( -737.3417919911629497, 847.8375698014356203, 40.00000000000000000 ) ) ;
#2718 = AXIS2_PLACEMENT_3D ( 'NONE', #2023, #615, #2937 ) ;
#2719 = CARTESIAN_POINT ( 'NONE',  ( -641.6881233438613208, 894.2151604516614043, 5.000000000000000000 ) ) ;
#2720 = CARTESIAN_POINT ( 'NONE',  ( -773.8959167827790679, 884.3151604516569932, 5.000000000000000000 ) ) ;
#2721 = PRODUCT_DEFINITION_CONTEXT ( 'detailed design', #2429, 'design' ) ;
#2722 = EDGE_CURVE ( 'NONE', #1884, #1438, #928, .T. ) ;
#2723 = CARTESIAN_POINT ( 'NONE',  ( -621.0344546965593509, 847.8375698014351656, 5.000000000000000000 ) ) ;
#2724 = CARTESIAN_POINT ( 'NONE',  ( -796.6881233438613208, 915.2151604516612906, 11.99999999999987033 ) ) ;
#2725 = EDGE_LOOP ( 'NONE', ( #2845, #23 ) ) ;
#2726 = EDGE_CURVE ( 'NONE', #969, #2678, #1851, .T. ) ;
#2727 = VERTEX_POINT ( 'NONE', #967 ) ;
#2728 = DIRECTION ( 'NONE',  ( -0.5036999084910300795, 0.8638786964534592716, -0.000000000000000000 ) ) ;
#2729 = AXIS2_PLACEMENT_3D ( 'NONE', #1263, #128, #2854 ) ;
#2730 = LINE ( 'NONE', #629, #263 ) ;
#2731 = CARTESIAN_POINT ( 'NONE',  ( -796.6881233438613208, 903.2151604516620864, 25.45000000000056772 ) ) ;
#2732 = DIRECTION ( 'NONE',  ( 3.382059365454163486E-15, 1.000000000000000000, 0.000000000000000000 ) ) ;
#2733 = CARTESIAN_POINT ( 'NONE',  ( -599.1643969440772253, 904.3151604516566522, 35.00000000000000000 ) ) ;
#2734 = CARTESIAN_POINT ( 'NONE',  ( -731.6881233438607524, 829.2151604516614043, 5.000000000000000000 ) ) ;
#2735 = CARTESIAN_POINT ( 'NONE',  ( -791.6881233438613208, 901.2151604516615180, 16.55000000000039506 ) ) ;
#2736 = ORIENTED_EDGE ( 'NONE', *, *, #2328, .T. ) ;
#2737 = EDGE_CURVE ( 'NONE', #1115, #1014, #479, .T. ) ;
#2738 = ORIENTED_EDGE ( 'NONE', *, *, #1923, .F. ) ;
#2739 = CARTESIAN_POINT ( 'NONE',  ( -621.0344546965593509, 943.7927511018867790, 0.000000000000000000 ) ) ;
#2740 = FACE_OUTER_BOUND ( 'NONE', #808, .T. ) ;
#2741 = ORIENTED_EDGE ( 'NONE', *, *, #859, .T. ) ;
#2742 = EDGE_CURVE ( 'NONE', #2707, #836, #316, .T. ) ;
#2743 = DIRECTION ( 'NONE',  ( 1.000000000000000000, -3.382059365454163486E-15, 0.000000000000000000 ) ) ;
#2744 = DIRECTION ( 'NONE',  ( 1.000000000000000000, 0.000000000000000000, 0.000000000000000000 ) ) ;
#2745 = DIRECTION ( 'NONE',  ( 1.000000000000000000, 0.000000000000000000, 0.000000000000000000 ) ) ;
#2746 = AXIS2_PLACEMENT_3D ( 'NONE', #1501, #156, #1075 ) ;
#2747 = ORIENTED_EDGE ( 'NONE', *, *, #788, .T. ) ;
#2748 = ORIENTED_EDGE ( 'NONE', *, *, #2341, .F. ) ;
#2749 = DIRECTION ( 'NONE',  ( -0.000000000000000000, -0.000000000000000000, -1.000000000000000000 ) ) ;
#2750 = DIRECTION ( 'NONE',  ( -1.000000000000000000, 0.000000000000000000, 0.000000000000000000 ) ) ;
#2751 = ORIENTED_EDGE ( 'NONE', *, *, #9, .T. ) ;
#2752 = EDGE_CURVE ( 'NONE', #320, #642, #1183, .T. ) ;
#2753 = CARTESIAN_POINT ( 'NONE',  ( -734.1881233438608660, 948.3151604516663156, 5.000000000000000000 ) ) ;
#2754 = ORIENTED_EDGE ( 'NONE', *, *, #1050, .F. ) ;
#2755 = EDGE_CURVE ( 'NONE', #2355, #2297, #994, .T. ) ;
#2756 = AXIS2_PLACEMENT_3D ( 'NONE', #2572, #932, #703 ) ;
#2757 = AXIS2_PLACEMENT_3D ( 'NONE', #1255, #347, #577 ) ;
#2758 = ORIENTED_EDGE ( 'NONE', *, *, #1502, .F. ) ;
#2759 = ORIENTED_EDGE ( 'NONE', *, *, #384, .F. ) ;
#2760 = ORIENTED_EDGE ( 'NONE', *, *, #313, .T. ) ;
#2761 = PLANE ( 'NONE',  #2390 ) ;
#2762 = DIRECTION ( 'NONE',  ( 1.000000000000000000, 0.000000000000000000, 0.000000000000000000 ) ) ;
#2763 = FACE_OUTER_BOUND ( 'NONE', #589, .T. ) ;
#2764 = VECTOR ( 'NONE', #173, 1000.000000000000000 ) ;
#2765 = CARTESIAN_POINT ( 'NONE',  ( -796.6881233438613208, 924.2151604516609495, 5.000000000000000000 ) ) ;
#2766 = EDGE_CURVE ( 'NONE', #693, #779, #953, .T. ) ;
#2767 = CARTESIAN_POINT ( 'NONE',  ( -774.2118497436447342, 904.3151604516571069, 0.000000000000000000 ) ) ;
#2768 = DIRECTION ( 'NONE',  ( 1.000000000000000000, 0.000000000000000000, 0.000000000000000000 ) ) ;
#2769 = AXIS2_PLACEMENT_3D ( 'NONE', #961, #75, #1193 ) ;
#2770 = EDGE_CURVE ( 'NONE', #527, #2088, #229, .T. ) ;
#2771 = ORIENTED_EDGE ( 'NONE', *, *, #2328, .F. ) ;
#2772 = ORIENTED_EDGE ( 'NONE', *, *, #231, .F. ) ;
#2773 = DIRECTION ( 'NONE',  ( 1.000000000000000000, 0.000000000000000000, 0.000000000000000000 ) ) ;
#2774 = CARTESIAN_POINT ( 'NONE',  ( -771.6618497436446660, 904.3151604516571069, 35.00000000000000000 ) ) ;
#2775 = VERTEX_POINT ( 'NONE', #1630 ) ;
#2776 = DIRECTION ( 'NONE',  ( 0.000000000000000000, 0.000000000000000000, 1.000000000000000000 ) ) ;
#2777 = CYLINDRICAL_SURFACE ( 'NONE', #2189, 2.549999999999904787 ) ;
#2778 = AXIS2_PLACEMENT_3D ( 'NONE', #53, #2567, #561 ) ;
#2779 = DIRECTION ( 'NONE',  ( 1.000000000000000000, 0.000000000000000000, 0.000000000000000000 ) ) ;
#2780 = CYLINDRICAL_SURFACE ( 'NONE', #1284, 1.499999999999966693 ) ;
#2781 = EDGE_CURVE ( 'NONE', #655, #2485, #2552, .T. ) ;
#2782 = ORIENTED_EDGE ( 'NONE', *, *, #2363, .F. ) ;
#2783 = CARTESIAN_POINT ( 'NONE',  ( -576.6881233438613208, 901.2151604516615180, 11.45000000000058371 ) ) ;
#2784 = PRODUCT_DEFINITION_SHAPE ( 'NONE', 'NONE',  #731 ) ;
#2785 = VERTEX_POINT ( 'NONE', #493 ) ;
#2786 = CIRCLE ( 'NONE', #1448, 2.550000000000052225 ) ;
#2787 = ORIENTED_EDGE ( 'NONE', *, *, #134, .F. ) ;
#2788 = CYLINDRICAL_SURFACE ( 'NONE', #1514, 2.549999999999996714 ) ;
#2789 = CARTESIAN_POINT ( 'NONE',  ( -686.6881233438663230, 829.2151604516614043, 13.24752059641731705 ) ) ;
#2790 = CYLINDRICAL_SURFACE ( 'NONE', #2020, 1.499999999999966693 ) ;
#2791 = ORIENTED_EDGE ( 'NONE', *, *, #2742, .F. ) ;
#2792 = CARTESIAN_POINT ( 'NONE',  ( -686.6881233438565459, 832.2151604516614043, 29.24752059641355828 ) ) ;
#2793 = VERTEX_POINT ( 'NONE', #247 ) ;
#2794 = CARTESIAN_POINT ( 'NONE',  ( -796.6881233438613208, 915.2151604516612906, 14.54999999999988702 ) ) ;
#2795 = FACE_OUTER_BOUND ( 'NONE', #2436, .T. ) ;
#2796 = EDGE_LOOP ( 'NONE', ( #2288, #573 ) ) ;
#2797 = DIRECTION ( 'NONE',  ( 0.000000000000000000, 0.000000000000000000, -1.000000000000000000 ) ) ;
#2798 = VECTOR ( 'NONE', #1394, 1000.000000000000000 ) ;
#2799 = AXIS2_PLACEMENT_3D ( 'NONE', #218, #1095, #2698 ) ;
#2800 = EDGE_CURVE ( 'NONE', #2626, #2645, #2471, .T. ) ;
#2801 = DIRECTION ( 'NONE',  ( -0.000000000000000000, -1.000000000000000000, -0.000000000000000000 ) ) ;
#2802 = FACE_OUTER_BOUND ( 'NONE', #1866, .T. ) ;
#2803 = AXIS2_PLACEMENT_3D ( 'NONE', #1786, #1757, #1589 ) ;
#2804 = CYLINDRICAL_SURFACE ( 'NONE', #2289, 2.550000000000052225 ) ;
#2805 = ORIENTED_EDGE ( 'NONE', *, *, #1169, .F. ) ;
#2806 = DIRECTION ( 'NONE',  ( 0.000000000000000000, -1.000000000000000000, 0.000000000000000000 ) ) ;
#2807 = CARTESIAN_POINT ( 'NONE',  ( -640.5432896227066522, 977.2516948126657326, 5.000000000000000000 ) ) ;
#2808 = LINE ( 'NONE', #763, #1953 ) ;
#2809 = DIRECTION ( 'NONE',  ( 1.000000000000000000, 0.000000000000000000, 0.000000000000000000 ) ) ;
#2810 = AXIS2_PLACEMENT_3D ( 'NONE', #498, #1048, #814 ) ;
#2811 = AXIS2_PLACEMENT_3D ( 'NONE', #71, #1867, #741 ) ;
#2812 = ORIENTED_EDGE ( 'NONE', *, *, #837, .F. ) ;
#2813 = LINE ( 'NONE', #750, #1607 ) ;
#2814 = DIRECTION ( 'NONE',  ( 1.000000000000000000, 0.000000000000000000, -0.000000000000000000 ) ) ;
#2815 = ORIENTED_EDGE ( 'NONE', *, *, #1316, .T. ) ;
#2816 = ORIENTED_EDGE ( 'NONE', *, *, #2002, .F. ) ;
#2817 = LINE ( 'NONE', #322, #970 ) ;
#2818 = ORIENTED_EDGE ( 'NONE', *, *, #1739, .F. ) ;
#2819 = EDGE_CURVE ( 'NONE', #2062, #514, #2093, .T. ) ;
#2820 = CARTESIAN_POINT ( 'NONE',  ( -678.6881233438632535, 832.2151604516614043, 21.24752059641045321 ) ) ;
#2821 = ORIENTED_EDGE ( 'NONE', *, *, #1449, .F. ) ;
#2822 = DIRECTION ( 'NONE',  ( 0.000000000000000000, -1.000000000000000000, 0.000000000000000000 ) ) ;
#2823 = ORIENTED_EDGE ( 'NONE', *, *, #475, .T. ) ;
#2824 = EDGE_CURVE ( 'NONE', #103, #289, #1460, .T. ) ;
#2825 = CARTESIAN_POINT ( 'NONE',  ( -771.3459167827789997, 884.3151604516569932, 0.000000000000000000 ) ) ;
#2826 = DIRECTION ( 'NONE',  ( 0.000000000000000000, 0.000000000000000000, -1.000000000000000000 ) ) ;
#2827 = VERTEX_POINT ( 'NONE', #2290 ) ;
#2828 = EDGE_LOOP ( 'NONE', ( #1196, #1916 ) ) ;
#2829 = PRODUCT_CONTEXT ( 'NONE', #524, 'mechanical' ) ;
#2830 = DIRECTION ( 'NONE',  ( 0.000000000000000000, -1.000000000000000000, 0.000000000000000000 ) ) ;
#2831 = EDGE_LOOP ( 'NONE', ( #2584, #2139, #1918 ) ) ;
#2832 = LINE ( 'NONE', #1727, #219 ) ;
#2833 = ORIENTED_EDGE ( 'NONE', *, *, #430, .F. ) ;
#2834 = AXIS2_PLACEMENT_3D ( 'NONE', #1821, #2743, #2732 ) ;
#2835 = EDGE_CURVE ( 'NONE', #197, #338, #654, .T. ) ;
#2836 = DIRECTION ( 'NONE',  ( -1.000000000000000000, 0.000000000000000000, 0.000000000000000000 ) ) ;
#2837 = CARTESIAN_POINT ( 'NONE',  ( -641.6881233438617755, 989.2151604516615180, 0.000000000000000000 ) ) ;
#2838 = ADVANCED_FACE ( 'NONE', ( #2740 ), #2049, .F. ) ;
#2839 = CARTESIAN_POINT ( 'NONE',  ( -686.6881233438663230, 832.2151604516614043, 11.74752059641734725 ) ) ;
#2840 = FACE_OUTER_BOUND ( 'NONE', #13, .T. ) ;
#2841 = DIRECTION ( 'NONE',  ( -1.000000000000000000, 0.000000000000000000, 0.000000000000000000 ) ) ;
#2842 = ORIENTED_EDGE ( 'NONE', *, *, #2894, .F. ) ;
#2843 = CARTESIAN_POINT ( 'NONE',  ( -641.6881233438613208, 894.2151604516614043, 22.50000000000000355 ) ) ;
#2844 = AXIS2_PLACEMENT_3D ( 'NONE', #1908, #2853, #2649 ) ;
#2845 = ORIENTED_EDGE ( 'NONE', *, *, #2441, .T. ) ;
#2846 = CARTESIAN_POINT ( 'NONE',  ( -576.6881233438613208, 903.2151604516620864, 28.00000000000056488 ) ) ;
#2847 = LINE ( 'NONE', #810, #1354 ) ;
#2848 = EDGE_LOOP ( 'NONE', ( #388, #331, #591, #2812 ) ) ;
#2849 = DIRECTION ( 'NONE',  ( 1.000000000000000000, 0.000000000000000000, 0.000000000000000000 ) ) ;
#2850 = AXIS2_PLACEMENT_3D ( 'NONE', #1554, #1541, #910 ) ;
#2851 = EDGE_LOOP ( 'NONE', ( #393, #2403, #138 ) ) ;
#2852 = AXIS2_PLACEMENT_3D ( 'NONE', #843, #522, #2398 ) ;
#2853 = DIRECTION ( 'NONE',  ( -1.000000000000000000, 0.000000000000000000, 0.000000000000000000 ) ) ;
#2854 = DIRECTION ( 'NONE',  ( -1.000000000000000000, 0.000000000000000000, 0.000000000000000000 ) ) ;
#2855 = ORIENTED_EDGE ( 'NONE', *, *, #2858, .T. ) ;
#2856 = CARTESIAN_POINT ( 'NONE',  ( -599.4803299049428915, 884.3151604516565385, 35.00000000000000000 ) ) ;
#2857 = DIRECTION ( 'NONE',  ( -0.000000000000000000, -0.000000000000000000, -1.000000000000000000 ) ) ;
#2858 = EDGE_CURVE ( 'NONE', #2677, #70, #469, .T. ) ;
#2859 = DIRECTION ( 'NONE',  ( 0.000000000000000000, 0.000000000000000000, 1.000000000000000000 ) ) ;
#2860 = CARTESIAN_POINT ( 'NONE',  ( -581.6881233438613208, 917.2151604516620864, 23.45000000000009521 ) ) ;
#2861 = EDGE_CURVE ( 'NONE', #650, #2678, #1696, .T. ) ;
#2862 = AXIS2_PLACEMENT_3D ( 'NONE', #1289, #1107, #2916 ) ;
#2863 = ORIENTED_EDGE ( 'NONE', *, *, #1191, .T. ) ;
#2864 = CIRCLE ( 'NONE', #2532, 14.49999999999984723 ) ;
#2865 = AXIS2_PLACEMENT_3D ( 'NONE', #1097, #2908, #190 ) ;
#2866 = ORIENTED_EDGE ( 'NONE', *, *, #108, .T. ) ;
#2867 = CARTESIAN_POINT ( 'NONE',  ( -678.6881233438632535, 829.2151604516614043, 21.24752059641045321 ) ) ;
#2868 = CARTESIAN_POINT ( 'NONE',  ( -581.6881233438613208, 903.2151604516620864, 25.45000000000057838 ) ) ;
#2869 = ORIENTED_EDGE ( 'NONE', *, *, #837, .T. ) ;
#2870 = DIRECTION ( 'NONE',  ( 0.000000000000000000, 0.000000000000000000, -1.000000000000000000 ) ) ;
#2871 = CARTESIAN_POINT ( 'NONE',  ( -641.6881233438613208, 829.2151604516614043, 37.50000000000000000 ) ) ;
#2872 = DIRECTION ( 'NONE',  ( 0.000000000000000000, -1.000000000000000000, 0.000000000000000000 ) ) ;
#2873 = DIRECTION ( 'NONE',  ( -1.000000000000000000, 0.000000000000000000, 0.000000000000000000 ) ) ;
#2874 = EDGE_CURVE ( 'NONE', #2354, #2479, #1797, .T. ) ;
#2875 = DIRECTION ( 'NONE',  ( -1.000000000000000000, 0.000000000000000000, 0.000000000000000000 ) ) ;
#2876 = PRESENTATION_LAYER_ASSIGNMENT (  '', '', ( #2450 ) ) ;
#2877 = ORIENTED_EDGE ( 'NONE', *, *, #2781, .F. ) ;
#2878 = CIRCLE ( 'NONE', #168, 14.49999999999507239 ) ;
#2879 = ORIENTED_EDGE ( 'NONE', *, *, #1088, .F. ) ;
#2880 = ORIENTED_EDGE ( 'NONE', *, *, #2894, .T. ) ;
#2881 = DIRECTION ( 'NONE',  ( -0.000000000000000000, -0.000000000000000000, 1.000000000000000000 ) ) ;
#2882 = CARTESIAN_POINT ( 'NONE',  ( -651.0344546965594645, 811.1874040743415435, 22.50000000000000355 ) ) ;
#2883 = AXIS2_PLACEMENT_3D ( 'NONE', #1559, #1340, #2477 ) ;
#2884 = CARTESIAN_POINT ( 'NONE',  ( -581.6881233438613208, 903.2151604516620864, 30.55000000000055138 ) ) ;
#2885 = CARTESIAN_POINT ( 'NONE',  ( -581.6881233438613208, 917.2151604516620864, 26.00000000000002132 ) ) ;
#2886 = PLANE ( 'NONE',  #1891 ) ;
#2887 = FACE_OUTER_BOUND ( 'NONE', #2277, .T. ) ;
#2888 = CARTESIAN_POINT ( 'NONE',  ( -581.6881233438613208, 915.2151604516612906, 9.449999999999862510 ) ) ;
#2889 = DIRECTION ( 'NONE',  ( 1.000000000000000000, 0.000000000000000000, 0.000000000000000000 ) ) ;
#2890 = DIRECTION ( 'NONE',  ( 1.000000000000000000, 0.000000000000000000, 0.000000000000000000 ) ) ;
#2891 = ORIENTED_EDGE ( 'NONE', *, *, #274, .T. ) ;
#2892 = PLANE ( 'NONE',  #2906 ) ;
#2893 = EDGE_LOOP ( 'NONE', ( #2863, #2594, #833, #2651 ) ) ;
#2894 = EDGE_CURVE ( 'NONE', #885, #546, #1725, .T. ) ;
#2895 = VECTOR ( 'NONE', #408, 1000.000000000000000 ) ;
#2896 = FACE_OUTER_BOUND ( 'NONE', #2725, .T. ) ;
#2897 = ORIENTED_EDGE ( 'NONE', *, *, #2066, .T. ) ;
#2898 = CARTESIAN_POINT ( 'NONE',  ( -686.6881233438663230, 829.2151604516614043, 11.74752059641734725 ) ) ;
#2899 = PLANE ( 'NONE',  #2486 ) ;
#2900 = ORIENTED_EDGE ( 'NONE', *, *, #28, .F. ) ;
#2901 = CIRCLE ( 'NONE', #264, 2.550000000000052225 ) ;
#2902 = ADVANCED_FACE ( 'NONE', ( #809 ), #68, .F. ) ;
#2903 = CIRCLE ( 'NONE', #2564, 1.499999999999963141 ) ;
#2904 = DIRECTION ( 'NONE',  ( -0.000000000000000000, -0.000000000000000000, -1.000000000000000000 ) ) ;
#2905 = DIRECTION ( 'NONE',  ( 0.6050832675336360600, -0.7961621941230432320, 0.000000000000000000 ) ) ;
#2906 = AXIS2_PLACEMENT_3D ( 'NONE', #254, #49, #1861 ) ;
#2907 = EDGE_CURVE ( 'NONE', #1762, #974, #2282, .T. ) ;
#2908 = DIRECTION ( 'NONE',  ( 0.000000000000000000, 0.000000000000000000, 1.000000000000000000 ) ) ;
#2909 = CARTESIAN_POINT ( 'NONE',  ( -744.6881233438607524, 945.3151604516613133, 0.000000000000000000 ) ) ;
#2910 = LINE ( 'NONE', #418, #1113 ) ;
#2911 = EDGE_LOOP ( 'NONE', ( #1969, #2955, #1515, #2079 ) ) ;
#2912 = ORIENTED_EDGE ( 'NONE', *, *, #1277, .T. ) ;
#2913 = ORIENTED_EDGE ( 'NONE', *, *, #2835, .T. ) ;
#2914 = AXIS2_PLACEMENT_3D ( 'NONE', #2957, #184, #1549 ) ;
#2915 = DIRECTION ( 'NONE',  ( 0.000000000000000000, 0.000000000000000000, 1.000000000000000000 ) ) ;
#2916 = DIRECTION ( 'NONE',  ( 1.000000000000000000, 0.000000000000000000, 0.000000000000000000 ) ) ;
#2917 = ORIENTED_EDGE ( 'NONE', *, *, #28, .T. ) ;
#2918 = ADVANCED_FACE ( 'NONE', ( #2108 ), #287, .T. ) ;
#2919 = CARTESIAN_POINT ( 'NONE',  ( -636.0344546965593509, 862.8375698014351656, 5.000000000000000000 ) ) ;
#2920 = CYLINDRICAL_SURFACE ( 'NONE', #1330, 2.550000000000052225 ) ;
#2921 = CYLINDRICAL_SURFACE ( 'NONE', #924, 2.550000000000052225 ) ;
#2922 = ADVANCED_FACE ( 'NONE', ( #2369 ), #1902, .T. ) ;
#2923 = CARTESIAN_POINT ( 'NONE',  ( -796.6881233438613208, 903.2151604516620864, 28.00000000000056488 ) ) ;
#2924 = LINE ( 'NONE', #879, #2392 ) ;
#2925 = DIRECTION ( 'NONE',  ( 0.000000000000000000, 0.000000000000000000, -1.000000000000000000 ) ) ;
#2926 = EDGE_LOOP ( 'NONE', ( #1933, #21, #451, #306 ) ) ;
#2927 = AXIS2_PLACEMENT_3D ( 'NONE', #1894, #1053, #176 ) ;
#2928 = ORIENTED_EDGE ( 'NONE', *, *, #1016, .T. ) ;
#2929 = CIRCLE ( 'NONE', #880, 1.499999999999970024 ) ;
#2930 = VERTEX_POINT ( 'NONE', #754 ) ;
#2931 = FACE_BOUND ( 'NONE', #1147, .T. ) ;
#2932 = CARTESIAN_POINT ( 'NONE',  ( -651.0344546965594645, 811.1874040743415435, 37.50000000000000000 ) ) ;
#2933 = DIRECTION ( 'NONE',  ( 1.000000000000000000, 0.000000000000000000, 0.000000000000000000 ) ) ;
#2934 = VERTEX_POINT ( 'NONE', #321 ) ;
#2935 = ORIENTED_EDGE ( 'NONE', *, *, #1831, .T. ) ;
#2936 = EDGE_CURVE ( 'NONE', #822, #1646, #104, .T. ) ;
#2937 = DIRECTION ( 'NONE',  ( 0.000000000000000000, 0.000000000000000000, 1.000000000000000000 ) ) ;
#2938 = CYLINDRICAL_SURFACE ( 'NONE', #2261, 2.650000000000041211 ) ;
#2939 = VECTOR ( 'NONE', #1339, 1000.000000000000000 ) ;
#2940 = EDGE_CURVE ( 'NONE', #2385, #2350, #2474, .T. ) ;
#2941 = CARTESIAN_POINT ( 'NONE',  ( -651.0344546965593509, 847.8375698014352793, 22.50000000000000355 ) ) ;
#2942 = DIRECTION ( 'NONE',  ( -0.000000000000000000, -0.000000000000000000, -1.000000000000000000 ) ) ;
#2943 = ORIENTED_EDGE ( 'NONE', *, *, #874, .F. ) ;
#2944 = ORIENTED_EDGE ( 'NONE', *, *, #1351, .T. ) ;
#2945 = ORIENTED_EDGE ( 'NONE', *, *, #261, .T. ) ;
#2946 = CARTESIAN_POINT ( 'NONE',  ( -641.6881233438617755, 979.2151604516614043, 40.00000000000000000 ) ) ;
#2947 = DIRECTION ( 'NONE',  ( -0.000000000000000000, -0.000000000000000000, -1.000000000000000000 ) ) ;
#2948 = AXIS2_PLACEMENT_3D ( 'NONE', #112, #1246, #531 ) ;
#2949 = FACE_BOUND ( 'NONE', #1139, .T. ) ;
#2950 = CARTESIAN_POINT ( 'NONE',  ( -734.1881233438608660, 945.3151604516613133, 0.000000000000000000 ) ) ;
#2951 = FACE_BOUND ( 'NONE', #2332, .T. ) ;
#2952 = EDGE_CURVE ( 'NONE', #686, #2550, #2901, .T. ) ;
#2953 = DIRECTION ( 'NONE',  ( 1.000000000000000000, -0.000000000000000000, -0.000000000000000000 ) ) ;
#2954 = CARTESIAN_POINT ( 'NONE',  ( -752.3417919911629497, 847.8375698014356203, 0.000000000000000000 ) ) ;
#2955 = ORIENTED_EDGE ( 'NONE', *, *, #1748, .T. ) ;
#2956 = EDGE_CURVE ( 'NONE', #1863, #1344, #1328, .T. ) ;
#2957 = CARTESIAN_POINT ( 'NONE',  ( -641.6881233438613208, 894.2151604516614043, 0.000000000000000000 ) ) ;
#2958 = FACE_OUTER_BOUND ( 'NONE', #2347, .T. ) ;
#2959 = CIRCLE ( 'NONE', #1015, 2.550000000000006928 ) ;
#2960 = CARTESIAN_POINT ( 'NONE',  ( -639.1881233437811716, 977.3151604516611997, 5.000000000000000000 ) ) ;
#2961 = ORIENTED_EDGE ( 'NONE', *, *, #1004, .F. ) ;
ENDSEC;
END-ISO-10303-21;
